raw	permuted
10010001101011110101110110010110000100110110010010010011	01101110111001100000100000001010011000101101010111110111
10010001101011110101110100010110000100110110010010011011	01101110110001100000100000001010011100101101010111110111
10010001101011110101110101010110000100010110010010011011	01101110110000100000100000001011011100101101010111110111
10010001101111110101110110010110000100111110010010011011	01101110111001100000110000001010011100101101011111110111
10010001101011110101110110010110000100110010010010011011	01100110111001100000100000001010011100101101010111110111
10010001101011110101110110010110000110110110010010011011	01101110111001100000100000001010011100101101110111110111
10010101101011110101110110010110000100110010010010011011	01100110111001100000100100001010011100101101010111110111
10010001101011110101110010010110000100110110010010111011	01101110111001100001100000001010011100101101010111010111
10000001111011110101110110010110000100110111010010111011	01101101111001100001100000001010011100101111010111110111
11010101101011110101110110010110000100110110010010011011	01101110111001100100100100001010011100101101010111110111
10010001101011110001110110010110000100110110010010010011	01101110111001100000100000001010011000101100010111110111
10010011101011110101110110010110000100110110010010011011	01101110111001100000100000001110011100101101010111110111
10010001101011110101110110010110001100110110011010011011	11101110111001100000100001001010011100101101010111110111
10010001101000110101110110010110000100110110011011010010	11001110101001100000100000001010010000101101010111111111
10010001101011110101110110010110000100110111010010011011	01101111111001100000100000001010011100101101010111110111
10010001101011010101110110010110000100110110010010011010	01101110101001100000100000000010011100101101010111110111
10010001101011110101110110010110010110110110011010011011	11101110111001110000100000001010011100101101110111110111
10010001101011010101110110010110000100110110010010011011	01101110111001100000100000000010011100101101010111110111
10010001101011110101110111110110000100110110010010011011	01101110111101100000100000001011011100101101010111110111
10010101101011110101110111011110000100110110010010011011	01101110111011100000100100001011011100101101010111110111
10010001101010110100111110011110000100110110010010011011	01101110111011100000100000001010010101101101010110110111
10010001101111110101110110010110001100010110000010011011	01101110111000100000110001001010011100101101010111100111
10010001101011110101110110010110000100110110010010011011	01101110111001100000100000001010011100101101010111110111
10010001101011100101110110010110000100110110010010010011	01101110111001100000100000001010011000101101000111110111
10010001101011110101110110010110000100110110010000011011	01101110111001100000100000001010011100101101010011110111
10010001101011110101110110010010000100110110010000011011	00101110111001100000100000001010011100101101010011110111
10010000101011110101110110010110000100110110010010011011	01101010111001100000100000001010011100101101010111110111
10010101101011110101110110010110000100100110010010011001	01101110011001100000100100001010001100101101010111110111
10010001101111110101110110110110000100110110010010011011	01101110111101100000110000001010011100101101010111110111
10010000101111110101110110010110001100110110010010111011	01101010111001100001110001001010011100101101010111110111
10010001101011110001110110011110000100110110010010011011	01101110111011100000100000001010011100101100010111110111
10010001001011110101110110010110000110100100010010011011	01101110111001100000100000001010001100101001110111110110
10010011101011110001110110010110000100110111010010011011	01101111111001100000100000001110011100101100010111110111
10010001101011110001110110010110000100110110010010011011	01101110111001100000100000001010011100101100010111110111
10010001101011110111110100010110001100100110010010001111	01101110110001101000100001001010001110100101010111110111
10010011011011110101110110110110000110110110010010011011	01101110111101100000100000001110011100101011110111110111
10010001101011110101110110010110000100110110010010011011	01101110111001100000100000001010011100101101010111110111
10010001101011110101110111010110000100110110010010011011	01101110111001100000100000001011011100101101010111110111
10010001101011110101110110011111000100110110010010011011	01111110111011100000100000001010011100101101010111110111
10010001101011110101110110010110000100110110010010001011	01101110111001100000100000001010011100100101010111110111
10010001101001110101110110010110000110110110010010011011	01001110111001100000100000001010011100101101110111110111
10000001101011110101110110010110000110110110010010011111	01101100111001100000100000001010011110101101110111110111
10010001101011110101110110010110000000110110010010011011	01101110111001100000100000001010011100101101010111110101
10010000101011100101110110010110000101110111010010101011	01101011111001100001100000101010011100100101000111110111
10010001101011110101110110010110010100110110010010011011	01101110111001110000100000001010011100101101010111110111
10010001101011110000110110010110000100110110010010011011	01101110111001100000100000001010011100101100010110110111
10010001111011110111100110010110000100110110010011011011	01101110111001001000100000001010011100101111010111111111
10010001101011110101110110010111000100110110010010111010	01111110101001100001100000001010011100101101010111110111
10010001101011110101110110110110000100110110010010011011	01101110111101100000100000001010011100101101010111110111
10011001101001110101110110010110000100110100010010011011	01001110111001100010100000001010011100101101010111110110
10010001001011110101110010011110000000110110010010011011	01101110111011100000100000001010011100101001010111010101
10010001101011010101110110010110000100110110010010011011	01101110111001100000100000000010011100101101010111110111
10010011101011111101110110010110000100110110010010011011	01101110111001100000101000001110011100101101010111110111
10010101101011111101110110000110000100100110010010001011	01101110111001100000101100001010001100100101010111110011
10010001101011110101110110010110000100110010010010011010	01100110101001100000100000001010011100101101010111110111
10010101101011110101110110010110000100110110010010001011	01101110111001100000100100001010011100100101010111110111
10010001101011110101110110010110000100110111010010011011	01101111111001100000100000001010011100101101010111110111
10010001101011110101110100010110000100110110010010011011	01101110110001100000100000001010011100101101010111110111
10010001101011110101100110000110000100111110010010010011	01101110111001000000100000001010011000101101011111110011
00010001101011110101110110010110000100110110010010011011	01101110111001100000000000001010011100101101010111110111
00110001101011110101110110010110000100110100010010011011	01101110111001100000000000001010111100101101010111110110
10010101101001100101110110010110000100110110010010011011	01001110111001100000100100001010011100101101000111110111
00010001101011111101110111011110000100110110010010011011	01101110111011100000001000001011011100101101010111110111
10010001101011110101110110010110000100100110010010011011	01101110111001100000100000001010001100101101010111110111
10010001101011110101110110010110000100110110010010011011	01101110111001100000100000001010011100101101010111110111
10010001101011110101110110010110000100110110010010011011	01101110111001100000100000001010011100101101010111110111
10010001101011110101100110010110000100111110001110011011	11101110111001000000100000001010011100111101011111100111
10010001101011111101110110010110000100110110010010011011	01101110111001100000101000001010011100101101010111110111
10010001101011110101110110010110000000110110010010011011	01101110111001100000100000001010011100101101010111110101
10010001101011110101110110000110100100110110010010011011	01101110111001100000100000011010011100101101010111110011
10010001101011110101110110010110000100110110010010011011	01101110111001100000100000001010011100101101010111110111
10010001101011110101110110010110000100110110010010011111	01101110111001100000100000001010011110101101010111110111
10010001101001110101110110010110000100110110000010011011	01001110111001100000100000001010011100101101010111100111
10010001101011110101010110010110000100110010010010011110	01100110101001100000100000001000011110101101010111110111
10010001101011110101110110010110000100110010010000001111	01100110111001100000100000001010011110100101010011110111
11010001101011110101110110010110000100110110010010010011	01101110111001100100100000001010011000101101010111110111
10010001101011110101110110010110000100110110010010011011	01101110111001100000100000001010011100101101010111110111
10010000101011110101110110010110000100110100010010011011	01101010111001100000100000001010011100101101010111110110
10010001101011110101110110010110000100110111010010011011	01101111111001100000100000001010011100101101010111110111
10010001101011110101110110010110000100010100010010011011	01101110111000100000100000001010011100101101010111110110
10010001001011110001110110011110000100110110010010011011	01101110111011100000100000001010011100101000010111110111
10010001101011110111110110010111000100110110010010011011	01111110111001101000100000001010011100101101010111110111
10000001100010110101110110000110000100110110010010011011	01101100111001100000100000001010010100001101010111110011
10010001101011010101110110010110001101110110010010011011	01101110111001100000100001100010011100101101010111110111
10010001101010110101110110010110000100110110010010011011	01101110111001100000100000001010010100101101010111110111
10010001101011110101110110010110000100110110011010011011	11101110111001100000100000001010011100101101010111110111
10010001111010110110110110010110000100110110010010011011	01101110111001101000100000001010010100101111010110110111
10000001101011110101110110010110000100110111010110011011	01101101111001100000100000001010011100111101010111110111
10010001101011110101110110010010100100110110010110011011	00101110111001100000100000011010011100111101010111110111
10010001101011100101110110010110000100110110010110011011	01101110111001100000100000001010011100111101000111110111
10010001101011110101110110010110000100110110010000010011	01101110111001100000100000001010011000101101010011110111
10010001101011110101110110010110000100110110010000011011	01101110111001100000100000001010011100101101010011110111
10010001101011110101110110001110000100110110010010011011	01101110111011100000100000001010011100101101010111110011
00010001101011110101110110010110000100110110111010011011	11101110111001100000000010001010011100101101010111110111
10010001101011110101110110010110000100110110010011011011	01101110111001100000100000001010011100101101010111111111
00010001100011110101110110010110000100110100010010000011	01101110111001100000000000001010011000000101010111110110
10010001101010110101110010010110000100110110010010011010	01101110101001100000100000001010010100101101010111010111
10010011101011110100110110010110000100110110010010011011	01101110111001100000100000001110011100101101010110110111
10010001101111110101110110010110000100010110010010010011	01101110111000100000110000001010011000101101010111110111
10010001101011110101110110010110000100110110010010011011	01101110111001100000100000001010011100101101010111110111
00010001101011110101100110010110001100110110010010011011	01101110111001000000000001001010011100101101010111110111
10010001101011110101110110010110000100110110000010011011	01101110111001100000100000001010011100101101010111100111
10010001101011110001110110010110000100110100110010011011	01101110111001100000100010001010011100101100010111110110
10010001100011110101110110010111000000110110010010011011	01111110111001100000100000001010011100001101010111110101
10010001101011110101110010010111000000110110011010010011	11111110111001100000100000001010011000101101010111010101
10010001101011110101010110100110000100110110010000111010	01101110101101100001100000001000011100101101010011110011
10110001101011110001110100010110000100110110010010011011	01101110110001100000100000001010111100101100010111110111
10010001101011110101110110010110000100110110010010011011	01101110111001100000100000001010011100101101010111110111
10010001101001110001110010010110000100110110010010011011	01001110111001100000100000001010011100101100010111010111
10010001101011110101110110010101000100110010010010011011	01110110111001100000100000001010011100101101010101110111
10010001101110111101111110010110000100110110010010011011	01101110111001100000111000001010010101101101010111110111
10010001101011110001110100010110000100110110010010010011	01101110110001100000100000001010011000101100010111110111
10010001101011110101110110010110000100110110010010011011	01101110111001100000100000001010011100101101010111110111
10010001101011110101110110010110010100110111010010011011	01101111111001110000100000001010011100101101010111110111
10010001101011110101110010010110000100110110010010111011	01101110111001100001100000001010011100101101010111010111
10010001101011110101110010010110000100110110010010011011	01101110111001100000100000001010011100101101010111010111
10010001101011110101110111010010000100110110011010011011	10101110111001100000100000001011011100101101010111110111
10000001101011110101111110010100100100110110010010011011	01101100111001100000100000011010011101101101010101110111
10010001101011110001110110010110000100110110010010011011	01101110111001100000100000001010011100101100010111110111
10010001101111110101110110010110000100110110010010011011	01101110111001100000110000001010011100101101010111110111
10010001101011110101110110010110000110110110010010011011	01101110111001100000100000001010011100101101110111110111
10010001111011110101110110010110010100110110010010011011	01101110111001110000100000001010011100101111010111110111
10010001101011110101110110010010000101110110010010011011	00101110111001100000100000101010011100101101010111110111
10010001101011110101110110010110010100110100010010011011	01101110111001110000100000001010011100101101010111110110
10010001101011110101110110011110000100110110010010011011	01101110111011100000100000001010011100101101010111110111
10010000101111110101110110010110000100110110010010011011	01101010111001100000110000001010011100101101010111110111
10010001101011110101110110010110000100110110000010011001	01101110011001100000100000001010011100101101010111100111
10010001101011110101010110010110000100110110010010011011	01101110111001100000100000001000011100101101010111110111
10010001101011110101110000010100000100110110010010011011	01101110110001100000100000001010011100101101010101010111
10010001100011110101110110000110010100110110010010011011	01101110111001110000100000001010011100001101010111110011
10010001101011110101110110010110000100110110010010011011	01101110111001100000100000001010011100101101010111110111
10110001101011110101110110010110000100110110110110111011	01101110111001100001100010001010111100111101010111110111
10010001101011110101110110010110000100110110010010011011	01101110111001100000100000001010011100101101010111110111
10010000101011110101110110010110001100110110110010011011	01101010111001100000100011001010011100101101010111110111
10010001101011110101110110010110000100110110010010011001	01101110011001100000100000001010011100101101010111110111
10010001101011110101110110010110000110100110010000011011	01101110111001100000100000001010001100101101110011110111
10010001101011110101110110010111000100110110010010011011	01111110111001100000100000001010011100101101010111110111
10010001101011110101110110010110000100110110011010011011	11101110111001100000100000001010011100101101010111110111
10010001101011111101100111010110000000110110010010011011	01101110111001000000101000001011011100101101010111110101
11010001001001110101110110000110000100110110010010011011	01001110111001100100100000001010011100101001010111110011
10010000101011110101110110110110100100110110010010011011	01101010111101100000100000011010011100101101010111110111
10010001101001110001110110010110000100110110010010111011	01001110111001100001100000001010011100101100010111110111
10010001101011110101110110110110000100110110010010011011	01101110111101100000100000001010011100101101010111110111
10010101101011110101110110010110000100010110010010011010	01101110101000100000100100001010011100101101010111110111
10000001101011110101110110010110000101110110010010011011	01101100111001100000100000101010011100101101010111110111
10010001101011110101110110011110011100110110010010011011	01101110111011110000100001001010011100101101010111110111
10010001101011110101110110011110000100110010010011011011	01100110111011100000100000001010011100101101010111111111
10010001101011110101110110010110000100111110010010011011	01101110111001100000100000001010011100101101011111110111
10010001101011110101110110010110000100110110010010011011	01101110111001100000100000001010011100101101010111110111
10010001101011100101100110010110000100110110010010011111	01101110111001000000100000001010011110101101000111110111
10010001101011110101110110010110000100110110010010011011	01101110111001100000100000001010011100101101010111110111
10010001101011110001110100010110000100110110010010011011	01101110110001100000100000001010011100101100010111110111
10010001101011110111110110010100000100100110010010010011	01101110111001101000100000001010001000101101010101110111
10010001101011110101110110010110000100110110011011001011	11101110111001100000100000001010011100100101010111111111
10010001101011110101110110010110000100110110010011011011	01101110111001100000100000001010011100101101010111111111
10010001101010110101110111000110000100110110010010011011	01101110111001100000100000001011010100101101010111110011
10010001101011110101110110010110000100110110010010011011	01101110111001100000100000001010011100101101010111110111
10010001101011111111110110010110000110101110000010011011	01101110111001101000101000001010001100101101111111100111
10010001101011110101110010010110000100110110010010011011	01101110111001100000100000001010011100101101010111010111
10010001101011110101110110000110000100110110010010011011	01101110111001100000100000001010011100101101010111110011
10010001101011110101110110010110000110110110010010011011	01101110111001100000100000001010011100101101110111110111
10011001101011110101110110010110000100110110010010011011	01101110111001100010100000001010011100101101010111110111
10010001101011110101110110010110000110110110010011011111	01101110111001100000100000001010011110101101110111111111
10111001111011110101111110010110000100110110010010011011	01101110111001100010100000001010111101101111010111110111
10010001101011110101110110010110000100110110010010011011	01101110111001100000100000001010011100101101010111110111
10010001101011100101110110110110000100110110010010011011	01101110111101100000100000001010011100101101000111110111
10010001101011110101110110010110000100110110010010011011	01101110111001100000100000001010011100101101010111110111
10010001111011110111100110010110100100110110000000011011	01101110111001001000100000011010011100101111010011100111
10010001101011110101110110010110110100110110010010011011	01101110111001110000100000011010011100101101010111110111
10010001101011110101110110010010000100110110110010011011	00101110111001100000100010001010011100101101010111110111
10010001101011110101110110010010000100110110010010011011	00101110111001100000100000001010011100101101010111110111
10010001111011110101110110010110001110010110010010011011	01101110111000100000100001001010011100101111110111110111
10010000101011110101110110010110000100110010010010011011	01100010111001100000100000001010011100101101010111110111
10010101101011100101110110010110100000110110010010111011	01101110111001100001100100011010011100101101000111110101
10010001101011110100110010010110000100110110110010011011	01101110111001100000100010001010011100101101010110010111
11010001101111110101110110010110000100110110010000011111	01101110111001100100110000001010011110101101010011110111
10010001101011110100110110010110000101110110010010011011	01101110111001100000100000101010011100101101010110110111
10010001101011110101110110010110000100110110010010011011	01101110111001100000100000001010011100101101010111110111
10010001101011110101110100010110000110110100010010011011	01101110110001100000100000001010011100101101110111110110
10010101101011111101110110010110000101110110010010011011	01101110111001100000101100101010011100101101010111110111
10010001101011110101110110010110000100110110010010011011	01101110111001100000100000001010011100101101010111110111
10011001101001110101110110010110000100110111010010011011	01001111111001100010100000001010011100101101010111110111
10010001101011110101110111010110000100010110010010011011	01101110111000100000100000001011011100101101010111110111
10010001101011110101110110010110000100110110010000111011	01101110111001100001100000001010011100101101010011110111
10010001001011111101110110010110000100110110010010011011	01101110111001100000101000001010011100101001010111110111
10010001101011110101110110010110000100110111000010011011	01101111111001100000100000001010011100101101010111100111
10011001101011000101110110010110000100110110010010010001	01101110011001100010100000000010011000101101000111110111
10110000001111110101110110110110000100110110000010011011	01101010111101100000110000001010111100101001010111100111
10010001101011110101110000010100100100110110010010011011	01101110110001100000100000011010011100101101010101010111
11010001101011010101110110010110000100110110010000011010	01101110101001100100100000000010011100101101010011110111
10010001101011110101110110010110000100110110010010011011	01101110111001100000100000001010011100101101010111110111
10010011111011110111110110010110000101110110000010011011	01101110111001101000100000101110011100101111010111100111
10010001101001110101110110010110000100110110110010011011	01001110111001100000100010001010011100101101010111110111
10010001101011110101110100010010000100110110010011011111	00101110110001100000100000001010011110101101010111111111
10010001101011110100110110110110000100110110010010011011	01101110111101100000100000001010011100101101010110110111
00010001101011110101110110010110000100110110010010011011	01101110111001100000000000001010011100101101010111110111
10010001101011110101110110010110000100110110010010011011	01101110111001100000100000001010011100101101010111110111
10010001101011110101110110010110000100110110010010011011	01101110111001100000100000001010011100101101010111110111
10011001101011110101110110010100000100100111010010011011	01101111111001100010100000001010001100101101010101110111
10010001101011110101110110011110000100110110010010011001	01101110011011100000100000001010011100101101010111110111
10010001101011110101110110010110000100110110010000011001	01101110011001100000100000001010011100101101010011110111
10110001101011110101110110010101000100110110010010011011	01111110111001100000100000001010111100101101010101110111
10010001101111110101111110010110000110110110010010011011	01101110111001100000110000001010011101101101110111110111
10010001101011110101110110010110000100110110110010011011	01101110111001100000100010001010011100101101010111110111
00010001101011110101110100010110000100110110010010011011	01101110110001100000000000001010011100101101010111110111
10010001001011110111110110011110000110110110010010011111	01101110111011101000100000001010011110101001110111110111
11010011101011111101110110010110000100110110010010011011	01101110111001100100101000001110011100101101010111110111
10010001101011110101110110000010000100110110010011011011	00101110111001100000100000001010011100101101010111111011
00010001101011110101110110010110000100110110010011111011	01101110111001100001000000001010011100101101010111111111
00010001101011110111110110010110000100110110010010011011	01101110111001101000000000001010011100101101010111110111
10010001101011110101110110010110000100110110010010011011	01101110111001100000100000001010011100101101010111110111
10010000101011110101110110010110000100100110010010011011	01101010111001100000100000001010001100101101010111110111
10010000101011110101110110010110000100110110010010011011	01101010111001100000100000001010011100101101010111110111
10010001101011110001110111010110000100110110110010011011	01101110111001100000100010001011011100101100010111110111
10010101101011110111110110010100001110110110010010011011	01101110111001101000100101001010011100101101110101110111
10010001101011110101110110010110000100110110010010011011	01101110111001100000100000001010011100101101010111110111
10010001001011110001110110010110001100110110010110011011	01101110111001100000100001001010011100111000010111110111
10010001101011110101110110010010000100110110110010011011	00101110111001100000100010001010011100101101010111110111
10010001101011110101110110010110000100110110010010011011	01101110111001100000100000001010011100101101010111110111
10000001101011110101110111010110000100110110010010011011	01101100111001100000100000001011011100101101010111110111
10010001101011110101110110010110000100110110010010011011	01101110111001100000100000001010011100101101010111110111
10010001101011110101010110010110000100110110010001011011	01101110111001100000100000001000011100101101010011111111
10010001111011110101110110010110000100110110010010011011	01101110111001100000100000001010011100101111010111110111
10010001101011110101110110010110000100110110010010011011	01101110111001100000100000001010011100101101010111110111
11010001101011110101110110010110000100110110010010011011	01101110111001100100100000001010011100101101010111110111
10010001101011110111110110010110000100110110010010011011	01101110111001101000100000001010011100101101010111110111
10010001101011110101110110010110000100110110011010011011	11101110111001100000100000001010011100101101010111110111
10010001101011110001110010010110000100110110010010011011	01101110111001100000100000001010011100101100010111010111
10010001101011110101110110010110000100110110010010011001	01101110011001100000100000001010011100101101010111110111
10010001101011110101110110010110100100110110010010011011	01101110111001100000100000011010011100101101010111110111
10010001101011110101110110010110000101110110010010011011	01101110111001100000100000101010011100101101010111110111
10010001101001110101110110010110001100110110010010011011	01001110111001100000100001001010011100101101010111110111
10010011101011110111110110010110000100110110010010011011	01101110111001101000100000001110011100101101010111110111
10010001111011110101110110000110000100110110010010011011	01101110111001100000100000001010011100101111010111110011
10010001101001110101110110010110000100110110010010011011	01001110111001100000100000001010011100101101010111110111
10110001101011110101110110010110000100110110010010011011	01101110111001100000100000001010111100101101010111110111
10010001100011110101110110010100000100110000010010011011	01100110111001100000100000001010011100001101010101110110
10010001101011010000110110010110000100100110010010011011	01101110111001100000100000000010001100101100010110110111
10111001101011110101110110010110000100110110010010011011	01101110111001100010100000001010111100101101010111110111
10010101101011110101110110010110000000110110011010011011	11101110111001100000100100001010011100101101010111110101
10010001101011110101110110110110000100110110010010011011	01101110111101100000100000001010011100101101010111110111
10010001101011110101110110011110000100110110010010011111	01101110111011100000100000001010011110101101010111110111
10010001101011110101110110010100000100110110010010011011	01101110111001100000100000001010011100101101010101110111
10010001101011110101110110010110000100110110010010011011	01101110111001100000100000001010011100101101010111110111
10010001101011100101110110010110000100110110010010011011	01101110111001100000100000001010011100101101000111110111
10010001101011110101110010010110000100110110010010011011	01101110111001100000100000001010011100101101010111010111
01010001101011110001111110011110000100110110010010011011	01101110111011100100000000001010011101101100010111110111
10010001111011110101110110010110000100110110010010001011	01101110111001100000100000001010011100100111010111110111
10010000101011110101110110110110000100110110010010011011	01101010111101100000100000001010011100101101010111110111
10010001101011110101110110010110000101110111010010011011	01101111111001100000100000101010011100101101010111110111
10010001001011110101110110010010010000110110010000011011	00101110111001110000100000001010011100101001010011110101
10010001101011110101110110010110000100110110000010010011	01101110111001100000100000001010011000101101010111100111
10010011101011110101110110010110000100110110010010011011	01101110111001100000100000001110011100101101010111110111
10010001101011100101110110010110000100110110000010011011	01101110111001100000100000001010011100101101000111100111
10010001111011110101110110010111000100110110010000011001	01111110011001100000100000001010011100101111010011110111
00010001101011010111110110010100000100110110010010011011	01101110111001101000000000000010011100101101010101110111
10010001101011110101110110010110000100110110010010011011	01101110111001100000100000001010011100101101010111110111
10010001101010110101110110010110000100110110010010011011	01101110111001100000100000001010010100101101010111110111
10010001101011110101111110010110000100110111010110011011	01101111111001100000100000001010011101111101010111110111
10010001101011110101110110010110000101110110010010011011	01101110111001100000100000101010011100101101010111110111
10010001101011110101110110010110000100110110011010011011	11101110111001100000100000001010011100101101010111110111
10010001101011110101111100010100000100110110010010011011	01101110110001100000100000001010011101101101010101110111
10010001101011110101010110010100000000110110011010011011	11101110111001100000100000001000011100101101010101110101
10010001101011110101110110010110000100110110010110011011	01101110111001100000100000001010011100111101010111110111
10010001101011110101110110010010000100111110010010011011	00101110111001100000100000001010011100101101011111110111
00010001101011110101110110010110000100110100010010011011	01101110111001100000000000001010011100101101010111110110
10010011101011110101110011010110000100110110010010011011	01101110111001100000100000001111011100101101010111010111
10010001101011110101110110010110010100110110010010011011	01101110111001110000100000001010011100101101010111110111
10110001101011010101110110010110000100110010010010011011	01100110111001100000100000000010111100101101010111110111
10010001101011110101110110010110000100110110011010011010	11101110101001100000100000001010011100101101010111110111
10010001101011110101110110010010000100110110010010011011	00101110111001100000100000001010011100101101010111110111
10010001101111110101110110010110000100110110010010011011	01101110111001100000110000001010011100101101010111110111
10010001111001110101110110010110000100110110010110011011	01001110111001100000100000001010011100111111010111110111
10010001101011110101110110010110000100110110010010011011	01101110111001100000100000001010011100101101010111110111
10010001100011111101010110010110001100100000010010011011	01100110111001100000101001001000001100001101010111110110
10010001101011110101110110010110000100110110010010011011	01101110111001100000100000001010011100101101010111110111
10010001101011110101110010010110000100110110010010001011	01101110111001100000100000001010011100100101010111010111
10010001101011110101110110010110100100110110010010011011	01101110111001100000100000011010011100101101010111110111
10010001101011110101110110010110000100110110010010011011	01101110111001100000100000001010011100101101010111110111
00010001101011110101110110010110000100110110010001011011	01101110111001100000000000001010011100101101010011111111
10010001101011110101110110010110000100110110011010011011	11101110111001100000100000001010011100101101010111110111
10010001101011110101110110010110000100110100010010011011	01101110111001100000100000001010011100101101010111110110
10010001101011110101110110010110000100110110010010011011	01101110111001100000100000001010011100101101010111110111
10010001101111110101111110010110000100110110010010011011	01101110111001100000110000001010011101101101010111110111
10000001101010110101110110010110000100110110010010011011	01101100111001100000100000001010010100101101010111110111
10010001101011110101110110010110000100110111010010011011	01101111111001100000100000001010011100101101010111110111
10010001101011110101110110010110000100110111010010011011	01101111111001100000100000001010011100101101010111110111
10010001101011110101010110010111000100110110010010011011	01111110111001100000100000001000011100101101010111110111
10010001101011111101110110010110000101110100110010011011	01101110111001100000101010101010011100101101010111110110
10010001101011110101110110010110001100110110010010011011	01101110111001100000100001001010011100101101010111110111
11010101101011111001110110010110000100110110010010011011	01101110111001100100101100001010011100101100010111110111
10010001101111110101110110010110000100110110011010011011	11101110111001100000110000001010011100101101010111110111
10010001101011110101110110010110100100110110010010011001	01101110011001100000100000011010011100101101010111110111
10010001011011110101110110010110000100110100010010011011	01101110111001100000100000001010011100101011010111110110
11010001111011110111110110010110000100110110010010011011	01101110111001101100100000001010011100101111010111110111
10010001101011110101100110010100000100110110010010011011	01101110111001000000100000001010011100101101010101110111
10010001101011110111010110010110000100110010010010011001	01100110011001101000100000001000011100101101010111110111
10010001101011110101110110010110000100110110010010011001	01101110011001100000100000001010011100101101010111110111
10010001101011110101110110010110000100110110010010111011	01101110111001100001100000001010011100101101010111110111
10110001101011110101110110010110000100110110010010011011	01101110111001100000100000001010111100101101010111110111
10010001101011110101110110010110000100110111010110011011	01101111111001100000100000001010011100111101010111110111
10010011101011110101110110010110000100110110010010011011	01101110111001100000100000001110011100101101010111110111
10010001101011100111110110010100000100110110010010011010	01101110101001101000100000001010011100101101000101110111
10010001101011110101110010010110000100110110010010011011	01101110111001100000100000001010011100101101010111010111
10010001101011110101110110110110000100110110010010111011	01101110111101100001100000001010011100101101010111110111
10010001101010110111110110010110000100110110000010011011	01101110111001101000100000001010010100101101010111100111
10010001101011110101110110010110001100110100010010011011	01101110111001100000100001001010011100101101010111110110
10010001101011100111110110010110000100110110010000111011	01101110111001101001100000001010011100101101000011110111
10010011101011010101110110010110000100110110010010011111	01101110111001100000100000000110011110101101010111110111
10010001101011110101110110110110000100110110010010011011	01101110111101100000100000001010011100101101010111110111
10010001101010110101110110011110000100110110110010011011	01101110111011100000100010001010010100101101010111110111
10010011101010110101110110010111000100110110010010011011	01111110111001100000100000001110010100101101010111110111
10010001101011110101100110010110000000110100010010011011	01101110111001000000100000001010011100101101010111110100
10010001101001110101110110010110000100110111010010011111	01001111111001100000100000001010011110101101010111110111
10010001001011111101110110010111000100110110010010011011	01111110111001100000101000001010011100101001010111110111
10000001101011110101010110010010000100110110010010011011	00101100111001100000100000001000011100101101010111110111
10010001101011010101110110010110000100110110010010011011	01101110111001100000100000000010011100101101010111110111
10010001101111110101100111010110000100110110010011011111	01101110111001000000110000001011011110101101010111111111
10010000101011100101110110010110010100110110010010011011	01101010111001110000100000001010011100101101000111110111
10000001100011110101110110010110000100110110010010001011	01101100111001100000100000001010011100000101010111110111
10010001101011110101111110001110000100110110000010011011	01101110111011100000100000001010011101101101010111100011
10010001101011110101110110010110000100110110010010010011	01101110111001100000100000001010011000101101010111110111
10010000101011110001111110010110000100110110010010011011	01101010111001100000100000001010011101101100010111110111
10010001101011110101110110010110000100110110010010011111	01101110111001100000100000001010011110101101010111110111
10010001101011110100110110110110000100110110010010011011	01101110111101100000100000001010011100101101010110110111
10010001101011110101110110010110000101110110011010011001	11101110011001100000100000101010011100101101010111110111
00010001101001110101110010010110000100110111010010011011	01001111111001100000000000001010011100101101010111010111
10010001101011110101110110010110000100110110010010010011	01101110111001100000100000001010011000101101010111110111
10010001101011110101110110010110000100110110010011011011	01101110111001100000100000001010011100101101010111111111
10010001101011110111010110010110000100110110010010011011	01101110111001101000100000001000011100101101010111110111
10010001101011110101110110010110000100110110010010011011	01101110111001100000100000001010011100101101010111110111
00010001101010110101110111010110000100110110010010011011	01101110111001100000000000001011010100101101010111110111
10010001101011100101110110010110000100110010010010011011	01100110111001100000100000001010011100101101000111110111
10010001101011110101110110010110000101110110010000011011	01101110111001100000100000101010011100101101010011110111
10010001101011110101100110010110000100110100010010011011	01101110111001000000100000001010011100101101010111110110
10010001001011110101110100010110000100110110010010011011	01101110110001100000100000001010011100101001010111110111
10010001111011110101110110010110000100110110010010011011	01101110111001100000100000001010011100101111010111110111
10010001101010110101110110011110000000110110000010011011	01101110111011100000100000001010010100101101010111100101
00010001100011110101110110010110000100110110010010011011	01101110111001100000000000001010011100001101010111110111
10010010101011110100110110010111000100010110010010011011	01111010111000100000100000001110011100101101010110110111
10010001101011110111110110010110000100110110010010011011	01101110111001101000100000001010011100101101010111110111
10010001101011110101110110010110000000110110010010011011	01101110111001100000100000001010011100101101010111110101
10010001101011110100110110010110000100110110010010011111	01101110111001100000100000001010011110101101010110110111
10010001101011110111110110010110000100110110010010011011	01101110111001101000100000001010011100101101010111110111
10010001101011110101110110010110000100110110010010011011	01101110111001100000100000001010011100101101010111110111
10011001101011110101110110010110000100110110010010011011	01101110111001100010100000001010011100101101010111110111
10010001101010110101110111000110000100110110010010011011	01101110111001100000100000001011010100101101010111110011
10010000101011110101110110010110001010010110010010011011	01101010111000100000100001001010011100101101110111110101
10010001101011110101110110010110000100110110011010011011	11101110111001100000100000001010011100101101010111110111
10010001101011110101110111010110000100110110010010011011	01101110111001100000100000001011011100101101010111110111
10010001101011110101110110010111000100110010010010011011	01110110111001100000100000001010011100101101010111110111
10010001100011110100110110010110001100110110010010011011	01101110111001100000100001001010011100001101010110110111
10010001101011110101110110010110000100110110010010011011	01101110111001100000100000001010011100101101010111110111
10010001101011110101110110110110000100110110010010010011	01101110111101100000100000001010011000101101010111110111
10010001101011110101110110010110000100110110010010011011	01101110111001100000100000001010011100101101010111110111
10010001101111110101110110011110000100110110010010011011	01101110111011100000110000001010011100101101010111110111
10010001111011010101110110010110000100110110010010011001	01101110011001100000100000000010011100101111010111110111
10010001101011110101110010011110100100110110010010011011	01101110111011100000100000011010011100101101010111010111
10010001101011110101110110010110000100110110010010011011	01101110111001100000100000001010011100101101010111110111
10010001101011110101110110010110000100110110010010011011	01101110111001100000100000001010011100101101010111110111
10010001101111110111110110010110000100110110010010011011	01101110111001101000110000001010011100101101010111110111
10010001101011110101110110010110010100110110010010011011	01101110111001110000100000001010011100101101010111110111
10010001001011110101110110010110001100110110010010011011	01101110111001100000100001001010011100101001010111110111
10010001101011110101111111010110000100110110010010011011	01101110111001100000100000001011011101101101010111110111
10010001101011110100110110010110000100110110010110011011	01101110111001100000100000001010011100111101010110110111
10010001111011110101110100010110000100110110010010011011	01101110110001100000100000001010011100101111010111110111
10010001101011110101110110010110000100110110010010011011	01101110111001100000100000001010011100101101010111110111
10010001101011110101110110010110000100110110010010111011	01101110111001100001100000001010011100101101010111110111
10010001101111110101110110010110000100110110010010011011	01101110111001100000110000001010011100101101010111110111
10010001101011110101110110010010000100110110010010011011	00101110111001100000100000001010011100101101010111110111
10010001101011010001110111010110010010110110010010011010	01101110101001110000100000000011011100101100110111110101
10010000101011110101110110010110000100110110010010011011	01101010111001100000100000001010011100101101010111110111
10010001101011110111110110010110000110110110010000011011	01101110111001101000100000001010011100101101110011110111
10010011101011010101110110010110000100110110000010011011	01101110111001100000100000000110011100101101010111100111
11010001101011110101110110010110000100110110010010011011	01101110111001100100100000001010011100101101010111110111
10010111101011110101110110010110000100110110010010011011	01101110111001100000100100001110011100101101010111110111
10010001101011111101110110010110000100100110010010111011	01101110111001100001101000001010001100101101010111110111
10010001101011110101110010010110000100110110010010011011	01101110111001100000100000001010011100101101010111010111
10010001001001111101110110110110010100110110010010011011	01001110111101110000101000001010011100101001010111110111
10110001101011110101110010010110001100110110010010010001	01101110011001100000100001001010111000101101010111010111
10010001001011110101110110010110000100110110010010011011	01101110111001100000100000001010011100101001010111110111
10010001101010110101110110010110000100110110010011011011	01101110111001100000100000001010010100101101010111111111
10010011101011110101110110000110000100110100010010001010	01101110101001100000100000001110011100100101010111110010
10010101101011110101110110010110000100110110010010011010	01101110101001100000100100001010011100101101010111110111
10010001101011110101110110000110000100110110010010011011	01101110111001100000100000001010011100101101010111110011
10010001101011110101110111010100000100110110010010011011	01101110111001100000100000001011011100101101010101110111
10010001111110111101110110010110000100110110010010011011	01101110111001100000111000001010010100101111010111110111
10010001101011110101110110010110000100110010010010010010	01100110101001100000100000001010011000101101010111110111
10010001101011110101110110010110000100110110010000011011	01101110111001100000100000001010011100101101010011110111
10010001101011110101110110010110000100110110010010011011	01101110111001100000100000001010011100101101010111110111
10010001101011110101110110010110000100110110010010011011	01101110111001100000100000001010011100101101010111110111
11010001101011110101110110010110000100110110010011011000	01101110001001100100100000001010011100101101010111111111
10010000101010111101110110010110000100110110010010011011	01101010111001100000101000001010010100101101010111110111
10010001101010110101110110010110000100110110010010011011	01101110111001100000100000001010010100101101010111110111
10010001101011110101110110010110000100110110010010011011	01101110111001100000100000001010011100101101010111110111
10010001101011111101110110010110000100110110010010011001	01101110011001100000101000001010011100101101010111110111
10010011101011111001110110010110000110110110110010011011	01101110111001100000101010001110011100101100110111110111
10010001101011110101110110010110000100100110010010011011	01101110111001100000100000001010001100101101010111110111
10010001101011110101110110010110000100110110010010011011	01101110111001100000100000001010011100101101010111110111
10010001101011110101110110010110000100111110010010011011	01101110111001100000100000001010011100101101011111110111
10010001111011110101110110010111000100110110010010011011	01111110111001100000100000001010011100101111010111110111
10010001101011110101110110010110000100110110010010011011	01101110111001100000100000001010011100101101010111110111
10010001101011110101111110010110000100100110011010011011	11101110111001100000100000001010001101101101010111110111
10010001101011110101110110010110001100110110010010011011	01101110111001100000100001001010011100101101010111110111
10010001101011110111110110010110000100110110010010011011	01101110111001101000100000001010011100101101010111110111
10010001101011110101110110010110000100110000010010011011	01100110111001100000100000001010011100101101010111110110
10010001101011110101110110100010000100110110010010011011	00101110111101100000100000001010011100101101010111110011
10010001101010100101110110010110000100110110010010011011	01101110111001100000100000001010010100101101000111110111
10000001101011110101110010010110000101110110010010011011	01101100111001100000100000101010011100101101010111010111
10010001101011100101110110010110000100111110010010011011	01101110111001100000100000001010011100101101001111110111
10010001101011110101110110110110000000010110010011011011	01101110111100100000100000001010011100101101010111111101
11010001101011110101000110010110000100110110010010011011	01101110111001000100100000001000011100101101010111110111
10010001101011110001110110010110000101110110010010011011	01101110111001100000100000101010011100101100010111110111
00010001101010110101010110110110000100110110010010011011	01101110111101100000000000001000010100101101010111110111
10010001001011110101110010010110000100110110010110011011	01101110111001100000100000001010011100111001010111010111
10010001101011110101110110000110000100100110010010001011	01101110111001100000100000001010001100100101010111110011
11010001101011110101110110000110000100110110010000111011	01101110111001100101100000001010011100101101010011110011
10010001101011110101110110010110000100110110010010011011	01101110111001100000100000001010011100101101010111110111
11010001101011110101110110010010000100110110010010011101	00101110011001100100100000001010011110101101010111110111
10010001101011110101110110010110000100110110010010011011	01101110111001100000100000001010011100101101010111110111
10010001101011110101110110010111000110110110010010111011	01111110111001100001100000001010011100101101110111110111
10010001101011110111010110010110000110110110010010011010	01101110101001101000100000001000011100101101110111110111
10010001101011111001110110010111100100110110010010011011	01111110111001100000101000011010011100101100010111110111
10010001101011110101110110010100000100111110110010011011	01101110111001100000100010001010011100101101011101110111
10010001101011110101100110010110000101110110010010011011	01101110111001000000100000101010011100101101010111110111
10010001101011110101110110010110000100110110010010011011	01101110111001100000100000001010011100101101010111110111
10010001101011110101110110110110000100110110010010011011	01101110111101100000100000001010011100101101010111110111
10010001101011110101110110010110000100110111010010011010	01101111101001100000100000001010011100101101010111110111
10010001101011110101110110010110000000110110010010011011	01101110111001100000100000001010011100101101010111110101
10010001111011110001110101010110000100110110010010011011	01101110110001100000100000001011011100101110010111110111
10010001101011110101110110010110000100110110010010011011	01101110111001100000100000001010011100101101010111110111
10110001101011110101110110010110001100110110010010011011	01101110111001100000100001001010111100101101010111110111
10010001101011110101110110010110000100110110010010011011	01101110111001100000100000001010011100101101010111110111
10010001101011100101110110010110000110110110010010111011	01101110111001100001100000001010011100101101100111110111
10010001101011111101110110010110000100110110010011011011	01101110111001100000101000001010011100101101010111111111
10010001101011110111110110010110000100110110010110011011	01101110111001101000100000001010011100111101010111110111
10010001101011110101010110010110001100110110010110011011	01101110111001100000100001001000011100111101010111110111
10010001101011110100110110010110000101111110110010011011	01101110111001100000100010101010011100101101011110110111
10010001101011110101110110010110000100110110010010011011	01101110111001100000100000001010011100101101010111110111
10010001101011110101111010010110000100110110010010011011	01101110111001100000100000001010011101101101010111010111
10010001101011110101110110010110000100110110010010011011	01101110111001100000100000001010011100101101010111110111
10010001101011110101110110010100000010110110000010011011	01101110111001100000100000001010011100101101110101100101
10010001101011110001110110010110010101110100010010011001	01101110011001110000100000101010011100101100010111110110
10010001101011110101111110010110000100110110011010011011	11101110111001100000100000001010011101101101010111110111
10010001101011110101110110010110100100110110110010011011	01101110111001100000100010011010011100101101010111110111
10010001101011110101110110010110000100100110010010011011	01101110111001100000100000001010001100101101010111110111
10010001001011110101100110010110000100110110010010011011	01101110111001000000100000001010011100101001010111110111
10010001101011110101110110010110000100110110010010011011	01101110111001100000100000001010011100101101010111110111
10010001101011110101110110010111000101010110010010011011	01111110111000100000100000101010011100101101010111110111
10010001101011110101111110010110000100110111010010011011	01101111111001100000100000001010011101101101010111110111
10010001101011110111110110010110000100110111010010011011	01101111111001101000100000001010011100101101010111110111
10010001101011110101110010010100000100110110010010011011	01101110111001100000100000001010011100101101010101010111
10110001101011110101110110010110000100100110110010011011	01101110111001100000100010001010101100101101010111110111
10010001101001110101110110010110000100110110010011011011	01001110111001100000100000001010011100101101010111111111
10010000101011100101110110011100100100110110010000010011	01101010111011100000100000011010011000101101000001110111
10010001101011110101110110011110000100110110010010011011	01101110111011100000100000001010011100101101010111110111
00010001101011110101111110010110001110110110010010011011	01101110111001100000000001001010011101101101110111110111
10010001101011110101110110010110100100110110010111011011	01101110111001100000100000011010011100111101010111111111
10010000101011110101111110010110100100110111110010011011	01101011111001100000100010011010011101101101010111110111
00010001101011010101110110010010000100110110010000011011	00101110111001100000000000000010011100101101010011110111
10110001101111110101110110010110001100111110010010011011	01101110111001100000110001001010111100101101011111110111
10010001101001110101110110010110000100110010010010001011	01000110111001100000100000001010011100100101010111110111
10010001101011110101110110010110000100110110010010011011	01101110111001100000100000001010011100101101010111110111
10010001101011110101110110010110000100110110010010011011	01101110111001100000100000001010011100101101010111110111
10010001101011110101111110010110000000110110010010011011	01101110111001100000100000001010011101101101010111110101
10010001101011110101110110000110000100110110010010011011	01101110111001100000100000001010011100101101010111110011
10010101101011110101110110010110000100110100010010011011	01101110111001100000100100001010011100101101010111110110
10010001100011000101110110110110000100110110010010011011	01101110111101100000100000000010011100001101000111110111
00011001111011110101110110111110000110110110010010011011	01101110111111100010000000001010011100101111110111110111
10110001101011110101110110010110000100110110011110001011	11101110111001100000100000001010111100110101010111110111
11010001101011110001110110010110000100110111010010011011	01101111111001100100100000001010011100101100010111110111
10010001101111110101110110010110000100110110010010011111	01101110111001100000110000001010011110101101010111110111
10010001101011111101110110010110000100110110010010011011	01101110111001100000101000001010011100101101010111110111
10010011101011110101110010010110000100110110010010011011	01101110111001100000100000001110011100101101010111010111
10010001111011110101110100010110000100110110000010011011	01101110110001100000100000001010011100101111010111100111
10010001101011110101110100010110000100110110010010011011	01101110110001100000100000001010011100101101010111110111
10010001101011110101110100010110000100110110010010011011	01101110110001100000100000001010011100101101010111110111
10000001111011110100110110010110000101110110010010011011	01101100111001100000100000101010011100101111010110110111
10010001101011110101100110010110000100110110010010011011	01101110111001000000100000001010011100101101010111110111
10010001101011110001100110010110000100110110010010011111	01101110111001000000100000001010011110101100010111110111
10010001101111110101110110010110000100110110011010011011	11101110111001100000110000001010011100101101010111110111
11010001101011110101110110010110000100110110110010001011	01101110111001100100100010001010011100100101010111110111
10010000101011110001110010010110000000110110010010011011	01101010111001100000100000001010011100101100010111010101
10010001101011110101110110010110000100110110010010011011	01101110111001100000100000001010011100101101010111110111
10011001001011110101110110010110000100110110010110011011	01101110111001100010100000001010011100111001010111110111
11010001101011110100110110010110000100110110010010011011	01101110111001100100100000001010011100101101010110110111
10010101101011110101110110010110000100110110010010011011	01101110111001100000100100001010011100101101010111110111
10010001101010110101110110010110000100111110010011011011	01101110111001100000100000001010010100101101011111111111
10010001101001110101110110010110000100110110010010011011	01001110111001100000100000001010011100101101010111110111
10010000101011110101110110010110000100110110010010011011	01101010111001100000100000001010011100101101010111110111
10010001101011111101110110010110000000010110010010011011	01101110111000100000101000001010011100101101010111110101
10010001001001110101110110010111000101110110110010011011	01011110111001100000100010101010011100101001010111110111
10010001101011010101110110010110000100110110010010011011	01101110111001100000100000000010011100101101010111110111
10010000101011110101110110010110000100110110010010011011	01101010111001100000100000001010011100101101010111110111
10010001101011110100110110010110000100110110110010011011	01101110111001100000100010001010011100101101010110110111
10010101101011110101110110110110010100110110010010011011	01101110111101110000100100001010011100101101010111110111
10010001101011110101110110010110000100110110010110011111	01101110111001100000100000001010011110111101010111110111
10010001101111110101110111010110000100110110010010011111	01101110111001100000110000001011011110101101010111110111
10100001101011110001110111010110000100110110010010111011	01101100111001100001100000001011111100101100010111110111
00010001101010110101100110010110000100010110010010011011	01101110111000000000000000001010010100101101010111110111
11010001101011110101110110010010000110110110010010011011	00101110111001100100100000001010011100101101110111110111
10010001101011110101110110010110000100110110010010011011	01101110111001100000100000001010011100101101010111110111
10010001101011110101110110110110000100110010010010011011	01100110111101100000100000001010011100101101010111110111
10010001101011110101110110011110000100110100010010010011	01101110111011100000100000001010011000101101010111110110
10010001101011110101110110010110001100110110010010011011	01101110111001100000100001001010011100101101010111110111
10010001101011110101110110010010000100110110010010011011	00101110111001100000100000001010011100101101010111110111
10010001101011110101110110010110000100110110010010011011	01101110111001100000100000001010011100101101010111110111
10010000101011110101110110010110000100110111011010011011	11101011111001100000100000001010011100101101010111110111
10010001101011110101110100110100000100110110010010011011	01101110110101100000100000001010011100101101010101110111
10010001101011111101110110010111000100110110010010011001	01111110011001100000101000001010011100101101010111110111
10010001101011110101110110010110100100110110010010111111	01101110111001100001100000011010011110101101010111110111
10010001001011110101110110010110000100110110010010011111	01101110111001100000100000001010011110101001010111110111
00010101101011110111110110010110000100110110010010011011	01101110111001101000000100001010011100101101010111110111
10010001101011110101110100010110001000110110010010011011	01101110110001100000100001001010011100101101010111110101
10010000101011110001110110010100000100100010011110011111	11100010111001100000100000001010001110111100010101110111
10010001101011110011110110010110001100110110010010011011	01101110111001101000100001001010011100101100010111110111
10010001101011110101110110010010000100110110010000011011	00101110111001100000100000001010011100101101010011110111
11010001101001110101110100010110000100010110010010011011	01001110110000100100100000001010011100101101010111110111
10010001101011110101110110010110000100110110010010011011	01101110111001100000100000001010011100101101010111110111
10010001101011110101110110010110000100110110010011111011	01101110111001100001100000001010011100101101010111111111
10010101001011110001110110000110000100110110010010010011	01101110111001100000100100001010011000101000010111110011
10010001101011110101110110010010000100110110010010011011	00101110111001100000100000001010011100101101010111110111
10010001101011110101110110010010000100110110010010011011	00101110111001100000100000001010011100101101010111110111
11010001101011110101110110010110000100110110010010011011	01101110111001100100100000001010011100101101010111110111
10010001101011110101110110010110000100110110010010011011	01101110111001100000100000001010011100101101010111110111
10010011101001000101110110010110000100110110010010011011	01001110111001100000100000000110011100101101000111110111
10010001101011110101100110110110000101110110010010011011	01101110111101000000100000101010011100101101010111110111
10010001101011110101110110010110000110110110011010011010	11101110101001100000100000001010011100101101110111110111
11010001101011110101110100010110000100010110010011001011	01101110110000100100100000001010011100100101010111111111
10010001101000110101110110010110000100110110010010011011	01001110111001100000100000001010010100101101010111110111
11110001101011110101110110010110010100110110010010001011	01101110111001110100100000001010111100100101010111110111
10010001101011110101110110010110000100110110010010111011	01101110111001100001100000001010011100101101010111110111
10010101101011110101110110010110000100110110110010010011	01101110111001100000100110001010011000101101010111110111
01010001101011110101110110110110000100110110010010011011	01101110111101100100000000001010011100101101010111110111
10010000101011100101110110010111000100110110010010011111	01111010111001100000100000001010011110101101000111110111
10010000101011110011110111010110000001110110010010011011	01101010111001101000100000101011011100101100010111110101
10010001101010110101110110010110000100110110010010011011	01101110111001100000100000001010010100101101010111110111
10010001101011100101110110010110000100110110010010011011	01101110111001100000100000001010011100101101000111110111
10010001001011110101110110000111000100110010010010011011	01110110111001100000100000001010011100101001010111110011
10010001101011110101110110010110010100110110010010011011	01101110111001110000100000001010011100101101010111110111
10010001101011110101110110010110000100110111010010010011	01101111111001100000100000001010011000101101010111110111
10010001101011110101110110010110000101110111010010011011	01101111111001100000100000101010011100101101010111110111
10010001101011110101110110010110000100110110010010011011	01101110111001100000100000001010011100101101010111110111
10010001101011110101110110010110000100110110010010011011	01101110111001100000100000001010011100101101010111110111
10010001101011110101110110110111000000110010010010101011	01110110111101100001100000001010011100100101010111110101
10010001101011110101111110010110000100110110010010011011	01101110111001100000100000001010011101101101010111110111
10010001101011110101010110010110000100110110010010011011	01101110111001100000100000001000011100101101010111110111
11010001101011110101110110011110000100110110010010011011	01101110111011100100100000001010011100101101010111110111
10010001101011110101110110010100000100110110010010011111	01101110111001100000100000001010011110101101010101110111
10010001101010110101110110010110000110110110010110011011	01101110111001100000100000001010010100111101110111110111
10010001101011110101110110110110000100110110010010011111	01101110111101100000100000001010011110101101010111110111
10110001101011110101110100010110000100110110010000011011	01101110110001100000100000001010111100101101010011110111
10010001101011110101100110010110000101110110010010011011	01101110111001000000100000101010011100101101010111110111
10010101101011110101110110010110001100110110010000011011	01101110111001100000100101001010011100101101010011110111
10010001101011110101110110010110000100110110010010011011	01101110111001100000100000001010011100101101010111110111
10010001101011110101110110010010000100110110010010011011	00101110111001100000100000001010011100101101010111110111
10000011101011111101110100010110000100110110000011011011	01101100110001100000101000001110011100101101010111101111
10010001111011110101110110010110000100110110010010011011	01101110111001100000100000001010011100101111010111110111
10010000101011110101110110010110000100110010010010011011	01100010111001100000100000001010011100101101010111110111
10010001101011110101110110010110000100110110010010011011	01101110111001100000100000001010011100101101010111110111
00010001101011100100110110010110000100110110010010011011	01101110111001100000000000001010011100101101000110110111
00010001101011110101110110010110000110110110010010011011	01101110111001100000000000001010011100101101110111110111
10010000101011110101110110010110000100110110010110011011	01101010111001100000100000001010011100111101010111110111
10000001101011110101110010011110100100110110110010011011	01101100111011100000100010011010011100101101010111010111
10010001100011110101110110010110000100110110010010011011	01101110111001100000100000001010011100001101010111110111
10010001001011110101110110010110100101111110010010011011	01101110111001100000100000111010011100101001011111110111
10010001101011110101110110010110000100110110010010011011	01101110111001100000100000001010011100101101010111110111
10010001101111110101110110010111000100110110010010011011	01111110111001100000110000001010011100101101010111110111
10010001101011110101110110010110000100110110010010011010	01101110101001100000100000001010011100101101010111110111
10010001101011110101110110010110000100110110010010011011	01101110111001100000100000001010011100101101010111110111
10010001101011110101110110011110000100110110000010011011	01101110111011100000100000001010011100101101010111100111
10010001100011110101110010010110000100110110010010011011	01101110111001100000100000001010011100001101010111010111
10010001101011101101100110010110000100110110010010011011	01101110111001000000101000001010011100101101000111110111
10000011101011110001110110010110000100110011010010011010	01100101101001100000100000001110011100101100010111110111
10010001101011110100110110010110000100110110010010011011	01101110111001100000100000001010011100101101010110110111
10010001101011110101110110010110000100110110010010011011	01101110111001100000100000001010011100101101010111110111
10000001101011110101110110010110000100110110010010011011	01101100111001100000100000001010011100101101010111110111
10010001101011110101110110010110000100110110010010011011	01101110111001100000100000001010011100101101010111110111
10010001101011110101110110010110000101110110010010011011	01101110111001100000100000101010011100101101010111110111
10010001101011110101110110010110000100111110010010001011	01101110111001100000100000001010011100100101011111110111
10010001101011110101010110010010000100110110010010011011	00101110111001100000100000001000011100101101010111110111
11010001101010110001110100010110000000110110010010011011	01101110110001100100100000001010010100101100010111110101
10010001101001110101110110010110000100110110010010011011	01001110111001100000100000001010011100101101010111110111
10010001101011110101110110010110000100100110010010010010	01101110101001100000100000001010001000101101010111110111
10110001101011110101110100011110000100110110010110011011	01101110110011100000100000001010111100111101010111110111
10000001100011110101110110010110000100110110010010011011	01101100111001100000100000001010011100001101010111110111
10010001101011010101110110010110000100110110010010011011	01101110111001100000100000000010011100101101010111110111
10010001101011110101110110011110000100110110010010111011	01101110111011100001100000001010011100101101010111110111
10010001101011110101110110010110000100110010010010010011	01100110111001100000100000001010011000101101010111110111
10010001101111110101110110010110000100011110010010011011	01101110111000100000110000001010011100101101011111110111
10010001101011110001110110010110000100110110010010011011	01101110111001100000100000001010011100101100010111110111
10010001101011110111110110010110000100110100010010010011	01101110111001101000100000001010011000101101010111110110
10010101101011110101110110010110000100010110010010011011	01101110111000100000100100001010011100101101010111110111
10010001101010110101110111010110000100010110010010011011	01101110111000100000100000001011010100101101010111110111
10010001101011110101110110010100000100110110010010011011	01101110111001100000100000001010011100101101010101110111
10010001101011110101110010010110000100110110010010011011	01101110111001100000100000001010011100101101010111010111
10010001101011110101010010010110000100010110010010011011	01101110111000100000100000001000011100101101010111010111
10010001101011110001110111010110000100110110010010011011	01101110111001100000100000001011011100101100010111110111
10010000101011110101010110010110000100110110010010011011	01101010111001100000100000001000011100101101010111110111
10010001101011110101110110010110000100110110000010011011	01101110111001100000100000001010011100101101010111100111
10010001101011110101110110000110000100110100010010011011	01101110111001100000100000001010011100101101010111110010
11010001101011110101110110011110000100100110010010011011	01101110111011100100100000001010001100101101010111110111
10010001101011110101110110010110000100110110010010011011	01101110111001100000100000001010011100101101010111110111
10010001101010110101111110010110000100110110010010011011	01101110111001100000100000001010010101101101010111110111
10010001101011110101110110010100000100110110110010011011	01101110111001100000100010001010011100101101010101110111
10010001101111110101110110010110000100110110010110011011	01101110111001100000110000001010011100111101010111110111
10010001100011110101110110000110000100110110000010001011	01101110111001100000100000001010011100000101010111100011
10010000101011100101110110010110000110110110010010011010	01101010101001100000100000001010011100101101100111110111
10010001101110110100110010010110000100100110010010011011	01101110111001100000110000001010000100101101010110010111
10010001101011111101110110010110000100110111010010011010	01101111101001100000101000001010011100101101010111110111
10110000101011111101110110010110000100110110010010010011	01101010111001100000101000001010111000101101010111110111
10010001101011010101110110010110000100100110010010011011	01101110111001100000100000000010001100101101010111110111
10010001101011110101110110000100000100011110010010011011	01101110111000100000100000001010011100101101011101110011
10010000101011110101110110010110000100010110010010011011	01101010111000100000100000001010011100101101010111110111
10110001101011111101110110010110001100110110010110011011	01101110111001100000101001001010111100111101010111110111
10110001101011110101110110010110000100110110010010011011	01101110111001100000100000001010111100101101010111110111
10010001100011110101010110010110000100110110010010011011	01101110111001100000100000001000011100001101010111110111
10010001001010110101110110010110000100110110010010011011	01101110111001100000100000001010010100101001010111110111
10011001101011110101110110010110010100110110010010011011	01101110111001110010100000001010011100101101010111110111
10010001101011110101110010000110001110110110010010011011	01101110111001100000100001001010011100101101110111010011
10010001101001110101110110010110010100110010010010011111	01000110111001110000100000001010011110101101010111110111
10010101101011110101110110010111010100110110010010010011	01111110111001110000100100001010011000101101010111110111
10010001101011110101110110010110000100110110010010011011	01101110111001100000100000001010011100101101010111110111
10010000101011110101110110010110010100110110010010011011	01101010111001110000100000001010011100101101010111110111
10010001100011111101111110010110000100111110010110011011	01101110111001100000101000001010011101011101011111110111
11010001101011111101110110110110000100110110010010011011	01101110111101100100101000001010011100101101010111110111
10010001101001110101110110010110000100110110010010011011	01001110111001100000100000001010011100101101010111110111
10010001101011110100110110010110000100110110010010011010	01101110101001100000100000001010011100101101010110110111
10010001101011110001100110010100000100110110010010011011	01101110111001000000100000001010011100101100010101110111
10010001111011110101110110010110000100110110000010011011	01101110111001100000100000001010011100101111010111100111
10010001101111110101110110010110001110110110010010011011	01101110111001100000110001001010011100101101110111110111
10010001101011110101110110011100000100110110010010011011	01101110111011100000100000001010011100101101010101110111
10010001101011110101100110010110000100110110010010011011	01101110111001000000100000001010011100101101010111110111
10010001101010110101110110010110000100110110010010011011	01101110111001100000100000001010010100101101010111110111
10010001101011110101110110010110000100010110010010011011	01101110111000100000100000001010011100101101010111110111
10010001101011110101110010010110000100010110010010011011	01101110111000100000100000001010011100101101010111010111
10010001101011110101110110010111000100110010010010011011	01110110111001100000100000001010011100101101010111110111
10010001101011110101110110010110000100110111010010011011	01101111111001100000100000001010011100101101010111110111
10010001101011010101111111010110000100110110010010011011	01101110111001100000100000000011011101101101010111110111
10010001101011110101110110010110000100110110110010011011	01101110111001100000100010001010011100101101010111110111
10010001101011110101110110010110000110110010010010011011	01100110111001100000100000001010011100101101110111110111
10010001111011110101110110010110000100110110010010011011	01101110111001100000100000001010011100101111010111110111
10010001101010111101110110010110000100100111010110011011	01101111111001100000101000001010000100111101010111110111
10010001101011110101110110010110000100110110010010011011	01101110111001100000100000001010011100101101010111110111
10110001101011110101110110010110000100110110011010011011	11101110111001100000100000001010111100101101010111110111
11010001101001110101110110010110000000110110010010011011	01001110111001100100100000001010011100101101010111110101
10010001100011110001110110010110000100110110010010111000	01101110001001100001100000001010011100001100010111110111
10010001101111111101110100010110000100110110010010011011	01101110110001100000111000001010011100101101010111110111
10010001101011110101110110010110000100110110010010011011	01101110111001100000100000001010011100101101010111110111
10010001101011110001110110011110000100110110010010011011	01101110111011100000100000001010011100101100010111110111
10010001101011000101111110010110000100100110010110011011	01101110111001100000100000000010001101111101000111110111
10011001101011110101110110010110000100110110010010011011	01101110111001100010100000001010011100101101010111110111
10010001101011110101110110010110100100110110010011011011	01101110111001100000100000011010011100101101010111111111
10010001111011110101010110010110000000110110010010011011	01101110111001100000100000001000011100101111010111110101
10000101101011110101110110010110000100010010010010011011	01100100111000100000100100001010011100101101010111110111
10010001101011110101110110010110000101110110010010011011	01101110111001100000100000101010011100101101010111110111
10010001101011110101100110011110000100110110010010001011	01101110111011000000100000001010011100100101010111110111
10010011101011110101110110010110000100110110010010011011	01101110111001100000100000001110011100101101010111110111
10010001001011110101110110010110000100010110010010011011	01101110111000100000100000001010011100101001010111110111
10110001101111110101110110010110000100110110010010011011	01101110111001100000110000001010111100101101010111110111
10010001101011110101110110010110001110110110010010011011	01101110111001100000100001001010011100101101110111110111
10010001111011110101110110010110000100110110010010011011	01101110111001100000100000001010011100101111010111110111
10110001101011110101110111010110000100110110010010010011	01101110111001100000100000001011111000101101010111110111
10010001100011110101110110010110000100110100010010011011	01101110111001100000100000001010011100001101010111110110
10010101001011110101110110010010000100110100010010011011	00101110111001100000100100001010011100101001010111110110
10010001101011110111110110010110010100110110010010011011	01101110111001111000100000001010011100101101010111110111
10010001101011110101110110010110000100110110010010011011	01101110111001100000100000001010011100101101010111110111
10010011100011110101111110010110000100110110010010011011	01101110111001100000100000001110011101001101010111110111
10010001101011110101100110010110000100110110010010011011	01101110111001000000100000001010011100101101010111110111
10010001101011110101110110010100100100110110010010011011	01101110111001100000100000011010011100101101010101110111
10010001101011110001110110010110100100110110011000011010	11101110101001100000100000011010011100101100010011110111
10010001101011110101110110010110000101110110010010011011	01101110111001100000100000101010011100101101010111110111
10010001101011110101110110010110000100110110010011011011	01101110111001100000100000001010011100101101010111111111
10010001101011110101110111010110000100100110010010011011	01101110111001100000100000001011001100101101010111110111
10010001101011110101110110010110000100110110010010011011	01101110111001100000100000001010011100101101010111110111
10010001101011110101100110010100000100110110010010011011	01101110111001000000100000001010011100101101010101110111
10010001101011110101110110011110000100110110000010011011	01101110111011100000100000001010011100101101010111100111
10010001101011110101110110010110000100110110010010011011	01101110111001100000100000001010011100101101010111110111
00010001101001110101110110010110000101110110010010011011	01001110111001100000000000101010011100101101010111110111
10010001111011010101110110010110000100110110010010011011	01101110111001100000100000000010011100101111010111110111
10010001101011110101110100010110000100110110010010011011	01101110110001100000100000001010011100101101010111110111
10010001001011110101110110010100000101110110010010011011	01101110111001100000100000101010011100101001010101110111
10010001101011111101110010010110000100110110010010011011	01101110111001100000101000001010011100101101010111010111
10010001101011110101110110010110000100110110010010011011	01101110111001100000100000001010011100101101010111110111
10010001101011110101110110010100000100110110010010010011	01101110111001100000100000001010011000101101010101110111
10010001100111110101110110011010000100110110110010011011	00101110111011100000110010001010011100001101010111110111
10010000101011110111110110010100000100110110010010011011	01101010111001101000100000001010011100101101010101110111
10010001101011110101110110010110100100110110010010011011	01101110111001100000100000011010011100101101010111110111
10010001101011110101110110010110000100110010010010011011	01100110111001100000100000001010011100101101010111110111
10011001100011110101110110011110000100110110010010011011	01101110111011100010100000001010011100001101010111110111
10010001101011110001110110000110000100110100010011011011	01101110111001100000100000001010011100101100010111111010
10010001101011110101110110010110001100110110010010011011	01101110111001100000100001001010011100101101010111110111
10010001101011110101110110010110000100110110010010011011	01101110111001100000100000001010011100101101010111110111
00011011101011100101110110010110000100110110110000011011	01101110111001100010000010001110011100101101000011110111
10010001101011110101110111010110000100110110010010011011	01101110111001100000100000001011011100101101010111110111
10010001100011110101110110010110000100110110011011010011	11101110111001100000100000001010011000001101010111111111
10010001101011110101110110010100000100110111000010011011	01101111111001100000100000001010011100101101010101100111
10010001101011110101110110010110000100110111010010111011	01101111111001100001100000001010011100101101010111110111
10010001111011100101110100010010001100111010010010111011	00100110110001100001100001001010011100101111001111110111
10010011101011110101110110010110000100110110010010011011	01101110111001100000100000001110011100101101010111110111
10000001101011110111110110010110000100110110010010011011	01101100111001101000100000001010011100101101010111110111
10010001101011110101110110010110000100110110010010011011	01101110111001100000100000001010011100101101010111110111
10010001101011110101110110010110000100111110010010010011	01101110111001100000100000001010011000101101011111110111
10010001101011110101110110010110000100110110010000011011	01101110111001100000100000001010011100101101010011110111
10010001101011110101110110010110000100110110010010001011	01101110111001100000100000001010011100100101010111110111
10010001101010110101110110010100000100110110010010011011	01101110111001100000100000001010010100101101010101110111
10010001101011110101111110010110000100100110000010011011	01101110111001100000100000001010001101101101010111100111
10010001101011110101110110010110010100110110010010011011	01101110111001110000100000001010011100101101010111110111
10010001101011110101110110010110000100110110010010111011	01101110111001100001100000001010011100101101010111110111
10010001101011110101110110010110000100110100010010011011	01101110111001100000100000001010011100101101010111110110
10011011101011010101110110010010010100100010010010011011	00100110111001110010100000000110001100101101010111110111
10010001001011110101110110010110000100110110000010011011	01101110111001100000100000001010011100101001010111100111
10010001101011100101111110010110000100110110011010011011	11101110111001100000100000001010011101101101000111110111
10010001101011110101110110010110000101110111010010011011	01101111111001100000100000101010011100101101010111110111
00010001101011110101110110010110000100100110010010011011	01101110111001100000000000001010001100101101010111110111
10010001101011110101111110010010000100110111010011011001	00101111011001100000100000001010011101101101010111111111
10010001101011110101110110010110000100110110010010011011	01101110111001100000100000001010011100101101010111110111
10011001101011110001110110010110000100110111011010011011	11101111111001100010100000001010011100101100010111110111
10010001101011110101110110010110000100110011010010011011	01100111111001100000100000001010011100101101010111110111
11010001101011110001110010010110100100110110010000011011	01101110111001100100100000011010011100101100010011010111
10010001101011110101100110110110000100110110010010011011	01101110111101000000100000001010011100101101010111110111
10010101101011111101110110010110000100110110010010011011	01101110111001100000101100001010011100101101010111110111
10010001101011110101110110011110000100110111010010011111	01101111111011100000100000001010011110101101010111110111
10010001101001110101110111010110000100110110010010011011	01001110111001100000100000001011011100101101010111110111
11010001101011110101110110010110000100110110010010011011	01101110111001100100100000001010011100101101010111110111
10010001001011110101111010010110000100110110010010011011	01101110111001100000100000001010011101101001010111010111
10010001101011110101110110110110000100110110010010011011	01101110111101100000100000001010011100101101010111110111
00010001101011110101110110010100000100110110010010011011	01101110111001100000000000001010011100101101010101110111
10010011101011110101110110010110010100110110010000011011	01101110111001110000100000001110011100101101010011110111
10010001101011110101010110010110000101110110010010011011	01101110111001100000100000101000011100101101010111110111
10010001101011110101110110010110000100110110010010011011	01101110111001100000100000001010011100101101010111110111
11010001101011110101110110010110000101110110010010011011	01101110111001100100100000101010011100101101010111110111
10010001101011110101110111010110000100110010010010011011	01100110111001100000100000001011011100101101010111110111
10010001101011110101110110010010000100110111000010011011	00101111111001100000100000001010011100101101010111100111
10010001111011110101110111010110000100110010010010011011	01100110111001100000100000001011011100101111010111110111
10010001101011110101110110010110000100110110011110011011	11101110111001100000100000001010011100111101010111110111
10010001101111010101110100010110000100110110010010011011	01101110110001100000110000000010011100101101010111110111
10010001101011110101110110010110000100110110011010011011	11101110111001100000100000001010011100101101010111110111
10010001101011110101110110010110000110110110010000011011	01101110111001100000100000001010011100101101110011110111
10010001111011110111110110010110010100110110010010001011	01101110111001111000100000001010011100100111010111110111
10010001101011110101110110010110000100110110010010011011	01101110111001100000100000001010011100101101010111110111
10010001101011110101110100011110101100110110010010011011	01101110110011100000100001011010011100101101010111110111
10010001101011110101110110110110000100100110110010011011	01101110111101100000100010001010001100101101010111110111
10010001101011110101110110010110000100110110010010011011	01101110111001100000100000001010011100101101010111110111
10010001111011110101110110010110000100110110010010011011	01101110111001100000100000001010011100101111010111110111
10010000101011110101110110010110000101110100010110011011	01101010111001100000100000101010011100111101010111110110
10010001101011110101110110010110001100110110010010011011	01101110111001100000100001001010011100101101010111110111
10010001101010110101100110010110000100110111010010001011	01101111111001000000100000001010010100100101010111110111
10011001101011110101110110010110000100110110010010011011	01101110111001100010100000001010011100101101010111110111
10010001101011110101110110010110000100110110010010110010	01101110101001100001100000001010011000101101010111110111
10010001101011110101110110010110000100110110010010111011	01101110111001100001100000001010011100101101010111110111
10010000001010110001110110010110000100110110010010011011	01101010111001100000100000001010010100101000010111110111
10010001101011111101110110010110000100110110010010011011	01101110111001100000101000001010011100101101010111110111
10010001101011110101110110010110001100110110000010011011	01101110111001100000100001001010011100101101010111100111
10010001101000110101110110010110000100110010010010011011	01000110111001100000100000001010010100101101010111110111
10000001100011110101110110010111000100110110010010011011	01111100111001100000100000001010011100001101010111110111
10010000101111110101110110010110000100110110010010011011	01101010111001100000110000001010011100101101010111110111
10010001101011110101110110010110000100110110010010111011	01101110111001100001100000001010011100101101010111110111
10010011101011110101010110010110000100110110010010011011	01101110111001100000100000001100011100101101010111110111
10010001101011110101110110010110000100110110010010011011	01101110111001100000100000001010011100101101010111110111
10010001001011110101110110010110000100110110010010011011	01101110111001100000100000001010011100101001010111110111
10010001101011110101110110010110000100110110110010011011	01101110111001100000100010001010011100101101010111110111
10010101101011110101110110000110000100110110010010011011	01101110111001100000100100001010011100101101010111110011
00010001101011110101010100010110000100110110010010011011	01101110110001100000000000001000011100101101010111110111
11010001101011110101110110010110000110110110010010011011	01101110111001100100100000001010011100101101110111110111
00010001101011110101110110010111000100110110010010011011	01111110111001100000000000001010011100101101010111110111
10010001101010110101110110010110000100110110010010011011	01101110111001100000100000001010010100101101010111110111
10010001111011110101110110010110000100110110010011011011	01101110111001100000100000001010011100101111010111111111
10010000101011110111110000000110000100110110010010011011	01101010110001101000100000001010011100101101010111010011
10010001101011110101110110010110000100110111010010001011	01101111111001100000100000001010011100100101010111110111
10010001101011110101100100010110000100110110010010011011	01101110110001000000100000001010011100101101010111110111
10010001101011110101110100010110000101110110010010011011	01101110110001100000100000101010011100101101010111110111
10010001101001110101110110010110000100110110010010011011	01001110111001100000100000001010011100101101010111110111
10010001101011110101110110010110000101110110010010011011	01101110111001100000100000101010011100101101010111110111
11010001101011110101110110010110000100110110010010011011	01101110111001100100100000001010011100101101010111110111
10010001101011010101110110010100010100110110010010011001	01101110011001110000100000000010011100101101010101110111
10010001101011110101110110110110000100110111010010010011	01101111111101100000100000001010011000101101010111110111
10010001101011110101110110010110000100110110010010011111	01101110111001100000100000001010011110101101010111110111
10010001001011110101110110010111000100110110010010000011	01111110111001100000100000001010011000100001010111110111
10010001101011110101110110010110000100110110010010011011	01101110111001100000100000001010011100101101010111110111
10010000101011110101110110010111000100110110010000011011	01111010111001100000100000001010011100101101010011110111
10010001100011110101110111010110000100110110010010011011	01101110111001100000100000001011011100001101010111110111
10010101101011110101110110010110000100110110010010011011	01101110111001100000100100001010011100101101010111110111
10010001001011100101110110010110000110110110010010001011	01101110111001100000100000001010011100100001100111110111
10110001111011110101110110010110010100110110010010011011	01101110111001110000100000001010111100101111010111110111
10010001101011110101110110110110000100110110010010011011	01101110111101100000100000001010011100101101010111110111
10010001101001110101110110010110000100110110011010011011	11001110111001100000100000001010011100101101010111110111
10010001101001110101110100010110000100110110010010011011	01001110110001100000100000001010011100101101010111110111
10010001111011110101110110010110000000110110010010011011	01101110111001100000100000001010011100101111010111110101
10010001101011100101110110010110000100110110010010011011	01101110111001100000100000001010011100101101000111110111
10010101101011110101110110000110000000110110010010011011	01101110111001100000100100001010011100101101010111110001
10010001101011110101100110010110100100110110010010111001	01101110011001000001100000011010011100101101010111110111
00110001101011111001110110010110000100111110010010011011	01101110111001100000001000001010111100101100011111110111
10010001101011110101110110000010000100110110010010011011	00101110111001100000100000001010011100101101010111110011
10010101101011111100110110010110100100110110010010011011	01101110111001100000101100011010011100101101010110110111
10010001101011010100110110010110000000110110010000011011	01101110111001100000100000000010011100101101010010110101
10010001101011110101110110011110010100110110010110011011	01101110111011110000100000001010011100111101010111110111
10010001101011110101110110010110100100110110010010011011	01101110111001100000100000011010011100101101010111110111
10110001101001110101110110011110000100110110010010011011	01001110111011100000100000001010111100101101010111110111
10010001101011110101110110010110000100110110010010011011	01101110111001100000100000001010011100101101010111110111
10010001101010110001110110010110000100110110010010011011	01101110111001100000100000001010010100101100010111110111
10010001001011110101111110010100000100111110010010011011	01101110111001100000100000001010011101101001011101110111
10010001111011110101111111010100000100111110010010011111	01101110111001100000100000001011011111101111011101110111
10010001101011110101110110010110000100110110010010001011	01101110111001100000100000001010011100100101010111110111
10010001101010110101110110010110000100111110010010011010	01101110101001100000100000001010010100101101011111110111
10010001101011110101110110000110000100110110110010010110	01101110101001100000100010001010011010101101010111110011
10010001101011110101110110000110000110110110010010011011	01101110111001100000100000001010011100101101110111110011
10110001101011110101110110010100000100110111010010111011	01101111111001100001100000001010111100101101010101110111
10010011101011110101100110010110011100110110000010011011	01101110111001010000100001001110011100101101010111100111
10010000101011110101111110010110000100110110011010011111	11101010111001100000100000001010011111101101010111110111
10010001101011110101110010010110000000110110010010011011	01101110111001100000100000001010011100101101010111010101
10010001101011110101110110010110000100110110010010011011	01101110111001100000100000001010011100101101010111110111
10010001101011100101110100010110000100110010110010011011	01100110110001100000100010001010011100101101000111110111
10010001101011110101110110010110001100110110010010011010	01101110101001100000100001001010011100101101010111110111
10010001101011110101110110110111010110110110010010011011	01111110111101110000100000001010011100101101110111110111
10010001101011110101110110010110000100111111010010011011	01101111111001100000100000001010011100101101011111110111
10010001101001110101110110010110000000110110010010011011	01001110111001100000100000001010011100101101010111110101
10010001101011110101110110010110000100110110010010011011	01101110111001100000100000001010011100101101010111110111
10110001101011110101110110010100001100110110010000011011	01101110111001100000100001001010111100101101010001110111
10010001101011110101110111010100110100110110110010011011	01101110111001110000100010011011011100101101010101110111
10010001100010110100110110010110000100110110010010011001	01101110011001100000100000001010010100001101010110110111
10010001101011110101110110010010000100110110010010011011	00101110111001100000100000001010011100101101010111110111
10010001111011110101110010010110000100110110000010011011	01101110111001100000100000001010011100101111010111000111
10010001111011111101111110010110000100110111010010010011	01101111111001100000101000001010011001101111010111110111
10010001101011110101110110010110000101110110010010011011	01101110111001100000100000101010011100101101010111110111
10010001101001110101110110010110000100100110010010011001	01001110011001100000100000001010001100101101010111110111
10011001111011110101110110010110000100110110010010011011	01101110111001100010100000001010011100101111010111110111
00010001101001010101110110010110000100110110110010011011	01001110111001100000000010000010011100101101010111110111
10010101101011110101110110010010000100110110010010011011	00101110111001100000100100001010011100101101010111110111
10010001101011100101110110010110000100110110010010011011	01101110111001100000100000001010011100101101000111110111
10010001101011110101110110010110000100110110010010011011	01101110111001100000100000001010011100101101010111110111
10000001101011110101110110010110000100110110010010011011	01101100111001100000100000001010011100101101010111110111
10010001101011110101110110010110000111110110010011111011	01101110111001100001100000101010011100101101110111111111
11010001101011110101110110010110000100110110010010001010	01101110101001100100100000001010011100100101010111110111
10010001101011110101110110000110000100110110010000111011	01101110111001100001100000001010011100101101010011110011
10010000101011110101110110010110000100110110010010011001	01101010011001100000100000001010011100101101010111110111
10010011101011110101110110010111000100110110110010011011	01111110111001100000100010001110011100101101010111110111
10010011101011011101110110010010000100110110010010011011	00101110111001100000101000000110011100101101010111110111
10010101101011110101110111010111000100110110010010011011	01111110111001100000100100001011011100101101010111110111
10010001101011110101110110010110000100110010001000011011	11100110111001100000100000001010011100101101010011100111
10010001101111110101110110010110000110110110000010111011	01101110111001100001110000001010011100101101110111100111
10010001111011110101110110010110000100110110010010011011	01101110111001100000100000001010011100101111010111110111
10010001101011110101110110011110000100110110000010011011	01101110111011100000100000001010011100101101010111100111
10010001101011110100110110010110000100110110010010011001	01101110011001100000100000001010011100101101010110110111
10010001101011110101110110000110000100110100110010011101	01101110011001100000100010001010011110101101010111110010
10011001101011110101110110010110000100110110010010011010	01101110101001100010100000001010011100101101010111110111
10010001101111100101110111010110000110110110010010011011	01101110111001100000110000001011011100101101100111110111
10010001101011110101011110010110000100110110010010011011	01101110111001100000100000001000011101101101010111110111
10010001001011110101110110010110000100110110010010011011	01101110111001100000100000001010011100101001010111110111
10010011101011110101110110011110000100110110010010011011	01101110111011100000100000001110011100101101010111110111
10010001101011110101110110010110000110010110010010011011	01101110111000100000100000001010011100101101110111110111
10010000101011010101110110010110000100110110010010011011	01101010111001100000100000000010011100101101010111110111
10000001101011010101110110010110000100110110010010111011	01101100111001100001100000000010011100101101010111110111
10010001101011110101111110010110100100110110010010011001	01101110011001100000100000011010011101101101010111110111
10010001101011110101110110010110000100100010010010011011	01100110111001100000100000001010001100101101010111110111
10010001111011110101110010010110000110110110010010011111	01101110111001100000100000001010011110101111110111010111
10010001101011110101110110010110000100110110010010011011	01101110111001100000100000001010011100101101010111110111
10010001101011110101110110010110000100110110010010011011	01101110111001100000100000001010011100101101010111110111
10010001101011110101110110010110000100110111010010011011	01101111111001100000100000001010011100101101010111110111
00010001101011110101110110010110100100110110010010011011	01101110111001100000000000011010011100101101010111110111
10010001101011110101110010010110000100110110010010011111	01101110111001100000100000001010011110101101010111010111
10010001101011110101110111010110000100110110010010011011	01101110111001100000100000001011011100101101010111110111
10010001101011110101110110010110000100110110010010001011	01101110111001100000100000001010011100100101010111110111
00010001101011110101110010010110000100110110010010011011	01101110111001100000000000001010011100101101010111010111
10010001101011110001110110010110000000110110010010011010	01101110101001100000100000001010011100101100010111110101
10010001101011110101110110000100000100110110010010011011	01101110111001100000100000001010011100101101010101110011
10010001100011110101110110011110000100110110110010011011	01101110111011100000100010001010011100001101010111110111
10010001101011110101110110010010000100110110010010011011	00101110111001100000100000001010011100101101010111110111
10010001001001110101110110011110000100100110010010001011	01001110111011100000100000001010001100100001010111110111
10010001101011110101110110010110000100110100010010011011	01101110111001100000100000001010011100101101010111110110
10010001101011110101110110010110000100110110010010011011	01101110111001100000100000001010011100101101010111110111
10010001101001110101110110010110000100110110010010011011	01001110111001100000100000001010011100101101010111110111
10010011101011110101110110010110000100110111010100011011	01101111111001100000100000001110011100111101010011110111
10010001101011110100110110010110000100110110011010011001	11101110011001100000100000001010011100101101010110110111
00010011101011110101110110010110000100110110000010010011	01101110111001100000000000001110011000101101010111100111
10010001101011110101110110110111000100110110110010011011	01111110111101100000100010001010011100101101010111110111
10010001101011110101110110010110000100110110000010011011	01101110111001100000100000001010011100101101010111100111
10010001101011110101110110010110100100110110010010001011	01101110111001100000100000011010011100100101010111110111
10010101101001100101110110010110000100110110010010011011	01001110111001100000100100001010011100101101000111110111
10010101101011110101110110010110000100110110010010011011	01101110111001100000100100001010011100101101010111110111
10010000101010110101110110010110000100110110010010011011	01101010111001100000100000001010010100101101010111110111
10010001101011110101110010010110000100110110010110011011	01101110111001100000100000001010011100111101010111010111
10010001101010110101110110010110000100110110010010011011	01101110111001100000100000001010010100101101010111110111
11010001101011110101110110000110000101110110010010011011	01101110111001100100100000101010011100101101010111110011
10010001101011110101111110010110000100110110010010011001	01101110011001100000100000001010011101101101010111110111
10010001101011110101110110010110000000110110000010011011	01101110111001100000100000001010011100101101010111100101
10010001101011111101110010010110000100110110011110011011	11101110111001100000101000001010011100111101010111010111
10010001101011110101110110011110000110110110010010011011	01101110111011100000100000001010011100101101110111110111
10010001111011110101110110010100000000110110010010011011	01101110111001100000100000001010011100101111010101110101
10010001101011110101110100010110000100110010010000011011	01100110110001100000100000001010011100101101010011110111
10010001101011110101110100010110000100110111010010111111	01101111110001100001100000001010011110101101010111110111
00010000101011110101111110010110000100110100010010011011	01101010111001100000000000001010011101101101010111110110
10010001101011110101110110010110000101110000011011011011	11100110111001100000100000101010011100101101010111111110
10010001101011110001110000010110000100110110011010011011	11101110110001100000100000001010011100101100010111010111
10000001101011110001110110010110100100110110010010011001	01101100011001100000100000011010011100101100010111110111
10010001101011110101110110010110000100110110010010011011	01101110111001100000100000001010011100101101010111110111
10010001101011110101110110010110000100110110010010011011	01101110111001100000100000001010011100101101010111110111
10010001101011110101110100110110010100110110010010011011	01101110110101110000100000001010011100101101010111110111
10010001101011110101110110010110000100110110010000010011	01101110111001100000100000001010011000101101010011110111
10010001111011110101111110010110000100110110010010011011	01101110111001100000100000001010011101101111010111110111
10010001101011110101110110010110000100110110010010011011	01101110111001100000100000001010011100101101010111110111
10010001101010110101110110010111000000110110010010011011	01111110111001100000100000001010010100101101010111110101
10010001100010110101110100010111001100110010000010011011	01110110110001100000100001001010010100001101010111100111
10010001101011111101110100010110000100100110110011011011	01101110110001100000101010001010001100101101010111111111
10010001101011110101100110110110010100110110010010011011	01101110111101010000100000001010011100101101010111110111
10010001101011110101110110010110001100110110010010011011	01101110111001100000100001001010011100101101010111110111
10011001101011110101110110010110000100110110010010011011	01101110111001100010100000001010011100101101010111110111
10010001101001010101110110010110000100110110010010011011	01001110111001100000100000000010011100101101010111110111
10010001101010000101110110010110000100110110010010011011	01101110111001100000100000000010010100101101000111110111
10010001101011110101110110010110000100110110010010011011	01101110111001100000100000001010011100101101010111110111
10110001101011110101110110010110000100110110010010011011	01101110111001100000100000001010111100101101010111110111
10010001101011110101110110010110000100110110010010011011	01101110111001100000100000001010011100101101010111110111
10010001101011110101110110010110000100110110000010011010	01101110101001100000100000001010011100101101010111100111
10010001101011110101110110010110000100110110010010011111	01101110111001100000100000001010011110101101010111110111
10010001101010110101110110010110000101110110010010011011	01101110111001100000100000101010010100101101010111110111
10010001101011110101110110010100000100110110010010010010	01101110101001100000100000001010011000101101010101110111
10110001101011110101110110010100000100110111010010011011	01101111111001100000100000001010111100101101010101110111
10010001101001110101110110010110000100110110010010001011	01001110111001100000100000001010011100100101010111110111
10010001111011110101110110010110000100110110010010011011	01101110111001100000100000001010011100101111010111110111
10010001101011110101110110010000000100110110010010011010	00101110101001100000100000001010011100101101010101110111
10010001101011110101100110010110000100110110110010011011	01101110111001000000100010001010011100101101010111110111
10010001101011000001110100010110000100110111010011011011	01101111110001100000100000000010011100101100000111111111
10010001101011110101110110010110000101110110010010011011	01101110111001100000100000101010011100101101010111110111
10110001101011110101110110010110000100110110010010011011	01101110111001100000100000001010111100101101010111110111
10010001101011110101110110010110000100110110010010011011	01101110111001100000100000001010011100101101010111110111
10000011101011110001110110010110000100100110010000011011	01101100111001100000100000001110001100101100010011110111
10010001101011110101110110110110000000110110010010011011	01101110111101100000100000001010011100101101010111110101
10011001101011110101100110010110000110110100010010011011	01101110111001000010100000001010011100101101110111110110
10010001101011110101110100010110000100110111110011011011	01101111110001100000100010001010011100101101010111111111
10010001101011110101110110010111000100100110010010011011	01111110111001100000100000001010001100101101010111110111
10010001101011110100110110000110000100110110010010001011	01101110111001100000100000001010011100100101010110110011
10010001101011110101110110010110000100110110010010011011	01101110111001100000100000001010011100101101010111110111
10010001101011110101110110010110010100110110010010011011	01101110111001110000100000001010011100101101010111110111
10010001101011110111110110010110000100110110010010011011	01101110111001101000100000001010011100101101010111110111
10010001001011110101110110010110010100110110010010011011	01101110111001110000100000001010011100101001010111110111
10010001101010110100110110010110000100110110010010010011	01101110111001100000100000001010010000101101010110110111
10010001101011110101110110010110000100110110010010011011	01101110111001100000100000001010011100101101010111110111
10010001101011100101110110010110000100110110010110111011	01101110111001100001100000001010011100111101000111110111
10010001101011110101110110011110000100110110010010011011	01101110111011100000100000001010011100101101010111110111
10010001101011110101110110010110000100110110010010011011	01101110111001100000100000001010011100101101010111110111
10000001101011110101110110010110000100110110010010011011	01101100111001100000100000001010011100101101010111110111
10010001101011110111111110010110000100110110010010011011	01101110111001101000100000001010011101101101010111110111
10010001111011110101110110011110000100110110010010011011	01101110111011100000100000001010011100101111010111110111
10010001101011110101110110011110000100110110010010000011	01101110111011100000100000001010011000100101010111110111
10010001101011110101110110010110000100110110010010011011	01101110111001100000100000001010011100101101010111110111
10110001101011110101110110010110000100110100010010011011	01101110111001100000100000001010111100101101010111110110
10010001101011110101110110010110000100110110010010011011	01101110111001100000100000001010011100101101010111110111
10010001101010110101110110010110000100110110010010011011	01101110111001100000100000001010010100101101010111110111
10010001101111110101110110010110000100110110010010011011	01101110111001100000110000001010011100101101010111110111
10010001000011110101110110010110000100110110010010011011	01101110111001100000100000001010011100001001010111110111
10010001101011110101110110010110000100110111010000011011	01101111111001100000100000001010011100101101010011110111
10010001101011110101100110011110000100110110010010011011	01101110111011000000100000001010011100101101010111110111
10010001101011110101110110010110000101110110010010011011	01101110111001100000100000101010011100101101010111110111
10010001101011010101100110010110000100110110010000011011	01101110111001000000100000000010011100101101010011110111
10010001101011110101110111110111000100110110010010011011	01111110111101100000100000001011011100101101010111110111
10010001101011110101110110010110010100110010010010011011	01100110111001110000100000001010011100101101010111110111
10010001100111111101110110010110000100110111010110011011	01101111111001100000111000001010011100011101010111110111
10010001101011110101110110010110010100111110010010011011	01101110111001110000100000001010011100101101011111110111
10010001100011110101110110010110001100110000010010011011	01100110111001100000100001001010011100001101010111110110
10010001101011110101110110010110000100110010010010011011	01100110111001100000100000001010011100101101010111110111
10011001101011110101110110110110000100110110010010011011	01101110111101100010100000001010011100101101010111110111
10010001101011110101110110010110001100110110010110011010	01101110101001100000100001001010011100111101010111110111
10010001101001110101110110010110000101110110010011011011	01001110111001100000100000101010011100101101010111111111
10010001101011110101110111000110000100110110010010011011	01101110111001100000100000001011011100101101010111110011
10010001101011110101110110010110000100110110010010001011	01101110111001100000100000001010011100100101010111110111
11010001101001110100110110010110000100100110110010011011	01001110111001100100100010001010001100101101010110110111
10010000101011110101110010010110000000110110010010011011	01101010111001100000100000001010011100101101010111010101
10010001101011110101110110010110001100110110010010011011	01101110111001100000100001001010011100101101010111110111
10010001101011110101110110010110000100110110010010011011	01101110111001100000100000001010011100101101010111110111
10010001101011110001110110010110000100010110010010011010	01101110101000100000100000001010011100101100010111110111
10010001101011110111110110010110000100110110010010011011	01101110111001101000100000001010011100101101010111110111
10000001101011010101100110010110000100110110010010111011	01101100111001000001100000000010011100101101010111110111
10010001101011110101110110010110000100010110010010011011	01101110111000100000100000001010011100101101010111110111
10010101101011110101110110010110000100110110010010011011	01101110111001100000100100001010011100101101010111110111
10110001101011110101110110110110000100110110010010011011	01101110111101100000100000001010111100101101010111110111
10010001101011110101110111010110000000110110000011011011	01101110111001100000100000001011011100101101010111101101
11010001101011110111110110010110000100110110010010011011	01101110111001101100100000001010011100101101010111110111
10010001101011110101110110010111000100110110010010011011	01111110111001100000100000001010011100101101010111110111
10010001101010110101111110010110000100110110010010011011	01101110111001100000100000001010010101101101010111110111
10010001101011110101110110010010000100110110010010011011	00101110111001100000100000001010011100101101010111110111
10010001101011110101110110010110000000110110010010011011	01101110111001100000100000001010011100101101010111110101
10010001101011110101110110010010000101110110010010111011	00101110111001100001100000101010011100101101010111110111
10010001101011010101110110010100000100110110010010011011	01101110111001100000100000000010011100101101010101110111
10010001101111100101110110010110000100110110010010011011	01101110111001100000110000001010011100101101000111110111
10010001101011110101110110010010001100110110010010011011	00101110111001100000100001001010011100101101010111110111
10010001101011111101110110010110000100110100010010011111	01101110111001100000101000001010011110101101010111110110
10010001101011110001110110010110000100110110010010011010	01101110101001100000100000001010011100101100010111110111
10110001101010110101010110010111000100110100010010011001	01111110011001100000100000001000110100101101010111110110
10010001101010110001110110010110000100110110010010011001	01101110011001100000100000001010010100101100010111110111
10010000101010110101110110010110000110110110010010011111	01101010111001100000100000001010010110101101110111110111
10010001101011110101110110010100010100110110010110011011	01101110111001110000100000001010011100111101010101110111
10010001001011110101110110010110000100110110010000011011	01101110111001100000100000001010011100101001010011110111
10010001001011110101110110011110000100010110110010011011	01101110111010100000100010001010011100101001010111110111
10010001100011110101110110010111000100110110010010011011	01111110111001100000100000001010011100001101010111110111
10010001101011110101110110010110000100110110011010011011	11101110111001100000100000001010011100101101010111110111
11010001101011110101110110010110001100110110010010011011	01101110111001100100100001001010011100101101010111110111
10010001101011110101110110010110000100110110010010011011	01101110111001100000100000001010011100101101010111110111
10010001101011110101110100010110000100010110010010011011	01101110110000100000100000001010011100101101010111110111
10010001101011110101110110010110100100110110010010011011	01101110111001100000100000011010011100101101010111110111
10010001101011110101111110010010000100110110010010011011	00101110111001100000100000001010011101101101010111110111
