raw	permuted
10101100110010000010001010111010011110011010000001000111	01101110001001100000100000001010011100100001010111110111
10101100100010000010001001111010011110011010001101000111	01101110111001100000100000000010011100001001010111110111
10101100110010000010001001011010011100011010001101000111	01101110111001100000000000000010001100101001010111110111
10101100110110000010101011111010011110011010001101000011	11101110111001110000100000001010011100101001010111110011
10101101110010100100001011111010011110011010001101010111	01101110111011100000100010001010011000111101010111110111
10001100110010000010001011111010011110011010000101000111	01101110111001100000100000001010011100100001000111110111
10101100110010000010001011111010011110011010001101000111	01101110111001100000100000001010011100101001010111110111
10101100110010100010001011111010011110011010001101100111	01101111111001100000100000001010011100101101010111110111
10101100110010000010001011111010011110111011011101100111	01101111111001100000100000101010111101101001010111110111
11101100110011100010101011111010011110011110001101000111	11101110111001101000100100011010011100101101010111110111
10101100110010000010001011111110011110010110001101000111	01101110111001101000100000001010011100101000011111110111
10001110110010010010001011111010011110011010001001000111	01101110011101100000110000001010011100101001000111110111
10101100110010000010001011111010011110011010001101001011	01111110111001100000100000001010011100101001010111110011
10101100110000100010001011111010011110011010001101000110	00101110111001100000100000001010011100101101010110110111
10101100110010000010101011111010011110011011001101000111	11101110111001100000100000001010011101101001010111110111
10101100110010000010001011111010011110011010001101000110	00101110111001100000100000001010011100101001010111110111
10101100110010000010001011111010011110011010001101000111	01101110111001100000100000001010011100101001010111110111
10101000110010000010001011111010011110010010001101000111	01101110110001100000100000001010011100101000010111110111
10101100111010100010001011111010011110011010001101000111	01101110111001100000100001001010011100101101010111110111
10101100110010000010001011111010011100011010001001000111	01101110011001100000000000001010011100101001010111110111
10101100110010000010001011111010001110011010001101000111	01101010111001100000100000001010011100101001010111110111
10001100110110000010001011111010011110011010001101010111	01101110111001110000100010001010011100101001000111110111
10101100110010100010001011111010011110011010001101010111	01101110111001100000100010001010011100101101010111110111
10101100110010000010001011111010010110011010001101000111	01101110111001100000100000001010011100101001010111010111
10101100110010100010001111111010011100011010001101000111	01101110111001100010000000001010011100101101010111110111
10101100100010000010001011111010011110011010001101010111	01101110111001100000100010001010011100001001010111110111
10101100110010000010001011111010011110011010001101000111	01101110111001100000100000001010011100101001010111110111
10101100110010000010001011111010011110001010000101000101	01101100111001100000100000001010011100100001010101110111
10101100110110000010001011111010011110011010001101000111	01101110111001110000100000001010011100101001010111110111
10101100100110100000001011111010011100011010001101110111	01101111111001110000000010001010011000001101010111110111
10101100110010000010001011111110011110011010001101000111	01101110111001100000100000001010011100101001011111110111
10101100011010000010001011111010011110001000001101000011	01101100111001100000100001001000010100101001010111110011
10101110110010000010001011111010010110011011001101000111	01101110111001100000110000001010011101101001010111010111
10101100110010000010001011111010011100011010001101000111	01101110111001100000000000001010011100101001010111110111
10101100110010000010001001111010011110001010001101000111	01101100111001100000100000000010011100101001010111110111
10101110010010000010000011111010011110011010001101000111	01101110111000100000110000001010010100101001010111110111
10101100110010100010001011110010011110011010001101010111	01101110111001100000100010001010011100101101010111110110
10101100110010000010001011110010010100011010001101000111	01101110111001100000000000001010011100101001010111010110
10101100110010000110001011111011011110011010001101000111	01101110111001100001100000001010011100111001010111110111
10001100110010000000001011110010011110011010001101000111	01101110111001100000100000001010011000101001000111110110
10100100110000100010001011111010011110011110001101000111	01001110111001101000100000001010011100101101010110110111
10101100110010100011001011111010011110011010001101000111	01101110111001100000100000001010011110101101010111110111
10101100110010000010001011111010011010111010001101000011	01101110111001000000100000001010111100101001010111110011
10101100110010000010001011111010011111011011001101100111	01101111111001100100100000001010011101101001010111110111
10101100111010000010001011111010011110011010001101000111	01101110111001100000100001001010011100101001010111110111
10101100110010000010001011111010011110011010001101000111	01101110111001100000100000001010011100101001010111110111
10101100110010100010101011111010011110011010001101000111	11101110111001100000100000001010011100101101010111110111
10101100110010000010001011111011011110011010001101100110	00101111111001100001100000001010011100101001010111110111
10101100110010000010101011111010011110011010001101001111	11111110111001100000100000001010011100101001010111110111
10101100110000000110111011111010011110011000001101000111	11101110111001100000100000001000011100111011010110110111
10101100010011000010001011111010011010011010001101000111	01101110111001000000100100001010010100101001010111110111
10101100110010000010001011111010010110011010000101001111	01111110111001100000100000001010011100100001010111010111
10101110110010001010001011111010011110011010011101000111	01101110111001100000110000101011011100101001010111110111
10101100110010011010001011001010011110001010001101000111	01100100111101100000100000001011001100101001010111110111
10001100110010000010101011111010011110011010001101000110	10101110111001100000100000001010011100101001000111110111
10000100110010100010001011111010011100011010001101000111	01001110111001100000000000001010011100101101000111110111
10101100110010100010011011111010011110011011001101001011	01111110111001100000100000001010011101101111010111110011
10100100110010000010001001111010011110011010001101000111	01001110111001100000100000000010011100101001010111110111
10101100110010000010001011101010001110011010001101000111	01100010111001100000100000001010011100101001010111110111
00101100110010100010001011111010011110011010001101000111	01101110111001100000100000001010011100101101010111110101
00101100110010000010001011110010011110011000001101000111	01101110111001100000100000001000011100101001010111110100
10101100110000100010001011111010011100011010001101000111	01101110111001100000000000001010011100101101010110110111
00101100110010001010001011111010011110011010001101000111	01101110111001100000100000001011011100101001010111110101
10101100110010000010001011111010011110001010001101000111	01101100111001100000100000001010011100101001010111110111
10101100110010000010001011111010011110011010001101000111	01101110111001100000100000001010011100101001010111110111
10101100110010100010000011111010011110011010001101000111	01101110111000100000100000001010011100101101010111110111
10101100110010000010001011111010011110011010001100000111	01101110111001100000100000001010011100101001010011110111
10101100110010101010001011111010010110010010001101000111	01101110111001100000100000001011011100101100010111010111
10101100110010000110001011011010011010011010001101000111	01101110111001000000100000001010001100111001010111110111
10101100110010000010001011101010111110011010001101000111	01100110111001100000100000001110011100101001010111110111
10111100110010100010001011111010011110011010001101000111	01101110111001100000101000001010011100101101010111110111
10101100110010100010001011110010011110011110001111000111	01101110111001101000100000001010011100101101010111111110
10101100110000000010001111111010011110011010001101000111	01101110111001100010100000001010011100101001010110110111
10101100110010100010001010111010011110011010001100000110	00101110101001100000100000001010011100101101010011110111
10101100110010000010001011111110011110111010001101000111	01101110111001100000100000001010111100101001011111110111
11101100110010000010001011111010011110011010001100000111	01101110111001100000100000011010011100101001010011110111
10101100110010100010001011111010011110011010001101000111	01101110111001100000100000001010011100101101010111110111
10101100110010000010001011111010011110011000001101000111	01101110111001100000100000001000011100101001010111110111
10001100110010000010001011011010011110011011001101000111	01101110111001100000100000001010001101101001000111110111
10101100110010000010101011111010011110011000001101000111	11101110111001100000100000001000011100101001010111110111
10101101010010000010001011011010011110011010001101000111	01101110111011100000100000001010000100101001010111110111
10101100100010100010101011111011011110011010001101000111	11101110111001100001100000001010011100001101010111110111
10101100110010100010001011101010011110011010001101000111	01100110111001100000100000001010011100101101010111110111
10101100110010000000001011111010011111011010001101000111	01101110111001100100100000001010011000101001010111110111
10101100110010000010001011111010011110011010001101000111	01101110111001100000100000001010011100101001010111110111
10100100110011000010001011111010011110011010001101000111	01001110111001100000100100001010011100101001010111110111
10101100110010100010001011111010010110011010001101000011	01101110111001100000100000001010011100101101010111010011
10101100110010100010001011111010011110011011001101000111	01101110111001100000100000001010011101101101010111110111
10101100111010000110001011111010111110011010001101000111	01101110111001100000100001001110011100111001010111110111
10101101110010000010001011111010011110011010000101000111	01101110111011100000100000001010011100100001010111110111
10101100110010000110001011111010011110011010001101000111	01101110111001100000100000001010011100111001010111110111
10101100111010000010001011111010011110011010001101000111	01101110111001100000100001001010011100101001010111110111
10101100110010000010001011101010011110011010000101000111	01100110111001100000100000001010011100100001010111110111
00101100110010100010001011111010011100011010101101000111	01101110111001100000000000001010011100101101110111110101
10101100111010000010001011111010011110011010011111001111	01111110111001100000100001101010011100101001010111111111
00101100110010000010001011111010011110011000001101000111	01101110111001100000100000001000011100101001010111110101
10101100110010000010001011111010011110011110001101000110	00101110111001101000100000001010011100101001010111110111
10101111111010100010001011111010011110011010001101000111	01101110111011100000110001001010011100101101010111110111
10111100110110000010001010111010011110011010001100000111	01101110101001110000101000001010011100101001010011110111
10101100110010000010001011110010011110011010001101000111	01101110111001100000100000001010011100101001010111110110
00101100110010100110001011111010011110011010001101000111	01101110111001100000100000001010011100111101010111110101
10101100110010000010001011111010011110011010001101000111	01101110111001100000100000001010011100101001010111110111
10101100110010000010001011111010011110011000101101000111	01101110111001100000100000001000011100101001110111110111
10100100110011000010001011111011011010011010001101000011	01001110111001000001100100001010011100101001010111110011
10101100110010000010001011111011011010011010001001010111	01101110011001000001100010001010011100101001010111110111
10101101111010010010001011101010011110011010001101100010	00100111111111100000100001001010011100101001010111110011
10101100110010100000001001111010011110011010001101000111	01101110111001100000100000000010011000101101010111110111
10101000110011100010001011110010011110011010001101000111	01101110110001100000100100001010011100101101010111110110
10101100110000100010001011111010011110011010001101000111	01101110111001100000100000001010011100101101010110110111
10101100110010000010001011111001011110011010001101000111	01101110111001100001100000001010011100101001010111100111
10100100110110101010001011111010011110011010001101000111	01001110111001110000100000001011011100101101010111110111
10101100110010000010001001111010011110011010001101000111	01101110111001100000100000000010011100101001010111110111
10111100110010000010001111111010011110011010001101000111	01101110111001100010101000001010011100101001010111110111
10101100110010000010001011111010011110011011001111000111	01101110111001100000100000001010011101101001010111111111
10101100110010100010001011111010011110011010000101100111	01101111111001100000100000001010011100100101010111110111
10101100110010100010001010111010011110011010001100000111	01101110101001100000100000001010011100101101010011110111
10101100110010000010001011111010011110011010001101000111	01101110111001100000100000001010011100101001010111110111
10101100110010000010001011111000111110010010001101000111	01101110111001100000100000001110011100101000010111100111
10101100110010000010001011111010011110011010001100000111	01101110111001100000100000001010011100101001010011110111
10100100110110000110001011111110011110011010001101000111	01001110111001110000100000001010011100111001011111110111
10101100111010000010000011111010011110111010001100000011	01101110111000100000100001001010111100101001010011110011
10101100110010100010001011111010011100011010001101000111	01101110111001100000000000001010011100101101010111110111
10100100110010000010001011111010011111011010000101000111	01001110111001100100100000001010011100100001010111110111
10101100110010100010001011111010011110011000001101000111	01101110111001100000100000001000011100101101010111110111
10101100110010000010001011111010011100011010001101010111	01101110111001100000000010001010011100101001010111110111
10101100110110000010011011111010011110011010001101000111	01101110111001110000100000001010011100101011010111110111
10101100110010100011001011111010011110011010001101000101	01101110111001100000100000001010011110101101010101110111
10101100110010000010001011111010011110011010001101000111	01101110111001100000100000001010011100101001010111110111
10101100110010100010001001110000011110011010001101000111	01101110111001100000100000000010011100101101010111100110
10101100110010000010011011001010011110011010001101001111	01110110111001100000100000001010001100101011010111110111
10101100110010000010001011111010011110111010001101000111	01101110111001100000100000001010111100101001010111110111
10101100110010000011001011111010011100011110101101100111	01101111111001101000000000001010011110101001110111110111
10101100110010000010000011111010011110011010001101000111	01101110111000100000100000001010011100101001010111110111
10101100110010000010001011111010011110011010101101000111	01101110111001100000100000001010011100101001110111110111
10101100110010000010001011111010011110011010001101000101	01101110111001100000100000001010011100101001010101110111
10101100110010000010001011111010011110001010001101000111	01101100111001100000100000001010011100101001010111110111
10101100110010000010001011111011011100011010001101000111	01101110111001100001000000001010011100101001010111110111
10101100110010000010001011111010011110011010001101000111	01101110111001100000100000001010011100101001010111110111
10101100110010011010001011111010011010011010001101000111	01101110111101000000100000001011011100101001010111110111
11101100000000100011001011101110011110011010001101000111	01100110111001100000100000011010010110001101011110110111
10101100110010000010011011111010110110011010011100000111	01101110111001100000100000101110011100101011010011010111
10001100110000000010001011111010011110011010001101100111	01101111111001100000100000001010011100101001000110110111
10101100110010000010001011111010011110011010001101000111	01101110111001100000100000001010011100101001010111110111
10101100110010100010001011111010011110011010001101000110	00101110111001100000100000001010011100101101010111110111
10101100110010000010001011111010011111010010000101000111	01101110111001100100100000001010011100100000010111110111
10101100110010000010001011111010011110011010001101000111	01101110111001100000100000001010011100101001010111110111
10101100110010100010001011111010011110011010001101001111	01111110111001100000100000001010011100101101010111110111
10101100110010000010001010111010001110111010000101000111	01101010101001100000100000001010111100100001010111110111
10101100110010000110001011111010010110011010001101000111	01101110111001100000100000001010011100111001010111010111
10101100110010100010001111111010011110010010001101000111	01101110111001100010100000001010011100101100010111110111
10101100110010000010001011111010011110011010001101000111	01101110111001100000100000001010011100101001010111110111
10101100110010100010001001111010011110011010001101010111	01101110111001100000100010000010011100101101010111110111
10101100110010000010001011111000011110001010001101000111	01101100111001100000100000001010011100101001010111100111
10101100110010000010001011111010011110011010001101000111	01101110111001100000100000001010011100101001010111110111
10101100110010000010001011111010010110011010001101000111	01101110111001100000100000001010011100101001010111010111
10101100110010000010001011001010011110011010001101000111	01100110111001100000100000001010001100101001010111110111
10101101110010100010001011111010011110011010011101000111	01101110111011100000100000101010011100101101010111110111
10101100110010001010001011111010011110001010001101000111	01101100111001100000100000001011011100101001010111110111
10101100110010000010011011111010011110011010001101000111	01101110111001100000100000001010011100101011010111110111
10101100110010000010001011101010011110011110001101000111	01100110111001101000100000001010011100101001010111110111
10101100110010000010001011011010011110011010001101000111	01101110111001100000100000001010001100101001010111110111
10101100110010000010001011111010011110011010011111000111	01101110111001100000100000101010011100101001010111111111
10101100110010000010001011111010011110011110001101001111	01111110111001101000100000001010011100101001010111110111
10101100110010000010001011111010001110011010001101000111	01101010111001100000100000001010011100101001010111110111
10101100110010100010001011111010011110011010001101000111	01101110111001100000100000001010011100101101010111110111
10100100110011000010001011111010011100111010001101000111	01001110111001100000000100001010111100101001010111110111
10111100110010100010001011111010011110011010001101000111	01101110111001100000101000001010011100101101010111110111
10100100110010000010001011111010111110011010001101000111	01001110111001100000100000001110011100101001010111110111
10101100110010100010001011111010111110011010001101000111	01101110111001100000100000001110011100101101010111110111
10101100110010100010101011111010010110011010101101000111	11101110111001100000100000001010011100101101110111010111
10101100110010000010101011111010011110011010001101000111	11101110111001100000100000001010011100101001010111110111
10101100110010000010001011111010001110011010001101000111	01101010111001100000100000001010011100101001010111110111
10101100110010100010001011111010011110011010001101000111	01101110111001100000100000001010011100101101010111110111
10101100110010000010000011111010111010011010001101100111	01101111111000000000100000001110011100101001010111110111
10101100110010000010001011111010011110011010101111000111	01101110111001100000100000001010011100101001110111111111
11101100110110000010001011111010011110011010001101000111	01101110111001110000100000011010011100101001010111110111
10101100110010000010001011111010011101011010001101000111	01101110111001100100000000001010011100101001010111110111
10101100110010000010000011111010011110011010001101000011	01101110111000100000100000001010011100101001010111110011
10101100110010000010000001111010011110011000001101000111	01101110111000100000100000000000011100101001010111110111
10101100100010101010001011111110011111010010001101000111	01101110111001100100100000001011011100001100011111110111
10101100110010000010001011111010001110010010001101000111	01101010111001100000100000001010011100101000010111110111
10101100110000100010011011111010010110011011001111000111	01101110111001100000100000001010011101101111010110011111
10001100110010000110001011111010011110011010001101000111	01101110111001100000100000001010011100111001000111110111
10101100110010100010001011111010011110011010001101100111	01101111111001100000100000001010011100101101010111110111
10101100010010001010001011111010011110011010001101000111	01101110111001100000100000001011010100101001010111110111
10101100110010100010001011110010011110011011001101000111	01101110111001100000100000001010011101101101010111110110
10101100110010000010001011111010011110011010001101000101	01101110111001100000100000001010011100101001010101110111
10101100010110000011001011111010011110011010001101000111	01101110111001110000100000001010010110101001010111110111
10101100110010000010001001111000101110011010001101000111	01101010111001100000100000000110011100101001010111100111
11101100110010000110001011111010011110011010001101001110	00111110111001100000100000011010011100111001010111110111
10101100110011000010001011111010011110011010000101000111	01101110111001100000100100001010011100100001010111110111
10101110110010000010001011111010011111011010001101000111	01101110111001100100110000001010011100101001010111110111
10101100110000000010000011111010011110011010101111000111	01101110111000100000100000001010011100101001110110111111
10101100110010000010001001111010011110011010001101000111	01101110111001100000100000000010011100101001010111110111
10101100110010000110001010111010011110011010001101000011	01101110101001100000100000001010011100111001010111110011
00101100110010100010001011111010011110011010001101000111	01101110111001100000100000001010011100101101010111110101
10101100110010000010001011111110011110011010001101001111	01111110111001100000100000001010011100101001011111110111
10101100110010000010001011111010011110011010001101000111	01101110111001100000100000001010011100101001010111110111
10101100110010100010001011111000001110001011001101000111	01101000111001100000100000001010011101101101010111100111
10101100110010000011001011011010011110011010001101000101	01101110111001100000100000001010001110101001010101110111
10101100110010000000001011011010011110011010001101000101	01101110111001100000100000001010001000101001010101110111
10101100110010000010001011111001011100010010001101000111	01101110111001100001000000001010011100101000010111100111
10101100110111000010001011111010011110011110001100000011	01101110111001111000100100001010011100101001010011110011
10101100110010000010001011111010011110011010101101000111	01101110111001100000100000001010011100101001110111110111
00101100110010000010001001111010011110011010001101000111	01101110111001100000100000000010011100101001010111110101
10100100010010100010001011111010011110011010001101000111	01001110111001100000100000001010010100101101010111110111
11101110110010101010001011111010010110011010001101000111	01101110111001100000110000011011011100101101010111010111
10101100110010000010001011101010011110011010001101000111	01100110111001100000100000001010011100101001010111110111
00101100110010000010001011111010011110011010001101100111	01101111111001100000100000001010011100101001010111110101
00101100110010000010001011111010011110011010001101000111	01101110111001100000100000001010011100101001010111110101
10101100110010000010001011111010011110011010001101000111	01101110111001100000100000001010011100101001010111110111
10001100110010100010011011111110011110001010001101000111	01101100111001100000100000001010011100101111001111110111
10101100110010100110001011111010011110011010001101000111	01101110111001100000100000001010011100111101010111110111
10101100110010100010001011111010011110011010101101000111	01101110111001100000100000001010011100101101110111110111
10101100110010000010001111111000011110011010001101000111	01101110111001100010100000001010011100101001010111100111
10101100110010100010001011111010011110111010001101000011	01101110111001100000100000001010111100101101010111110011
10101100010010100010001011111010011110011010001101000111	01101110111001100000100000001010010100101101010111110111
10101100110010000010001111111010011110010010101101000111	01101110111001100010100000001010011100101000110111110111
10101100110011000010001111111010011110011010001101000111	01101110111001100010100100001010011100101001010111110111
10101100110010000010101111111010011110011010001101000111	11101110111001100010100000001010011100101001010111110111
10101100110010000010001011111010011110011010001101000111	01101110111001100000100000001010011100101001010111110111
10101100110010100010001011111010011110011010001101000111	01101110111001100000100000001010011100101101010111110111
10101101110010100110001011111010011100011010011101000111	01101110111011100000000000101010011100111101010111110111
10101100110010000010011011111010011110011010001101000111	01101110111001100000100000001010011100101011010111110111
11101100110010000010011110111010011110011010001101000111	01101110101001100010100000011010011100101011010111110111
10101100110010000010001111111010011110011010001101000011	01101110111001100010100000001010011100101001010111110011
10101100110010000010001011111010011110011010001101000111	01101110111001100000100000001010011100101001010111110111
10101100110010000010001010111010011100011010001101000111	01101110101001100000000000001010011100101001010111110111
10101100110010000010001011111010011110011010001101000101	01101110111001100000100000001010011100101001010101110111
10101100110010000010001011011010111110011010001001000111	01101110011001100000100000001110001100101001010111110111
10101100110010000010001011111010010111011010001101000111	01101110111001100100100000001010011100101001010111010111
10101100110000000010001011111110011110010010001101000111	01101110111001100000100000001010011100101000011110110111
10101110110010000010000011111010011110011010001101000111	01101110111000100000110000001010011100101001010111110111
10101100110010100010001011101010011110111010001101000111	01100110111001100000100000001010111100101101010111110111
10101100110000000010001011111010011110011010001100000111	01101110111001100000100000001010011100101001010010110111
10101100110010000010001011011110011110011010001101000111	01101110111001100000100000001010001100101001011111110111
10101100110010000010001011111000011110011000001101010111	01101110111001100000100010001000011100101001010111100111
10111100110010000010101011111010011110001010001101000111	11101100111001100000101000001010011100101001010111110111
10101100110010000010001011111010011110011010001101000111	01101110111001100000100000001010011100101001010111110111
10101100110010100010001011111110011010011010001101000111	01101110111001000000100000001010011100101101011111110111
10101100110010000010001011110010011110011010001101000111	01101110111001100000100000001010011100101001010111110110
10101100110010000010001111111110011110011010001101001111	01111110111001100010100000001010011100101001011111110111
10101101110010000010001011111000011110011010001101000111	01101110111011100000100000001010011100101001010111100111
10101100110010000010001011111010010110011010001101000111	01101110111001100000100000001010011100101001010111010111
10101100100010000010001011011010011110011010001101000111	01101110111001100000100000001010001100001001010111110111
10101100110010100010001011111010011110011010001101000111	01101110111001100000100000001010011100101101010111110111
01101100110010000010001011111010011110011010001101000111	01101110111001100000100000011010011100101001010111110101
10101100110010000010001011111010011110010010001111000111	01101110111001100000100000001010011100101000010111111111
10101100110010000010001011111010011110011010001101000111	01101110111001100000100000001010011100101001010111110111
10101100110010000010001011111010011111011011001101000111	01101110111001100100100000001010011101101001010111110111
10101100010010100000001011111010011010011010001101000111	01101110111001000000100000001010010000101101010111110111
10101000110010000010101111011010011110011010000111000011	11101110110001100010100000001010001100100001010111111011
10101110110010000010001011111010011110011110001101000111	01101110111001101000110000001010011100101001010111110111
10100100111010100010001011111010011110011110001101000111	01001110111001101000100001001010011100101101010111110111
10101100110010000010011011011011011110011010001101000101	01101110111001100001100000001010001100101011010101110111
00101100110010000010001011111000011110011010011101000111	01101110111001100000100000101010011100101001010111100101
10101100110010000010001011111010011110011010001101000111	01101110111001100000100000001010011100101001010111110111
10101100110010000010001011111010011110011010001101000111	01101110111001100000100000001010011100101001010111110111
10101000110010000010001111111010001110011011001101000111	01101010110001100010100000001010011101101001010111110111
10001100110010000010001011111010011111011010001101000111	01101110111001100100100000001010011100101001000111110111
10101100110010000010000011111010011110011010001101000111	01101110111000100000100000001010011100101001010111110111
10001100110010000010001001111000011110011010001101000111	01101110111001100000100000000010011100101001000111100111
10101100110010100010000011111000011010011010001101001111	01111110111000000000100000001010011100101101010111100111
10101100110010000010001011111010011110011010001101000111	01101110111001100000100000001010011100101001010111110111
10101100110010000010001011111010011110011010001101000111	01101110111001100000100000001010011100101001010111110111
00101100110010000010001111111010011110011000001101000111	01101110111001100010100000001000011100101001010111110101
10101110110010000010001011111010011110011010001101000111	01101110111001100000110000001010011100101001010111110111
10101000110010000010001011111010011110011010001101000111	01101110110001100000100000001010011100101001010111110111
10101100110011000010011011111010011110011010000101000111	01101110111001100000100100001010011100100011010111110111
10101100110010000010001011111010011110011010001101000110	00101110111001100000100000001010011100101001010111110111
10101100110010100010001011111010001110011010001001000111	01101010011001100000100000001010011100101101010111110111
10101100110110000011001011111010010110011010001101000111	01101110111001110000100000001010011110101001010111010111
10101100110000000010001011111010011110011010001101000111	01101110111001100000100000001010011100101001010110110111
10100100110010000010001011111010011110011010001101000111	01001110111001100000100000001010011100101001010111110111
10101000110010101010001011111010011110001000001101001111	01111100110001100000100000001001011100101101010111110111
10101100110010100010001011111010011110011010001101010111	01101110111001100000100010001010011100101101010111110111
10001100110010000010101011111010011110011010001101000111	11101110111001100000100000001010011100101001000111110111
10101100110010100010001011111010111110011010001101000111	01101110111001100000100000001110011100101101010111110111
10101100110010000010001011111110011110011010001101000111	01101110111001100000100000001010011100101001011111110111
00101100110010000010001011111010011110011010011101000111	01101110111001100000100000101010011100101001010111110101
10101100110010100010011011111010011110011010001101000111	01101110111001100000100000001010011100101111010111110111
10101100110010100010001011111010011100011000001101000111	01101110111001100000000000001000011100101101010111110111
10101100110010000010001011111010011110010010001101000111	01101110111001100000100000001010011100101000010111110111
10111100110111000010001011111010001110011010001101000111	01101010111001110000101100001010011100101001010111110111
10101100110010000010001011111010011100011010001101000111	01101110111001100000000000001010011100101001010111110111
10101100100010000010001011110010011110011011000101000111	01101110111001100000100000001010011101000001010111110110
10101100110010100010001011111010011110011011001101000111	01101110111001100000100000001010011101101101010111110111
10101100110011000010001011111011011110011010001101000011	01101110111001100001100100001010011100101001010111110011
10101100110010001010001011111010011111011000101101000111	01101110111001100100100000001001011100101001110111110111
10101100110010100010000011111010011110111010001101000111	01101110111000100000100000001010111100101101010111110111
11111100110010001010001011111010011110011010001101000111	01101110111001100000101000011011011100101001010111110111
10101100110110000010011011111010011110011010001101000111	01101110111001110000100000001010011100101011010111110111
10101100110010000010001011111010111110011010001101000101	01101110111001100000100000001110011100101001010101110111
10101100010010000010001011111010011110011000001101000111	01101110111001100000100000001000010100101001010111110111
11101100110010000010001011111010001110111010001111010111	01101010111001100000100010011010111100101001010111111111
10101100110010100010001011111000011110011010001101001111	01111110111001100000100000001010011100101101010111100111
10100100110010100010001011111010011110011010001101000101	01001110111001100000100000001010011100101101010101110111
10101100110010000011011011111010010110011010001101000101	01101110111001100000100000001010011110101011010101010111
10101100110010100010001011111010011110011010001101100111	01101111111001100000100000001010011100101101010111110111
10101101110010100010001011111010011110011010001101000111	01101110111011100000100000001010011100101101010111110111
10101100110010100010001011111010011110011011001101000111	01101110111001100000100000001010011101101101010111110111
10001110110010000010011011111010011110011010001101010111	01101110111001100000110010001010011100101011000111110111
10111100110010000010001110111000011110011010001101000110	00101110101001100010101000001010011100101001010111100111
10101100110010000010001011111010011110011010001101000111	01101110111001100000100000001010011100101001010111110111
10101100110010100010001011111010011110011010001101100111	01101111111001100000100000001010011100101101010111110111
10001100110010000010001010111010011110011010001101000111	01101110101001100000100000001010011100101001000111110111
10001100110010000010001011111010011110011000001101000111	01101110111001100000100000001000011100101001000111110111
10101100110010000010001011111010011110011010001101100111	01101111111001100000100000001010011100101001010111110111
10101010110010010010001011111010011110011010001101000111	01101110110101100000110000001010011100101001010111110111
10101100110010100010001011111010011110011010001100001111	01111110111001100000100000001010011100101101010011110111
10101100110010000010001011111010011100011010101101000111	01101110111001100000000000001010011100101001110111110111
10101110110010000010001011111011011110011010001101000111	01101110111001100001110000001010011100101001010111110111
10101100110010000011001011111010011010111000001101000111	01101110111001000000100000001000111110101001010111110111
10101100110001000010001011111010011110011011001101000111	01101110111001100000100100001010011101101001010110110111
10101100010011101010001011111011011110011010001101000111	01101110111001100001100100001011010100101101010111110111
10101100110010000010001011111010011110011010001101000111	01101110111001100000100000001010011100101001010111110111
10101000110010000010001011111010011110011010001101010111	01101110110001100000100010001010011100101001010111110111
10101101110110000010101011111010010110011010001101000111	11101110111011110000100000001010011100101001010111010111
10101100110010100010001011111010011110011010001111000111	01101110111001100000100000001010011100101101010111111111
10001100110010000010001011111010011110011010001101000111	01101110111001100000100000001010011100101001000111110111
10101100110010000010001011101010011110011010001101000111	01100110111001100000100000001010011100101001010111110111
10101100110010000010001011111110011110011110001101000111	01101110111001101000100000001010011100101001011111110111
10101100110010000010001010111010011110011010001001010111	01101110001001100000100010001010011100101001010111110111
10101100110010000010101011111010011110011010001101000111	11101110111001100000100000001010011100101001010111110111
10111100110010000010001011111010011110011010001101000111	01101110111001100000101000001010011100101001010111110111
10111100110010100010001011111110011101011010001101000101	01101110111001100100001000001010011100101101011101110111
00101100110000000010001011111010011110011011001101000111	01101110111001100000100000001010011101101001010110110101
10101100110010000010001011111010011110011010001101000111	01101110111001100000100000001010011100101001010111110111
10101100110011100010001011111010011110011010001101000111	01101110111001100000100100001010011100101101010111110111
10101100100010000010001011111010011110011010001101000111	01101110111001100000100000001010011100001001010111110111
10101100110011000010001111111010011110011010001101000111	01101110111001100010100100001010011100101001010111110111
00101100110010100010011011111110010110011010001101000111	01101110111001100000100000001010011100101111011111010101
10101100110010000010001011111010011110011010001101010111	01101110111001100000100010001010011100101001010111110111
10101100110011000010101011111010011111010010001101000111	11101110111001100100100100001010011100101000010111110111
10111100110010000010000011111010011110011000001101000111	01101110111000100000101000001000011100101001010111110111
10101100011010100010001000111010011110011010001101000111	01101110101001100000100001000010010100101101010111110111
10101100110010000010001011111010011110011010001101000111	01101110111001100000100000001010011100101001010111110111
10101100110010000011001011111010011010111010001100000111	01101110111001000000100000001010111110101001010011110111
00101100110010100010001111111010010110011010001101000111	01101110111001100010100000001010011100101101010111010101
10101110110010010010011011111011011110011010001101000111	01101110111101100001110000001010011100101011010111110111
10101100110010000010001011111010011110011010001101000111	01101110111001100000100000001010011100101001010111110111
10101100110010100010001011111010011010010010001101000111	01101110111001000000100000001010011100101100010111110111
10101100110010100010001011111010010110011010001101000111	01101110111001100000100000001010011100101101010111010111
10101100110010000010001011111010011110011010001101000111	01101110111001100000100000001010011100101001010111110111
10111100110010000010001011111010011110011010001101000111	01101110111001100000101000001010011100101001010111110111
10101100110010100010001011111010011110011010001101000111	01101110111001100000100000001010011100101101010111110111
10101100110010000010001011101010011110011010001101000111	01100110111001100000100000001010011100101001010111110111
10101100110010000010001110111010011010011010001101000111	01101110101001000010100000001010011100101001010111110111
10101100110010000111001011111010011110011010011101000111	01101110111001100000100000101010011110111001010111110111
10101100110010000010001011111010011110011010001101010111	01101110111001100000100010001010011100101001010111110111
10111100110010000010001011111011011110011010001101010111	01101110111001100001101010001010011100101001010111110111
10101100110010000010001011111010011110011010001101000111	01101110111001100000100000001010011100101001010111110111
10101100110010000010001011111010011110011010001101000111	01101110111001100000100000001010011100101001010111110111
10101100110010000010001011111010011110011010001101000111	01101110111001100000100000001010011100101001010111110111
10101100110010000110001011111010011110011010001101010111	01101110111001100000100010001010011100111001010111110111
10101100110110000010001011111010011110011010001101000111	01101110111001110000100000001010011100101001010111110111
10101100110010000010001011111010011110011010001101001101	01111110111001100000100000001010011100101001010101110111
10101100110010000010001011111110111110011010011101000111	01101110111001100000100000101110011100101001011111110111
10011100110011100010001011111010011110011010001101000111	01101110111001100000101100001010011100101101000111110111
10101100110010000010001011111010011110011010001101000111	01101110111001100000100000001010011100101001010111110111
10101100110110110010000011111010011110011010001101000111	01101110111100110000100000001010011100101101010111110111
10101100110010000010001011111010011110011010001101000111	01101110111001100000100000001010011100101001010111110111
10101100010010100010001011111010011110111010001101000111	01101110111001100000100000001010110100101101010111110111
10101100110010100010001011111010001110011010001101000111	01101010111001100000100000001010011100101101010111110111
10101100110010100010001011111010011110011010001101000111	01101110111001100000100000001010011100101101010111110111
10100100110010000010001001111010011110011010001101010111	01001110111001100000100010000010011100101001010111110111
10101100110010000010001011111110011110011010001101000111	01101110111001100000100000001010011100101001011111110111
10101100110010110010001011111010011110011010001101100111	01101111111101100000100000001010011100101101010111110111
10101100110110000010011011111010011110011010001101000111	01101110111001110000100000001010011100101011010111110111
10101100110010000010001011111010011110010010001101000111	01101110111001100000100000001010011100101000010111110111
10101100110010000010001011111010011010011010001101000110	00101110111001000000100000001010011100101001010111110111
10101100110010000010001011111010011110111010001101000111	01101110111001100000100000001010111100101001010111110111
10101100110010000010001011111010011110011110001101000111	01101110111001101000100000001010011100101001010111110111
10101110110010000010001011111010010110011010001101000111	01101110111001100000110000001010011100101001010111010111
11101100110010000010001011111010011110010010001101000111	01101110111001100000100000011010011100101000010111110111
10001110110010000010001011111010011110111010001101010111	01101110111001100000110010001010111100101001000111110111
10101100110010001010001011111010011110001010001101100111	01101101111001100000100000001011011100101001010111110111
10101100110010010010001011111010010110011010001101000111	01101110111101100000100000001010011100101001010111010111
10101100011000001010001011111010011110010110001101000111	01101110111001101000100001001011010100101000010110110111
10101101110010000010000011111010011110011010001101000101	01101110111010100000100000001010011100101001010101110111
10101100010010000000001011111010011110011010001101000111	01101110111001100000100000001010010000101001010111110111
10101000110010000010001011111010011110011010011101000111	01101110110001100000100000101010011100101001010111110111
10101110110010000010001011101010011110011000001101000110	00100110111001100000110000001000011100101001010111110111
10001100110010100010001011111010001110011010001101000110	00101010111001100000100000001010011100101101000111110111
10101100110010000010011011101010011110011010001101000011	01100110111001100000100000001010011100101011010111110011
10101100110010100010011011111000011110011010001100000111	01101110111001100000100000001010011100101111010011100111
10101100110110101010001011111010011110011010001101000111	01101110111001110000100000001011011100101101010111110111
10101100110010100010001011110010010110011010001101000110	00101110111001100000100000001010011100101101010111010110
10101100110010000010001011111010011110011010000101000111	01101110111001100000100000001010011100100001010111110111
10101100110011000010001011111010011110011010001101000111	01101110111001100000100100001010011100101001010111110111
10101100110010000010001011111010011110010010001101000111	01101110111001100000100000001010011100101000010111110111
11101100110010000000001011111010011110011010001101000100	00101110111001100000100000011010011000101001010101110111
10101100110010001010001011111010011110011110001101010111	01101110111001101000100010001011011100101001010111110111
10101100110010000010001011111010011110011010001101000111	01101110111001100000100000001010011100101001010111110111
10101100110010010010001011111010011110011010001101000111	01101110111101100000100000001010011100101001010111110111
10111100110010001010001011111010011110011010001101000101	01101110111001100000101000001011011100101001010101110111
10101110110010001010001011111010011110011010101100000111	01101110111001100000110000001011011100101001110011110111
10101100110010000010001111111010011110001010001101000111	01101100111001100010100000001010011100101001010111110111
10101100110010000010001011111010011100011010001111000111	01101110111001100000000000001010011100101001010111111111
10101100110010000010001011111010011110011010001101000111	01101110111001100000100000001010011100101001010111110111
10101100110010000010001011110011011100011010001101000111	01101110111001100001000000001010011100101001010111110110
10101100110010000010001011111010011100011010001101000111	01101110111001100000000000001010011100101001010111110111
10101100110010000010001011111010011110001010001101000111	01101100111001100000100000001010011100101001010111110111
10101100110010000010001011111010011110011010001100000111	01101110111001100000100000001010011100101001010011110111
10101100110010100010001011111010010110011010001101000111	01101110111001100000100000001010011100101101010111010111
10101100110010000010001011111010011110011000011101000111	01101110111001100000100000101000011100101001010111110111
10101100110010000010001011101010011110011010001101000111	01100110111001100000100000001010011100101001010111110111
10101000110010000010001011111010011110011010001101000111	01101110110001100000100000001010011100101001010111110111
10100100110011000010001011111010011111011010001101000111	01001110111001100100100100001010011100101001010111110111
10000100100010000010001011111010011110011010001101001011	01011110111001100000100000001010011100001001000111110011
10101100110011000010001011111010011010011010001101000111	01101110111001000000100100001010011100101001010111110111
11101100110010000010001011111010011110011010001111000111	01101110111001100000100000011010011100101001010111111111
10101100110010000010001011111010001111011010001101000111	01101010111001100100100000001010011100101001010111110111
00101000100010000010001011111010010110011010001001000111	01101110010001100000100000001010011100001001010111010101
10101100010010010010001011111010011110111010001101000011	01101110111101100000100000001010110100101001010111110011
10101100110010100010011011101010011110001010001101000111	01100100111001100000100000001010011100101111010111110111
11100100110010000010001011101010011110011010001101100111	01000111111001100000100000011010011100101001010111110111
10101000110010100010001011111010011110011010001101000111	01101110110001100000100000001010011100101101010111110111
11101100110010000010001011111010011110011010011101000101	01101110111001100000100000111010011100101001010101110111
10100100110010000010001011111010011110011010001101000111	01001110111001100000100000001010011100101001010111110111
10100100110010100010001011111011011110011010011101100111	01001111111001100001100000101010011100101101010111110111
10101100110010000010001011011010011110011010001101000110	00101110111001100000100000001010001100101001010111110111
10101101110010001010101011111011111110011010001101000111	11101110111011100001100000001111011100101001010111110111
10101100110010000010001111111000011110011010101101000111	01101110111001100010100000001010011100101001110111100111
10101100110010000010001011111010011111011010001101000111	01101110111001100100100000001010011100101001010111110111
10101100110010000010001011111010011110011010001101010111	01101110111001100000100010001010011100101001010111110111
10001100110010000010001011111010011110010010001101000111	01101110111001100000100000001010011100101000000111110111
10001100110010000010001011111010011110011011001101000110	00101110111001100000100000001010011101101001000111110111
10101100110010100010001010111010011010011010001101000111	01101110101001000000100000001010011100101101010111110111
10101100110010000000001101111010011110011010001101000111	01101110111001100010100000000010011000101001010111110111
10101100110010000010001011111010011110111010001101000111	01101110111001100000100000001010111100101001010111110111
10101100110010100010011011111010011110010010001101000111	01101110111001100000100000001010011100101110010111110111
10101100110010000010001011111010011110011010001101001111	01111110111001100000100000001010011100101001010111110111
10101100110010100010000011111110011110011010001101100111	01101111111000100000100000001010011100101101011111110111
10101100110010001010001011111010011110010010001001000111	01101110011001100000100000001011011100101000010111110111
10111100110010100011001011111010011100011010001101000111	01101110111001100000001000001010011110101101010111110111
10101100110010000010001111111010011110011010001101010111	01101110111001100010100010001010011100101001010111110111
10101100100010000010001011111110010111011010111101000111	01101110111001100100100000101010011100001001111111010111
10101100110010100010001011111110011110011010001101000111	01101110111001100000100000001010011100101101011111110111
10011100110010000010001011110010011110011010001101000111	01101110111001100000101000001010011100101001000111110110
10111100110010000010001011110010011110011010001101000111	01101110111001100000101000001010011100101001010111110110
10101100110010000010001011111000011010011010001101000111	01101110111001000000100000001010011100101001010111100111
10101100110010000010001011111010011111011000001001000101	01101110011001100100100000001000011100101001010101110111
10101100110010100010001011111010011110011010001101000111	01101110111001100000100000001010011100101101010111110111
10101100110010000010001011111010111110011010101101000111	01101110111001100000100000001110011100101001110111110111
10101100110011100010001011111010011110001010001101001111	01111100111001100000100100001010011100101101010111110111
10101101010010000010001011011010011110011010001101010111	01101110111011100000100010001010000100101001010111110111
10101100110010100010001011111010001110011010001101000111	01101010111001100000100000001010011100101101010111110111
10101100110010000010001011111011011111011010001101000111	01101110111001100101100000001010011100101001010111110111
10101100111010000010001011111010011110011011001101000111	01101110111001100000100001001010011101101001010111110111
10101100110010000010001011111010011110011011001111000111	01101110111001100000100000001010011101101001010111111111
10111100110011000010001011111000011110011010001101000111	01101110111001100000101100001010011100101001010111100111
10101100110010000010001111111010011110001010101101010111	01101100111001100010100010001010011100101001110111110111
10101101110000000010001011110010011110011010001101000111	01101110111011100000100000001010011100101001010110110110
10101100110010100010001011111000111110011010001101000111	01101110111001100000100000001110011100101101010111100111
10100100111010000010001011111010010100011110001101000111	01001110111001101000000001001010011100101001010111010111
00101000110010000010001111111010011110011010001101001111	01111110110001100010100000001010011100101001010111110101
10101100110010100010001011111110111110011010001101000111	01101110111001100000100000001110011100101101011111110111
10100100110010000011001011111010111110011011101101000111	01001110111001100000100000001110011111101001110111110111
00101100110010000010001011111010011110011110001101000111	01101110111001101000100000001010011100101001010111110101
10101100110110000010001011111010011110011010011101000111	01101110111001110000100000101010011100101001010111110111
10101100110000000010001011111010010110011010001101000011	01101110111001100000100000001010011100101001010110010011
10101100110010100010000011111010011110011010000101000111	01101110111000100000100000001010011100100101010111110111
10101100110010100011001011111010011110011010000101000111	01101110111001100000100000001010011110100101010111110111
10101100100011000010001011111010011010011010001101000111	01101110111001000000100100001010011100001001010111110111
10101000110010000110001010101010011110011010001101000111	01100110100001100000100000001010011100111001010111110111
10101100110010000110001011111010011110011000001101000011	01101110111001100000100000001000011100111001010111110011
10100100110010000010001011111010011110011010001101000111	01001110111001100000100000001010011100101001010111110111
00111000110011000010001011111010011110011010001101000111	01101110110001100000101100001010011100101001010111110101
10101100110010000010001011111010011110011010001101000111	01101110111001100000100000001010011100101001010111110111
11101100110010000010001011111010011110011011001101000111	01101110111001100000100000011010011101101001010111110111
10101100110110000010001011111010011110011010001101011111	01111110111001110000100010001010011100101001010111110111
10101100110010001010001011111010011110011010001101000111	01101110111001100000100000001011011100101001010111110111
10101111110010000010001011111010011110011010001000000111	01101110011011100000110000001010011100101001010011110111
10101100110010000010001001111010011110011010001101000111	01101110111001100000100000000010011100101001010111110111
10101100110010100010001001111010011110011010001101000111	01101110111001100000100000000010011100101101010111110111
10101100111010010010001001111010011110011010001101000111	01101110111101100000100001000010011100101001010111110111
10101100110010100010001011111010011111011010001101000111	01101110111001100100100000001010011100101101010111110111
10101100110010000010101010011010011110011010001101000111	11101110101001100000100000001010001100101001010111110111
10101100110010000010001011111010011110011010001101000111	01101110111001100000100000001010011100101001010111110111
10101100110111000010001011111010011110011010001101000111	01101110111001110000100100001010011100101001010111110111
11101100110010100010001011111010011110011010101101000111	01101110111001100000100000011010011100101101110111110111
10101100110010000010001011111010011010011010001101000111	01101110111001000000100000001010011100101001010111110111
10101100110010100010001011111010011110011010001101000111	01101110111001100000100000001010011100101101010111110111
10101100010010000010101111111010011110011010001101000111	11101110111001100010100000001010010100101001010111110111
11101100110010100010001011111010011110011010001101000111	01101110111001100000100000011010011100101101010111110111
10101100110010000010001011111010011110011010001101000111	01101110111001100000100000001010011100101001010111110111
10101100110010100010001010111010011110011110001101000111	01101110101001101000100000001010011100101101010111110111
10101100110000100010001011111010011110011010001001000111	01101110011001100000100000001010011100101101010110110111
10101100110010000010001011111010011110011010001101000111	01101110111001100000100000001010011100101001010111110111
10101100110010001010001011111110010010011110001101000111	01101110111001001000100000001011011100101001011111010111
10001100010000000010001011111011011111011010101101000111	01101110111001100101100000001010010100101001100110110111
10101100110010000010001011111010011110011010011101000111	01101110111001100000100000101010011100101001010111110111
10101100110010000110001011111010011110011010001101000111	01101110111001100000100000001010011100111001010111110111
10101100110010100010001011111010011110011010101101000111	01101110111001100000100000001010011100101101110111110111
10101100110010000010001011111110011110011010001101000111	01101110111001100000100000001010011100101001011111110111
10101100110010100010001011111010001110011010001101000111	01101010111001100000100000001010011100101101010111110111
10101100110110100010001011111010011110011010001101000111	01101110111001110000100000001010011100101101010111110111
10101100110010000010001011111010011110111010000101101111	01111111111001100000100000001010111100100001010111110111
00101100110010000010101011111010011100011010001101000111	11101110111001100000000000001010011100101001010111110101
11101100110010000010001011111010011110011110001101000111	01101110111001101000100000011010011100101001010111110111
10101100110010000010001011111010011110011010000101000111	01101110111001100000100000001010011100100001010111110111
10101100110010000010001011111010010110011010000101000111	01101110111001100000100000001010011100100001010111010111
10101100110010000010001110111010011100011100000101000111	01101110101001101010000000001000011100100001010111110111
10101000110010000000001011110010011100011010001100000111	01101110110001100000000000001010011000101001010011110110
10101100110010000010001011111010011110011010001101000111	01101110111001100000100000001010011100101001010111110111
10001100110010000010001011111010011110011010001101000111	01101110111001100000100000001010011100101001000111110111
10101100110010100010001011111010011110010011001101000111	01101110111001100000100000001010011101101100010111110111
10101100110010100010001001111000011110111010001111000111	01101110111001100000100000000010111100101101010111101111
10101100110010001110001011111011011110011010001101001101	01111110111001100001100000001011011100111001010101110111
10001100100010100010001011111010111110011010001101101111	01111111111001100000100000001110011100001101000111110111
10101100010010100010001011111010011110011010001101000111	01101110111001100000100000001010010100101101010111110111
00101100110010000010001011111010011110011010001101000111	01101110111001100000100000001010011100101001010111110101
10100100110010000010001001111010011010011010001101000111	01001110111001000000100000000010011100101001010111110111
10111100110010000010001011111000011110001010001101010111	01101100111001100000101010001010011100101001010111100111
10100100111010000010001011111010011110011010001101000111	01001110111001100000100001001010011100101001010111110111
10101100110010000010001011111010011110011010001101000111	01101110111001100000100000001010011100101001010111110111
11101100110000000010001001111010011110010010001101000111	01101110111001100000100000010010011100101000010110110111
10101100110010000010001011111010011110011010001101000011	01101110111001100000100000001010011100101001010111110011
10101100111010000010001011111010011110011010001101100111	01101111111001100000100001001010011100101001010111110111
10101100010010000010001011101010011110011010001101000111	01100110111001100000100000001010010100101001010111110111
10101100110010000010001011111010010110011010001101000111	01101110111001100000100000001010011100101001010111010111
10101100110010000010001111111010011110010010001101000111	01101110111001100010100000001010011100101000010111110111
11101100110010000011001011111110011110011010001101000111	01101110111001100000100000011010011110101001011111110111
10101100110010000010001011111010011110011010001101000111	01101110111001100000100000001010011100101001010111110111
10100110110000000010101011111010011110011010001101000111	11001110111001100000110000001010011100101001010110110111
10101100110010000010001011111010011111011010011101000011	01101110111001100100100000101010011100101001010111110011
10101100110010100010001011111010010110011010001100000110	00101110111001100000100000001010011100101101010011010111
11101100110010010010101001111010001110011010001101000111	11101010111101100000100000010010011100101001010111110111
10101100110000010010001011111010011110011010011101000111	01101110111101100000100000101010011100101001010110110111
11101100110010100010001011111010011110011010001101000011	01101110111001100000100000011010011100101101010111110011
10101100110010100010001011111010011110011010001101100011	01101111111001100000100000001010011100101101010111110011
10001100110010100010001011111010011110010010101101000111	01101110111001100000100000001010011100101100100111110111
01101100111010100010011011111010011110011010011101000111	01101110111001100000100001111010011100101111010111110101
10101100110010100110001011111011011110011010001101000111	01101110111001100001100000001010011100111101010111110111
10101100110010010010001011111010011011011010001101000111	01101110111101000100100000001010011100101001010111110111
10101100110010000000001011111110011110011010001101000111	01101110111001100000100000001010011000101001011111110111
10100100110010000010000011111010011110011010001101010111	01001110111000100000100010001010011100101001010111110111
10101100010010100010001011101011011110011010001101000111	01100110111001100001100000001010010100101101010111110111
10101100110010000010001011111010011110011010001101000111	01101110111001100000100000001010011100101001010111110111
10101100110010000010001011111110011110011011001101000111	01101110111001100000100000001010011101101001011111110111
10101100110010100010001011111010011111011011001101000111	01101110111001100100100000001010011101101101010111110111
10101100110010000011001011111010011110011010001101000111	01101110111001100000100000001010011110101001010111110111
10101100110011100010001011111010011110011010001101000111	01101110111001100000100100001010011100101101010111110111
10101100110010000000101111110011011010011010001101100111	11101111111001000011100000001010011000101001010111110110
10101100110010000010001011011010011110011010001100000111	01101110111001100000100000001010001100101001010011110111
10101100110010000010011011111010011110011010001101000111	01101110111001100000100000001010011100101011010111110111
11101100110010000010001011111010001110111010001101000111	01101010111001100000100000011010111100101001010111110111
10101100110010100010011011110000011110011010001101000111	01101110111001100000100000001010011100101111010111100110
10101100110010000010001011111010011110011010001101000111	01101110111001100000100000001010011100101001010111110111
10101100100010000010001011111010011110011010001101000111	01101110111001100000100000001010011100001001010111110111
10101100110010000010001000111010011110111010001101000111	01101110101001100000100000000010111100101001010111110111
10101100110010000010001011111010011111011010011101000111	01101110111001100100100000101010011100101001010111110111
10101100111010100010001010111010011110011010001101000111	01101110101001100000100001001010011100101101010111110111
10101000110010000010011011111010011110011010001101000111	01101110110001100000100000001010011100101011010111110111
10101100110010000010001011111010011110011010001101010111	01101110111001100000100010001010011100101001010111110111
10101110110010001010001001111010011110011010001101000111	01101110111001100000110000000011011100101001010111110111
10101100110010000001001011111010011110011010001101000111	01101110111001100000100000001010011010101001010111110111
10101000110010000010001011111010011110011010001101000111	01101110110001100000100000001010011100101001010111110111
10101100110010000010001011111010010110011010001101000111	01101110111001100000100000001010011100101001010111010111
00101100100010000010001011111010011110011010001101000111	01101110111001100000100000001010011100001001010111110101
00101100110010000010001111111010011110011010001111000111	01101110111001100010100000001010011100101001010111111101
10101100110010000010001011111010011110011010001101000111	01101110111001100000100000001010011100101001010111110111
10101100110010000010001011111010111110011010111101000111	01101110111001100000100000101110011100101001110111110111
10101100100010010010001011111010011110011010001101000111	01101110111101100000100000001010011100001001010111110111
10101100010010000010001011111010111111011010011001000111	01101110011001100100100000101110010100101001010111110111
10101000110010000010101011111010011110011010001111000111	11101110110001100000100000001010011100101001010111111111
10101100110110000010000010111011011110011010001101000111	01101110101000110001100000001010011100101001010111110111
10101100110010000010001011111010011110011010001100000110	00101110111001100000100000001010011100101001010011110111
10101100110010000110001011111010011110011010001101000111	01101110111001100000100000001010011100111001010111110111
10101100110010100010001010111010011110011010001101000111	01101110101001100000100000001010011100101101010111110111
10101100110010000010001011111110011110011010001101000111	01101110111001100000100000001010011100101001011111110111
10101100110010001010000111111010011110011010001101000111	01101110111000100010100000001011011100101001010111110111
10101111110010000011001011111010011110010011001101000110	00101110111011100000110000001010011111101000010111110111
10101100110010000000001011111010010110011010001101000111	01101110111001100000100000001010011000101001010111010111
10101100110010000010001011111010011110011010001101000111	01101110111001100000100000001010011100101001010111110111
10101100110010000010001011111010011110011010001101000111	01101110111001100000100000001010011100101001010111110111
10101100110010000000001111111010011110011010001101000111	01101110111001100010100000001010011000101001010111110111
10101100110010100000001011111010011111011010000101010111	01101110111001100100100010001010011000100101010111110111
10101100111010000010101011111010011110011010001101000111	11101110111001100000100001001010011100101001010111110111
10101100110010100010001011111010011110011010001001001111	01111110011001100000100000001010011100101101010111110111
11101100110010000010101001111010011010011010001101000111	11101110111001000000100000010010011100101001010111110111
10101100110000000010001010111010010110111010001101000111	01101110101001100000100000001010111100101001010110010111
10101100110010100000001011111010011110001010000101000110	00101100111001100000100000001010011000100101010111110111
10101100110010000010001001111010011110011010001100000111	01101110111001100000100000000010011100101001010011110111
10101000110010000001001011111010011110011110001101000111	01101110110001101000100000001010011010101001010111110111
10100000110010000010001011111010011110011010001001000111	01001110010001100000100000001010011100101001010111110111
10101100110010000010001011111010011110011010001111100111	01101111111001100000100000001010011100101001010111111111
10101100110010100010001011011010011110011010001101000111	01101110111001100000100000001010001100101101010111110111
10101100110110000010001011111010011110011110001101000111	01101110111001111000100000001010011100101001010111110111
10101100110010100010001011111010011110011010001101001111	01111110111001100000100000001010011100101101010111110111
10101100110010000010001010011010010110010000001101000111	01101110101001100000100000001000001100101000010111010111
10101100110010100010011011111010011110011010010101000111	01101110111001100000100000101010011100100111010111110111
10101100110010000010011011111010011110011010001101000111	01101110111001100000100000001010011100101011010111110111
10101100110010110000001011111000011110111010001101000111	01101110111101100000100000001010111000101101010111100111
10101100100010000011001010011110001110011010001101000111	01101010101001100000100000001010001110001001011111110111
10101100110010000010001011111010011110011010001101000111	01101110111001100000100000001010011100101001010111110111
10101100110010000010011011111010011110011010001101000111	01101110111001100000100000001010011100101011010111110111
10101100110010000010001011111010011110011010001101000111	01101110111001100000100000001010011100101001010111110111
10111100110010000010001011011010011110011010000101000111	01101110111001100000101000001010001100100001010111110111
10101100110010000010001011101010011110011000001101000111	01100110111001100000100000001000011100101001010111110111
11101100110010000010001011111010011110001010001111000111	01101100111001100000100000011010011100101001010111111111
10101100110010100010001011111010011110011010001101000111	01101110111001100000100000001010011100101101010111110111
10101100110010100010001011111010011110011010001101000111	01101110111001100000100000001010011100101101010111110111
10101100110010000010001011111000011110011010101101000111	01101110111001100000100000001010011100101001110111100111
10111100110110000010001011111010011100011010001111000111	01101110111001110000001000001010011100101001010111111111
10101100110010000010001011101010011110011010001101000111	01100110111001100000100000001010011100101001010111110111
10101100100010000000001011111010011110010010001101000110	00101110111001100000100000001010011000001000010111110111
10101100110110100010001011111010011110001010001101010111	01101100111001110000100010001010011100101101010111110111
10101100110010101010001111111010011110011111001101000110	00101110111001101010100000001011011101101101010111110111
10101100110010001011001011111010011110011010001101000111	01101110111001100000100000001011011110101001010111110111
10101100110010000010001011110010011110001010001101000111	01101100111001100000100000001010011100101001010111110110
10101100110010100010001011001000011110011010001101000111	01100110111001100000100000001010001100101101010111100111
10101100110010000010001011111010011110011010011101000111	01101110111001100000100000101010011100101001010111110111
10101100110010101010001011111110011110011010001111000111	01101110111001100000100000001011011100101101011111111111
10101100100010000011001011111010011110011010001101000111	01101110111001100000100000001010011110001001010111110111
10101100110010000010001011111010011110011010001101000111	01101110111001100000100000001010011100101001010111110111
10101100010010000010001011111010011110011010001101000111	01101110111001100000100000001010010100101001010111110111
10101100110010000010001011011010011110011010001101000111	01101110111001100000100000001010001100101001010111110111
10101100110010000010001011101010011110111010001101000111	01100110111001100000100000001010111100101001010111110111
10111100110000000010001011111010011110011010011101000111	01101110111001100000101000101010011100101001010110110111
10101100111010000110001011111111011110011010011101000111	01101110111001100001100001101010011100111001011111110111
10101001110010000010101011111010011110011010001101000111	11101110110011100000100000001010011100101001010111110111
10101100110010100010001111111010011110011010001001000111	01101110011001100010100000001010011100101101010111110111
10101100110010001010011011111110011110011010001101000111	01101110111001100000100000001011011100101011011111110111
11101100100010001010001011111010011110011010001101000111	01101110111001100000100000011011011100001001010111110111
10101100110000010010001111111010011110111010001101000111	01101110111101100010100000001010111100101001010110110111
10100100110010000010001011111010011110011010001101000110	00001110111001100000100000001010011100101001010111110111
10101000110010000010001011111000011110011010001101000111	01101110110001100000100000001010011100101001010111100111
10101100110011000010001011111110011110011010001101000111	01101110111001100000100100001010011100101001011111110111
10101100110110000010001011011010001110011010001101000111	01101010111001110000100000001010001100101001010111110111
10101100110010100010001011111000011110011010001101000111	01101110111001100000100000001010011100101101010111100111
10101100110010100010001011111010011110011010001101000111	01101110111001100000100000001010011100101101010111110111
10101101110010000010001011111010011110011010001101000111	01101110111011100000100000001010011100101001010111110111
10101100110010100010001011111010011100011010001110000111	01101110111001100000000000001010011100101101010011111111
10101100110010000010001011111010011110010010001100000111	01101110111001100000100000001010011100101000010011110111
10101100110010000010000011111011011110111010001101010111	01101110111000100001100010001010111100101001010111110111
10101100110010100010001011111010011110011011001101000111	01101110111001100000100000001010011101101101010111110111
10101100110010000010001011111010011110011110001101000111	01101110111001101000100000001010011100101001010111110111
10101100100010000011001011011010010110011010001101000111	01101110111001100000100000001010001110001001010111010111
10101100110010100010001011111010010110011010001101000111	01101110111001100000100000001010011100101101010111010111
10101100110010000010001011110010001110011110001101000111	01101010111001101000100000001010011100101001010111110110
10111100110010001000001011111010011110001011001101000111	01101100111001100000101000001011011001101001010111110111
10101100100010000010001011111010011110011010001101000111	01101110111001100000100000001010011100001001010111110111
10101101110010010010001011111010011110010010001101000111	01101110111111100000100000001010011100101000010111110111
11101100110000100010001011111010011010011010001101000111	01101110111001000000100000011010011100101101010110110111
10101100110010100000001011111010011100011010001101101100	00111111111001100000000000001010011000101101010101110111
10101100110110001010001001111010011110011010001101000111	01101110111001110000100000000011011100101001010111110111
10101100110011100010001011111010011110010010001100000111	01101110111001100000100100001010011100101100010011110111
10001100110010000010001011111010011110011010011101000111	01101110111001100000100000101010011100101001000111110111
10101100100010000010001011111010011110001010001101000111	01101100111001100000100000001010011100001001010111110111
10101100110010000010001011111010011110011010001101010111	01101110111001100000100010001010011100101001010111110111
10101100110010100010001011111010111110011010001101000111	01101110111001100000100000001110011100101101010111110111
10001100110010000010001011111010011010011010011101001111	01111110111001000000100000101010011100101001000111110111
10101100111010000010001011111110011110011010001101000111	01101110111001100000100001001010011100101001011111110111
10101100110010000010001011111010011111011010001101000111	01101110111001100100100000001010011100101001010111110111
10101100110010000010001011111010011110011010001101000111	01101110111001100000100000001010011100101001010111110111
10101110110010000010001011111010011110011010001101000111	01101110111001100000110000001010011100101001010111110111
10001100010010000010001011111010011110011010001101000111	01101110111001100000100000001010010100101001000111110111
10101100110110100010001011111010011110011010001101000111	01101110111001110000100000001010011100101101010111110111
10111101110010000010001011111010011110011010001101000111	01101110111011100000101000001010011100101001010111110111
10101100110010000010001011111010011110011010001110000111	01101110111001100000100000001010011100101001010011111111
10101100111010000010001011111010011110011010001101000111	01101110111001100000100001001010011100101001010111110111
10101100110010000010001011111010011110011000001101000111	01101110111001100000100000001000011100101001010111110111
10101100010010000010001011011010011110011000001101000111	01101110111001100000100000001000000100101001010111110111
10001100110010000010001011111010011110111010001101000111	01101110111001100000100000001010111100101001000111110111
10101100100010000010011011111010011110011010001101000111	01101110111001100000100000001010011100001011010111110111
10001110100010000010001011111110011110011010001101000111	01101110111001100000110000001010011100001001001111110111
10101101110010000010001011111010011110011010001101000111	01101110111011100000100000001010011100101001010111110111
10111100110010000010001011111000111110010010001101000111	01101110111001100000101000001110011100101000010111100111
10100100110010100010001011111010111110011010001101000110	00001110111001100000100000001110011100101101010111110111
10101100110010110010001111111010011111111010001101000111	01101110111101100110100000001010111100101101010111110111
10101100110010000010001011111010011110011010001101000111	01101110111001100000100000001010011100101001010111110111
10101100110010000010011011111010011110001010001101000111	01101100111001100000100000001010011100101011010111110111
10101100110010100110001011111010011110011010000111000011	01101110111001100000100000001010011100110101010111111011
10101000110010000010001011111000010110011010001101000111	01101110110001100000100000001010011100101001010111000111
10101100110010000010001011111010011110011010001100000011	01101110111001100000100000001010011100101001010011110011
10101101110010000010001011111010011110011010001101001111	01111110111011100000100000001010011100101001010111110111
00001100110000000010001011111010011111011010001101000111	01101110111001100100100000001010011100101001000110110101
10101101110010000010001011111010011110011010001101000111	01101110111011100000100000001010011100101001010111110111
10101100110010000010011001111010011110011010001101001111	01111110111001100000100000000010011100101011010111110111
10101100010010000001101011111000011101011010001101000111	11101110111001100100000000001010010010101001010111100111
10101100110010101011011011111010011110011110011111000111	01101110111001101000100000101011011110101111010111111111
10101100110010000010001011111010011110011010001101000111	01101110111001100000100000001010011100101001010111110111
10101100110010000010001011111000011110011010011101000111	01101110111001100000100000101010011100101001010111100111
10101100110110100010001011111010011110010010101101000111	01101110111001110000100000001010011100101100110111110111
10101000110010000010001011111000001110011110001101000111	01101010110001101000100000001010011100101001010111100111
10101100110010000010001011111010111110011010000111000011	01101110111001100000100000001110011100100001010111111011
10101100110010100010001011111010011110011010001101000111	01101110111001100000100000001010011100101101010111110111
10101100110010010010001011111010011110011010001101000111	01101110111101100000100000001010011100101001010111110111
10111100110010100010001011101010011110011000001101000011	01100110111001100000101000001000011100101101010111110011
10101100110010000010001011111010011110011010001101000111	01101110111001100000100000001010011100101001010111110111
10101100110010000011001011111010011110011010000101000111	01101110111001100000100000001010011110100001010111110111
00101110110010100010100011111010011110011010101101000111	11101110111000100000110000001010011100101101110111110101
10101100110010000010001011111010011110011010001101000111	01101110111001100000100000001010011100101001010111110111
10101100110010000010000011111010011110011010001101000011	01101110111000100000100000001010011100101001010111110011
10001100110010000010001011111000001110011011001101000111	01101010111001100000100000001010011101101001000111100111
10101100110010100010001011111010011110011011001100100111	01101111111001100000100000001010011101101101010011110111
10101101110010000010011001111010011110011010001101100111	01101111111011100000100000000010011100101011010111110111
10101110110010010010001011111010010110011010001101000111	01101110111101100000110000001010011100101001010111010111
10101101110010000010001111111010011110111010001101000111	01101110111011100010100000001010111100101001010111110111
10101100110010100010001011111010011110011010001101000111	01101110111001100000100000001010011100101101010111110111
10101100111010000010001011011010011110011010001100000111	01101110111001100000100001001010001100101001010011110111
10101100110010000010001011111010010110011010001101000111	01101110111001100000100000001010011100101001010111010111
10101000110010000000001011111010011110011010001101000111	01101110110001100000100000001010011000101001010111110111
10101100110010000010001111111000011110011010001101000111	01101110111001100010100000001010011100101001010111100111
10101100110010000000011011111010011110000010001101000111	01101100111001100000100000001010011000101010010111110111
10101100110010000010001011110010011110011010001101000111	01101110111001100000100000001010011100101001010111110110
10101100110010000010001011111010011110011110001001100111	01101111011001101000100000001010011100101001010111110111
10101100110010000010101011111010011110011000001101000111	11101110111001100000100000001000011100101001010111110111
10101110110010000010001010111010011100001010001101010111	01101100101001100000010010001010011100101001010111110111
10100100010010100010001011111010011110111010001100000111	01001110111001100000100000001010110100101101010011110111
10101100110010000010001011111110011110011110011101000111	01101110111001101000100000101010011100101001011111110111
10101100110010000010001011111010011111011011011101000111	01101110111001100100100000101010011101101001010111110111
00101100110010000010001011111010011100001010001101000111	01101100111001100000000000001010011100101001010111110101
10101100110011000011001011111010011110011011000101000101	01101110111001100000100100001010011111100001010101110111
10101100110010000010001011111010011110011010001101000111	01101110111001100000100000001010011100101001010111110111
10101100110010000010001011111010011110111011001101000111	01101110111001100000100000001010111101101001010111110111
10101100110010100010001011111010011110011011001100000111	01101110111001100000100000001010011101101101010011110111
11111100100010000010000011111010111110011010000101000111	01101110111000100000101000011110011100000001010111110111
10101100110010100010001011111010010110011010001111000111	01101110111001100000100000001010011100101101010111011111
10101100110010001010001011111010011110011010001101001111	01111110111001100000100000001011011100101001010111110111
10101100110010000010001011111010011110011011001101000111	01101110111001100000100000001010011101101001010111110111
10111100110000000010001011011010011110011010001101000111	01101110111001100000101000001010001100101001010110110111
11101100110010000010001011111010011110011010001101000111	01101110111001100000100000011010011100101001010111110111
10101100010010000000001011111010011110011010001101000111	01101110111001100000100000001010010000101001010111110111
10111100110010100010001011111010011110011010001001000111	01101110011001100000101000001010011100101101010111110111
00101000111010000010001011111000011110011010001101000111	01101110110001100000100001001010011100101001010111100101
10101111110010000010001011111010011110011010001101000111	01101110111011100000110000001010011100101001010111110111
10101100110010100010001011111010011111011010001101000111	01101110111001100100100000001010011100101101010111110111
10101100110010000010001011111010011110011010011101000111	01101110111001100000100000101010011100101001010111110111
11101100110010100010001011111010011111111010001101000111	01101110111001100100100000011010111100101101010111110111
10111100110010000010001011111010011110011010001101000111	01101110111001100000101000001010011100101001010111110111
10101101110011100010001011111010011110011011001101000111	01101110111011100000100100001010011101101101010111110111
10101100110010000010001011111010011110011010001101000111	01101110111001100000100000001010011100101001010111110111
10101100111010100010001011110010011110011010001101000111	01101110111001100000100001001010011100101101010111110110
10101100110110000000001001111010011110011010000101000011	01101110111001110000100000000010011000100001010111110011
10101100110010100010001011111010011110011010001101000111	01101110111001100000100000001010011100101101010111110111
10101100110010100010101011011010011110011010001101000111	11101110111001100000100000001010001100101101010111110111
10001100110010100010001011111010011110011010001101000111	01101110111001100000100000001010011100101101000111110111
10101100111010000010001011111010011110011010001101000111	01101110111001100000100001001010011100101001010111110111
10101100110010000010101101111010111110011010011101000111	11101110111001100010100000100110011100101001010111110111
10101100100010000010001011111010011110001010101101000011	01101100111001100000100000001010011100001001110111110011
10101100110010000010101011111010011110011010001100000111	11101110111001100000100000001010011100101001010011110111
10101100110010000010001011111010011110011010001101000111	01101110111001100000100000001010011100101001010111110111
10100100110010000010101011111010011101011000001101001111	11011110111001100100000000001000011100101001010111110111
10101100110010000010001011111010011110011010001101000111	01101110111001100000100000001010011100101001010111110111
10101100110010000010001011111010011110011011001101000111	01101110111001100000100000001010011101101001010111110111
10101100110010000010001011111010011110011110001001000111	01101110011001101000100000001010011100101001010111110111
10001100111010000010011011111010011110011010001101100110	00101111111001100000100001001010011100101011000111110111
10101100110010000010001011111010001110011010001101100111	01101011111001100000100000001010011100101001010111110111
10101100010010000010001011111010001110011010001001000111	01101010011001100000100000001010010100101001010111110111
10101100110010101010001011111010011110011010001101000111	01101110111001100000100000001011011100101101010111110111
10101100110010000010001011111010011110011010001101000111	01101110111001100000100000001010011100101001010111110111
10101100110000000010001011111010011110011010001101000111	01101110111001100000100000001010011100101001010110110111
10101100100010000010001011111011011110011010001101000111	01101110111001100001100000001010011100001001010111110111
10101100110110000010001011111010011110011010001101000111	01101110111001110000100000001010011100101001010111110111
10111100110010000010001011111010011110011010001101100111	01101111111001100000101000001010011100101001010111110111
10101110110010000010011111111010011110011010001101000111	01101110111001100010110000001010011100101011010111110111
10101100110010100010001011111010011110011010001101000111	01101110111001100000100000001010011100101101010111110111
10101100010010000010001010111010011110111010001101000111	01101110101001100000100000001010110100101001010111110111
10101100110010000110001010111010011110011010101101000111	01101110101001100000100000001010011100111001110111110111
10001100110010000010001011101010011110011010001101000111	01100110111001100000100000001010011100101001000111110111
00101100110010000000001001111010010110011010001100001111	01111110111001100000100000000010011000101001010011010101
11001100110010000010001011111010011110011010001001000111	01101110011001100000100000011010011100101001000111110111
00101100100010100010001011111011011110011010001101000111	01101110111001100001100000001010011100001101010111110101
10101101110010000010001011110010011100010010001101000111	01101110111011100000000000001010011100101000010111110110
10101100110010000010001111110010011110011010001101000011	01101110111001100010100000001010011100101001010111110010
10101100110010000010001001100010011110011010001101000111	01100110111001100000100000000010011100101001010111110110
10101100110010000010001011111010011110011011001101000111	01101110111001100000100000001010011101101001010111110111
10101100110010100110001001011010011110011010001101000111	01101110111001100000100000000010001100111101010111110111
10101100110010000010001001111010011111011010001101000111	01101110111001100100100000000010011100101001010111110111
10101100110000000010001011111110011110011010001101000111	01101110111001100000100000001010011100101001011110110111
10101100110010000010001011111010011101011010001101001111	01111110111001100100000000001010011100101001010111110111
11101100100010000010001011111010011110011010001101000111	01101110111001100000100000011010011100001001010111110111
10001100110010000010001010111000011110011110001101000101	01101110101001101000100000001010011100101001000101100111
10101100110010000010101011111010011100011011001101000111	11101110111001100000000000001010011101101001010111110111
10101100110010100010001011111010001110011010001101000111	01101010111001100000100000001010011100101101010111110111
10101100010010000010001010111011011110011010001101000011	01101110101001100001100000001010010100101001010111110011
10101100110010100010001011111010011110011010001101000111	01101110111001100000100000001010011100101101010111110111
10101100110010000000001011111011011110011010001101000111	01101110111001100001100000001010011000101001010111110111
10101100110010000011001011111010001110011010000101000111	01101010111001100000100000001010011110100001010111110111
10101100110010000010001011111010011110011010001101000111	01101110111001100000100000001010011100101001010111110111
10101100010010000010001011111010011110011010001101000011	01101110111001100000100000001010010100101001010111110011
10101100110010000010001011111110011110011010001101000111	01101110111001100000100000001010011100101001011111110111
10101100110010100000001011111010011110011010000101000111	01101110111001100000100000001010011000100101010111110111
10101100110000100010001011111010011110011010001101000111	01101110111001100000100000001010011100101101010110110111
10101100110000000010001001110010011110011010001101000111	01101110111001100000100000000010011100101001010110110110
10111100110010000010101011111010011010011010001100000111	11101110111001000000101000001010011100101001010011110111
10101100110010100010001011111010011110011010001101000111	01101110111001100000100000001010011100101101010111110111
10101100100010100010001011101010011010011010001101000111	01100110111001000000100000001010011100001101010111110111
10101100110010000010001011111010111110011010001101100101	01101111111001100000100000001110011100101001010101110111
00101100110010001010001011111010001110011010001101000111	01101010111001100000100000001011011100101001010111110101
10101100110010100010000011101010011110011010001101000111	01100110111000100000100000001010011100101101010111110111
10101100110010101010001011111010111110011010001101000111	01101110111001100000100000001111011100101101010111110111
10101100100010010010001011110010011010011010001101000111	01101110111101000000100000001010011100001001010111110110
10101100110010000010001011111010011110011010001101000111	01101110111001100000100000001010011100101001010111110111
10101101110010000010001011111010111110011010001101000111	01101110111011100000100000001110011100101001010111110111
10101100110000000010001011111010011110011010001101000111	01101110111001100000100000001010011100101001010110110111
10101100110010100010001111111010011110011010000101010111	01101110111001100010100010001010011100100101010111110111
10101100110010000010011011011010011110011010001001000111	01101110011001100000100000001010001100101011010111110111
10101100010010000010001010111000011110011010001101000011	01101110101001100000100000001010010100101001010111100011
10101100110010000010001011111000011110011010001101000111	01101110111001100000100000001010011100101001010111100111
10101100110010000010001111111010011110010010001101000111	01101110111001100010100000001010011100101000010111110111
10101100110010000010001011111010011110011010001101000110	00101110111001100000100000001010011100101001010111110111
10101100110010000010001011001010011110011010101101010110	00100110111001100000100010001010001100101001110111110111
10101100110010000011001011001010011110011010001101000111	01100110111001100000100000001010001110101001010111110111
10101100110010100110001011111000011110011011000101100111	01101111111001100000100000001010011101110101010111100111
10101110110010000010001011111010011110011010001101000111	01101110111001100000110000001010011100101001010111110111
10101100110010000010001010111010011110011010001101000111	01101110101001100000100000001010011100101001010111110111
10101100110010100010001011111010011010011010001101000111	01101110111001000000100000001010011100101101010111110111
10101100110010100010001011111010011110011010001101000111	01101110111001100000100000001010011100101101010111110111
10101100110010000010001001111010011110011010101101000111	01101110111001100000100000000010011100101001110111110111
10101100110010000010001011111010011110011010001101000110	00101110111001100000100000001010011100101001010111110111
10101100110011100010001011111011011110011010001001010111	01101110011001100001100110001010011100101101010111110111
10101101110010000010011011111010011110011011001101000111	01101110111011100000100000001010011101101011010111110111
10101100110000010010001111111010011010011010001101000111	01101110111101000010100000001010011100101001010110110111
10001100110010000010011111111010011110011010001101000111	01101110111001100010100000001010011100101011000111110111
10101100110010000010001011111000011110011010001101000111	01101110111001100000100000001010011100101001010111100111
10101100110010100010001011110000111110011010101101000111	01101110111001100000100000001110011100101101110111100110
10001100110010000110001011111010011110011010001101000101	01101110111001100000100000001010011100111001000101110111
10101101110010000010001011111010011110011010001101000111	01101110111011100000100000001010011100101001010111110111
10101000110010100010001011110010011110010010001101000111	01101110110001100000100000001010011100101100010111110110
10101100110010001010001011111010011110010011001101000111	01101110111001100000100000001011011101101000010111110111
10101100110010100010001011111010011111011010001101000111	01101110111001100100100000001010011100101101010111110111
10101100110000100010101011011010011110001010001101000101	11101100111001100000100000001010001100101101010100110111
10101100110010000010101011111010011110011010001101000111	11101110111001100000100000001010011100101001010111110111
00101000110000000010001011111010011110011010101101000111	01101110110001100000100000001010011100101001110110110101
10101100110010000010001011111010011110011110001101010111	01101110111001101000100010001010011100101001010111110111
10101100110010100010001011111010011110011010001101000111	01101110111001100000100000001010011100101101010111110111
10101100100010010010001011111010011110011110001101000111	01101110111101101000100000001010011100001001010111110111
10100100110010000010001011111010011110011010001101000111	01001110111001100000100000001010011100101001010111110111
10101100110010000010001011111010011111011010001101100111	01101111111001100100100000001010011100101001010111110111
11101100110010000010100011111110011110111010001101000110	10101110111000100000100000011010111100101001011111110111
10100100110010000000001011101010011110011010001101100111	01000111111001100000100000001010011000101001010111110111
10101100110010000010011011111010011110011010001101000101	01101110111001100000100000001010011100101011010101110111
10101110110010000010001010111011011110011010101101000111	01101110101001100001110000001010011100101001110111110111
10101110110010001010001011111010011110011010001001000111	01101110011001100000110000001011011100101001010111110111
10101100111010000010001011111011011110011010001101000111	01101110111001100001100001001010011100101001010111110111
10101100110010000010001011111010011110011010001101001111	01111110111001100000100000001010011100101001010111110111
10101100110110000110001011111010011110011010001101100111	01101111111001110000100000001010011100111001010111110111
10101100110010000010001011111010011110111010001101001111	01111110111001100000100000001010111100101001010111110111
10101100110010000010001011111010011110011010001101000111	01101110111001100000100000001010011100101001010111110111
10101100110010100010001011010010011110011010001101010101	01101110111001100000100010001010001100101101010101110110
10101101110010000010001011101010011110011000101101000101	01100110111011100000100000001000011100101001110101110111
10101100110010000010001011111010011110011010001101000010	00101110111001100000100000001010011100101001010111110011
10101100110110000010001011111010011110011010001101000111	01101110111001110000100000001010011100101001010111110111
10101100110010100010001011111010011110011010001101000111	01101110111001100000100000001010011100101101010111110111
10101100010010100010001011111010011110011010001101000111	01101110111001100000100000001010010100101101010111110111
10100110110010000010001011111010011110010010001101000111	01001110111001100000110000001010011100101000010111110111
10101100110010100010011011111010011110011010001101000111	01101110111001100000100000001010011100101111010111110111
10101000110010000010001011111010011110011010001101010111	01101110110001100000100010001010011100101001010111110111
10101100110010000010001011111010011110011010001101100111	01101111111001100000100000001010011100101001010111110111
10101100111010000010001011011010111110011010001001000101	01101110011001100000100001001110001100101001010101110111
10100100110010000010001011111010011110001010001101010111	01001100111001100000100010001010011100101001010111110111
10100100110010100010001011111010011110011010001101000111	01001110111001100000100000001010011100101101010111110111
10101100110010100010001111111010011110111010001101001111	01111110111001100010100000001010111100101101010111110111
10101101110010000010001011111010011110011010001101000111	01101110111011100000100000001010011100101001010111110111
10101100110010000010001011111010001110011011001101000111	01101010111001100000100000001010011101101001010111110111
00101100110010000010001011111010111110011010001101010111	01101110111001100000100010001110011100101001010111110101
10111100110010100010001010110010011110111010001101000111	01101110101001100000101000001010111100101101010111110110
10101100110010000010001011110010011110011010001101000111	01101110111001100000100000001010011100101001010111110110
10100100110010000010001011111010011110011010001101000111	01001110111001100000100000001010011100101001010111110111
00100100110010000010001011111010011110011010001101000111	01001110111001100000100000001010011100101001010111110101
10101100110010000010001011111010011010011010001101000110	00101110111001000000100000001010011100101001010111110111
10101100110010010000001011101000011110011010001101000111	01100110111101100000100000001010011000101001010111100111
10101100110010000010001011111010011110011010101101000111	01101110111001100000100000001010011100101001110111110111
10101100110011000010001011111010011110011110001101000111	01101110111001101000100100001010011100101001010111110111
10101100010000100011001011111010011110001010001100000111	01101100111001100000100000001010010110101101010010110111
10101100110010000010001011111010011110011000001101000111	01101110111001100000100000001000011100101001010111110111
10101100110010100010001011111010011110011010001101000111	01101110111001100000100000001010011100101101010111110111
10101000110000000001001011111110011110011010001111000111	01101110110001100000100000001010011010101001011110111111
10101110110010000010001011111010011110011011001101000111	01101110111001100000110000001010011101101001010111110111
10101100110010000010001011111010011110011010001101000101	01101110111001100000100000001010011100101001010101110111
00101110110010000010001011011010011110011010001101000011	01101110111001100000110000001010001100101001010111110001
10101100110010000010001111111011011110011010101101000111	01101110111001100011100000001010011100101001110111110111
10101100110010000010001011111010011110011110001101000111	01101110111001101000100000001010011100101001010111110111
10101100110010000010001011111010111110011010001101001111	01111110111001100000100000001110011100101001010111110111
10101100110000000010001011111010011110010010001101000111	01101110111001100000100000001010011100101000010110110111
10101100110010000010001010111010011110011010001101000111	01101110101001100000100000001010011100101001010111110111
10101100110010100010001011111010011110011010001100000111	01101110111001100000100000001010011100101101010011110111
10101100110010000010001011111110011110011010000101000111	01101110111001100000100000001010011100100001011111110111
10101100110010000010001011011010011110011010001101000011	01101110111001100000100000001010001100101001010111110011
11101100110010000010001011101010011111011010001101000111	01100110111001100100100000011010011100101001010111110111
10101100110010000010001111111010011110011010000101000101	01101110111001100010100000001010011100100001010101110111
10101000110010000010001011111010011010011010001111000111	01101110110001000000100000001010011100101001010111111111
10101100110010001010001011111010011110011010001101000111	01101110111001100000100000001011011100101001010111110111
10101100110010000010001011111010011110011010001101000111	01101110111001100000100000001010011100101001010111110111
10100100110010000010011011111000011010011010001101000111	01001110111001000000100000001010011100101011010111100111
10101100110010000010001001111110011110011010001101000111	01101110111001100000100000000010011100101001011111110111
10101100110010100010001001111010011110011111001101100111	01101111111001101000100000000010011101101101010111110111
00101100110010000010101011111010011110011000001101000111	11101110111001100000100000001000011100101001010111110101
10101100110010000010001011111010011101011000001001000111	01101110011001100100000000001000011100101001010111110111
10101100110010000010001001111010011110011010001101000111	01101110111001100000100000000010011100101001010111110111
10101100110010000010001011111010111110011010001101000101	01101110111001100000100000001110011100101001010101110111
10111000110010000010001011111010011110010010000101000111	01101110110001100000101000001010011100100000010111110111
10101100110010000011001011111010011110011010001101000111	01101110111001100000100000001010011110101001010111110111
10101100110010000010001001111010011110011010001101000011	01101110111001100000100000000010011100101001010111110011
10101100110010000000001011111010011110011010001101000111	01101110111001100000100000001010011000101001010111110111
10101000110010000010001011111110011110111010001101000111	01101110110001100000100000001010111100101001011111110111
10101100110010100010001011111010011110011010011101000111	01101110111001100000100000101010011100101101010111110111
10101100110010000010001011111011011010011110001101000111	01101110111001001001100000001010011100101001010111110111
10101100110010000010001001111011011110011010001101000111	01101110111001100001100000000010011100101001010111110111
10101100110010001010001001111010011110001010101101000111	01101100111001100000100000000011011100101001110111110111
10101100110010000011001011111010011110011110001101000111	01101110111001101000100000001010011110101001010111110111
10101100110010000010101011111010011110011010001101000111	11101110111001100000100000001010011100101001010111110111
10101100110010000010001011111010001110011010001101000111	01101010111001100000100000001010011100101001010111110111
10101100110000000010001011111010011110010010001101000111	01101110111001100000100000001010011100101000010110110111
10101100110010000010001011111010011110011010001101001111	01111110111001100000100000001010011100101001010111110111
10101100110010000010001011111010011110011010001101000111	01101110111001100000100000001010011100101001010111110111
10101100110010100010001011111010011110011010001101000111	01101110111001100000100000001010011100101101010111110111
10101100110010000010001011110010011110011010001101000111	01101110111001100000100000001010011100101001010111110110
10101100110011000000001011111010011100011010001111000110	00101110111001100000000100001010011000101001010111111111
10101100110010000010001011111010011110011010001101001111	01111110111001100000100000001010011100101001010111110111
10101100110010100010001011111010011111011010001101000111	01101110111001100100100000001010011100101101010111110111
10101100110010100010001011111000011110010010001101000110	00101110111001100000100000001010011100101100010111100111
10101100110010000010001011111000010110011011001101000011	01101110111001100000100000001010011101101001010111000011
10101100110000100010001011111110011110011010001101000111	01101110111001100000100000001010011100101101011110110111
10101100110010100010001111111010011110011010001101000111	01101110111001100010100000001010011100101101010111110111
10011100110010000010001011111000011110011010001101000110	00101110111001100000101000001010011100101001000111100111
10101100110010000010001011111010011110011010101101000111	01101110111001100000100000001010011100101001110111110111
10100100110010000010001001011010011110011011001101000111	01001110111001100000100000000010001101101001010111110111
10101100110010000010001011111010011111011010001101000111	01101110111001100100100000001010011100101001010111110111
10101000111010000010001011111010011110011010001101000111	01101110110001100000100001001010011100101001010111110111
10101100110010000010001011111010001110011010001101000111	01101010111001100000100000001010011100101001010111110111
10101110110010010010001011111010011110001010001101001011	01111100111101100000110000001010011100101001010111110011
10101100110010000010001011111010011010011010001101001111	01111110111001000000100000001010011100101001010111110111
10101100110010000010001011111010011110011000001101010111	01101110111001100000100010001000011100101001010111110111
10101100110010000110001001111010011110011111101101000111	01101110111001101000100000000010011101111001110111110111
10101100110010000010001111111011011110001010001101000111	01101100111001100011100000001010011100101001010111110111
10101100110011000010001011101010011110011010001001000111	01100110011001100000100100001010011100101001010111110111
10101100100011000010001011111010011110011010000101000111	01101110111001100000100100001010011100000001010111110111
10101100110010000010001011111010011110011010001101010111	01101110111001100000100010001010011100101001010111110111
10101100110010000010001011011010011100011010000101000111	01101110111001100000000000001010001100100001010111110111
10101100010010000010001011011010010110011010001101000111	01101110111001100000100000001010000100101001010111010111
10101100110010000010001011111010011110011010001101000111	01101110111001100000100000001010011100101001010111110111
10101100110010000010001010111010011110011010001101000111	01101110101001100000100000001010011100101001010111110111
10101100110010000000001011111010011110011010001101100111	01101111111001100000100000001010011000101001010111110111
10101100110011000010001011111010011110111010001011010111	01101110011001100000100110001010111100101001010111111111
10101100110010000010000011111010011110011010001100000111	01101110111000100000100000001010011100101001010011110111
10101100110010000010001011111110011110011010001100000111	01101110111001100000100000001010011100101001011011110111
10101101110010000010001011111010011110011010001101000111	01101110111011100000100000001010011100101001010111110111
10101100110010000010001011111010011110011010001101000111	01101110111001100000100000001010011100101001010111110111
10101100110010000010001011111010011110011010001101000111	01101110111001100000100000001010011100101001010111110111
10101100110010110010001011111010011100011010001101000111	01101110111101100000000000001010011100101101010111110111
10101100110010100010001011111010011110011000001101000111	01101110111001100000100000001000011100101101010111110111
10101100110010000010001011111010011110011010001101000111	01101110111001100000100000001010011100101001010111110111
10101100110010000010001011111010011110011010001101000111	01101110111001100000100000001010011100101001010111110111
10101100110110000010001011011010011110011010000101000111	01101110111001110000100000001010001100100001010111110111
10101100010010000010001011111010011110011010001101000111	01101110111001100000100000001010010100101001010111110111
10101100110010000010001011111010011110011011001101001111	01111110111001100000100000001010011101101001010111110111
10101100110010100011001011111010011110011010001101000111	01101110111001100000100000001010011110101101010111110111
10101100110010100000001011111010011101011010001101000111	01101110111001100100000000001010011000101101010111110111
10101100110010000010001011011010011110011110001101000111	01101110111001101000100000001010001100101001010111110111
10101100110010000010001011111011011110011010001101000111	01101110111001100001100000001010011100101001010111110111
10111000110010000010001011111010011110011010001101010111	01101110110001100000101010001010011100101001010111110111
10101100110110001010001011111110011110011011001101000111	01101110111001110000100000001011011101101001011111110111
10100100110010100010001011011010011110011010001101000111	01001110111001100000100000001010001100101101010111110111
10101100110010000011001011111010011110111000011101000111	01101110111001100000100000101000111110101001010111110111
10101101110010000010001011111010011110011010001101000111	01101110111011100000100000001010011100101001010111110111
10111100110010000010001011111010001110011010001101001111	01111010111001100000101000001010011100101001010111110111
10101100111010100010001011111010011110011010001101000110	00101110111001100000100001001010011100101101010111110111
10101100110000000010011011111010011111011010001101001111	01111110111001100100100000001010011100101011010110110111
10101100110010000010101011101010011110011010001101000111	11100110111001100000100000001010011100101001010111110111
10101100110010000010001011111010011110011010001101000111	01101110111001100000100000001010011100101001010111110111
11101100110000000010001011111010011110001010101001000111	01101100011001100000100000011010011100101001110110110111
10101100110010000010001011111010011010011010001101000111	01101110111001000000100000001010011100101001010111110111
10101100110010000010001011111010011100011010001101000011	01101110111001100000000000001010011100101001010111110011
10101100110010000010001011111010001110011010001101000111	01101010111001100000100000001010011100101001010111110111
10101100110010000010001011111010010110011010011101000110	00101110111001100000100000101010011100101001010111010111
10101100110010000010001011111010011110011010001101000111	01101110111001100000100000001010011100101001010111110111
10101100110010000010001011111010011110011010001101100011	01101111111001100000100000001010011100101001010111110011
10101100110010000010001011111010011110011010011101000111	01101110111001100000100000101010011100101001010111110111
10101101110010100010001011111010011110011010001101000111	01101110111011100000100000001010011100101101010111110111
10101100110010100010001011111010011110011010001101000111	01101110111001100000100000001010011100101101010111110111
10101100110010000010001011111110011010011010001101000111	01101110111001000000100000001010011100101001011111110111
11101100110010100010000011111010011110011010001101000111	01101110111000100000100000011010011100101101010111110111
10101100110010000010001011111011011110011010011101001111	01111110111001100001100000101010011100101001010111110111
10101100110010000010001011111010011110111010001101000111	01101110111001100000100000001010111100101001010111110111
10101100110010100010000011111010011110011010001101000111	01101110111000100000100000001010011100101101010111110111
10100100110010000010001011111010011010011010001101010111	01001110111001000000100010001010011100101001010111110111
10101100110010000010001011111010011101011010001101100111	01101111111001100100000000001010011100101001010111110111
10101100110010000010011011111100011110011010001101000111	01101110111001100000100000001010011100101011011111100111
10101000110110000010011011111010011110110010001101000111	01101110110001110000100000001010111100101010010111110111
10101100110010100010001011110010011110011010001101000111	01101110111001100000100000001010011100101101010111110110
10101100110010101010001011111010011110011000001101000111	01101110111001100000100000001001011100101101010111110111
10101100110010000010001011111010011110111010001101000110	00101110111001100000100000001010111100101001010111110111
10111100110010000010001011111011011110011000001101000101	01101110111001100001101000001000011100101001010101110111
10101100110010100010001011111010011110011010001101000101	01101110111001100000100000001010011100101101010101110111
10101100110010000010001011011010011110111010001101000111	01101110111001100000100000001010101100101001010111110111
10101100110010000010001011111000011110011010001101000111	01101110111001100000100000001010011100101001010111100111
10001100010010000010001011111010011110011110001101000111	01101110111001101000100000001010010100101001000111110111
10101101010010010010101011111010001110011010101101000111	11101010111111100000100000001010010100101001110111110111
10101100110010000111001011111011011110011010001101001111	01111110111001100001100000001010011110111001010111110111
10001100110010000010001011111010011110011010001101000111	01101110111001100000100000001010011100101001000111110111
11101100110010000010001011111010011110011110001101000111	01101110111001101000100000011010011100101001010111110111
10101100110010000010001011111010011110011010001100000111	01101110111001100000100000001010011100101001010011110111
10101100110010000010001001111010011110011010001001000111	01101110011001100000100000000010011100101001010111110111
10101100110010000010001011111010111110111010001101000111	01101110111001100000100000001110111100101001010111110111
10101100110010010010001011111010011110011010001101000111	01101110111101100000100000001010011100101001010111110111
