2026-07-16 21:19:17,853 [INFO] loaded /Users/monitsharma/code_projects/Qupertino/src/mettleq/datasets/peaked_circuit_P9_Hqap_56x1917.qasm: qubits=56 ops={'u': 3890, 'rzz': 1917}
2026-07-16 21:19:17,858 [INFO] Pass: Collect2qBlocks - 2.71988 (ms)
2026-07-16 21:19:17,867 [INFO] Pass: ConsolidateBlocks - 8.70872 (ms)
2026-07-16 21:19:17,868 [INFO] after two-qubit block consolidation: ops={'unitary': 1885}
2026-07-16 21:19:17,886 [INFO] environment: python=3.10.16 qiskit=1.4.5 quimb=1.11.2 numpy=2.2.6 scipy=1.15.3 machine=arm64
2026-07-16 21:19:18,036 [INFO] Total unitaries: 1885 = 942 (left) + 943 (right)
2026-07-16 21:19:18,036 [INFO] Rewiring with SabreSwap(trials=90, heuristic='decay', seed=123)
2026-07-16 21:19:18,036 [INFO] No-progress fail-fast guardrail enabled: abort after 20 consecutive zero-work unswap cycle(s)
2026-07-16 21:19:18,036 [INFO] [start rewire](phase=initial, side=left, layers=59, trials=90, seed=123, parallel=False)
2026-07-16 21:19:19,229 [INFO] [end rewire](phase=initial, side=left, routed_layers=1355, elapsed_s=1.19)
2026-07-16 21:19:19,229 [INFO] [start rewire](phase=initial, side=right, layers=58, trials=90, seed=123, parallel=False)
2026-07-16 21:19:20,315 [INFO] [end rewire](phase=initial, side=right, routed_layers=1561, elapsed_s=1.09)
2026-07-16 21:19:20,333 [INFO] [start compressing] -> {'max_bond': 1, 'max_links': 4, 'total_elems': 224, 'total_shapes': 334, 'total_links': 222, 'num_tensors': 56}
2026-07-16 21:19:20,407 [INFO] [1L/1353](swap: 11, u: 0 | c_u: 0 | t_u_l: 0/942 | t_u_r: 0/943 | t_u: 0/1885) -> {'max_bond': 1, 'max_links': 4, 'total_elems': 224, 'total_shapes': 334, 'total_links': 222, 'num_tensors': 56}
2026-07-16 21:19:20,462 [INFO] [1R/1559](swap: 12, u: 0 | c_u: 0 | t_u_l: 0/942 | t_u_r: 0/943 | t_u: 0/1885) -> {'max_bond': 4, 'max_links': 4, 'total_elems': 512, 'total_shapes': 406, 'total_links': 222, 'num_tensors': 56}
2026-07-16 21:19:20,718 [INFO] [2L/1353](swap: 11, u: 1 | c_u: 1 | t_u_l: 1/942 | t_u_r: 0/943 | t_u: 1/1885) -> {'max_bond': 4, 'max_links': 4, 'total_elems': 844, 'total_shapes': 450, 'total_links': 222, 'num_tensors': 56}
2026-07-16 21:19:20,776 [INFO] [2R/1559](swap: 10, u: 1 | c_u: 2 | t_u_l: 1/942 | t_u_r: 1/943 | t_u: 2/1885) -> {'max_bond': 4, 'max_links': 4, 'total_elems': 1456, 'total_shapes': 504, 'total_links': 222, 'num_tensors': 56}
2026-07-16 21:19:20,833 [INFO] [3L/1353](swap: 14, u: 0 | c_u: 2 | t_u_l: 1/942 | t_u_r: 1/943 | t_u: 2/1885) -> {'max_bond': 16, 'max_links': 4, 'total_elems': 2464, 'total_shapes': 576, 'total_links': 222, 'num_tensors': 56}
2026-07-16 21:19:20,893 [INFO] [3R/1559](swap: 13, u: 0 | c_u: 2 | t_u_l: 1/942 | t_u_r: 1/943 | t_u: 2/1885) -> {'max_bond': 16, 'max_links': 4, 'total_elems': 4316, 'total_shapes': 700, 'total_links': 222, 'num_tensors': 56}
2026-07-16 21:19:20,955 [INFO] [4R/1559](swap: 13, u: 0 | c_u: 2 | t_u_l: 1/942 | t_u_r: 1/943 | t_u: 2/1885) -> {'max_bond': 16, 'max_links': 4, 'total_elems': 9464, 'total_shapes': 844, 'total_links': 222, 'num_tensors': 56}
2026-07-16 21:19:21,021 [INFO] [5R/1559](swap: 13, u: 0 | c_u: 2 | t_u_l: 1/942 | t_u_r: 1/943 | t_u: 2/1885) -> {'max_bond': 16, 'max_links': 4, 'total_elems': 13496, 'total_shapes': 988, 'total_links': 222, 'num_tensors': 56}
2026-07-16 21:19:21,088 [INFO] [6R/1559](swap: 12, u: 0 | c_u: 2 | t_u_l: 1/942 | t_u_r: 1/943 | t_u: 2/1885) -> {'max_bond': 16, 'max_links': 4, 'total_elems': 17516, 'total_shapes': 1102, 'total_links': 222, 'num_tensors': 56}
2026-07-16 21:19:21,159 [INFO] [4L/1353](swap: 14, u: 1 | c_u: 3 | t_u_l: 2/942 | t_u_r: 1/943 | t_u: 3/1885) -> {'max_bond': 64, 'max_links': 4, 'total_elems': 33200, 'total_shapes': 1360, 'total_links': 222, 'num_tensors': 56}
2026-07-16 21:19:21,248 [INFO] [7R/1559](swap: 12, u: 0 | c_u: 3 | t_u_l: 2/942 | t_u_r: 1/943 | t_u: 3/1885) -> {'max_bond': 64, 'max_links': 4, 'total_elems': 50120, 'total_shapes': 1666, 'total_links': 222, 'num_tensors': 56}
2026-07-16 21:19:21,388 [INFO] [8R/1559](swap: 10, u: 1 | c_u: 4 | t_u_l: 2/942 | t_u_r: 2/943 | t_u: 4/1885) -> {'max_bond': 64, 'max_links': 4, 'total_elems': 85444, 'total_shapes': 1968, 'total_links': 222, 'num_tensors': 56}
2026-07-16 21:19:21,560 [INFO] [5L/1353](swap: 13, u: 1 | c_u: 5 | t_u_l: 3/942 | t_u_r: 2/943 | t_u: 5/1885) -> {'max_bond': 64, 'max_links': 4, 'total_elems': 124352, 'total_shapes': 2254, 'total_links': 222, 'num_tensors': 56}
2026-07-16 21:19:21,770 [INFO] [6L/1353](swap: 8, u: 1 | c_u: 6 | t_u_l: 4/942 | t_u_r: 2/943 | t_u: 6/1885) -> {'max_bond': 128, 'max_links': 4, 'total_elems': 154672, 'total_shapes': 2488, 'total_links': 222, 'num_tensors': 56}
2026-07-16 21:19:22,033 [INFO] [9R/1559](swap: 9, u: 1 | c_u: 7 | t_u_l: 4/942 | t_u_r: 3/943 | t_u: 7/1885) -> {'max_bond': 128, 'max_links': 4, 'total_elems': 230320, 'total_shapes': 2992, 'total_links': 222, 'num_tensors': 56}
2026-07-16 21:19:22,437 [INFO] [10R/1559](swap: 9, u: 1 | c_u: 8 | t_u_l: 4/942 | t_u_r: 4/943 | t_u: 8/1885) -> {'max_bond': 256, 'max_links': 4, 'total_elems': 426400, 'total_shapes': 3876, 'total_links': 222, 'num_tensors': 56}
2026-07-16 21:19:23,104 [INFO]     [start unswap] -> {'max_bond': 256, 'max_links': 4, 'total_elems': 426400, 'total_shapes': 3876, 'total_links': 222, 'num_tensors': 56}
2026-07-16 21:19:27,967 [INFO]     [0 | both | 0](candidate_pairs: 28/28 | new_swaps: 7 | total: 7) -> {'max_bond': 256, 'max_links': 4, 'total_elems': 605744, 'total_shapes': 4232, 'total_links': 222, 'num_tensors': 56}
2026-07-16 21:19:29,393 [INFO]     [0 | both | 1](candidate_pairs: 27/27 | new_swaps: 12 | total: 19) -> {'max_bond': 128, 'max_links': 4, 'total_elems': 231088, 'total_shapes': 2600, 'total_links': 222, 'num_tensors': 56}
2026-07-16 21:19:29,733 [INFO]     [0 | left | 0](candidate_pairs: 28/28 | new_swaps: 9 | total: 28) -> {'max_bond': 128, 'max_links': 4, 'total_elems': 156660, 'total_shapes': 2216, 'total_links': 222, 'num_tensors': 56}
2026-07-16 21:19:29,979 [INFO]     [0 | left | 1](candidate_pairs: 27/27 | new_swaps: 10 | total: 38) -> {'max_bond': 64, 'max_links': 4, 'total_elems': 114348, 'total_shapes': 1882, 'total_links': 222, 'num_tensors': 56}
2026-07-16 21:19:30,166 [INFO]     [0 | right | 0](candidate_pairs: 28/28 | new_swaps: 10 | total: 48) -> {'max_bond': 64, 'max_links': 4, 'total_elems': 76284, 'total_shapes': 1512, 'total_links': 222, 'num_tensors': 56}
2026-07-16 21:19:30,293 [INFO]     [0 | right | 1](candidate_pairs: 27/27 | new_swaps: 5 | total: 53) -> {'max_bond': 64, 'max_links': 4, 'total_elems': 60516, 'total_shapes': 1390, 'total_links': 222, 'num_tensors': 56}
2026-07-16 21:19:30,520 [INFO]     [1 | both | 0](candidate_pairs: 28/28 | new_swaps: 6 | total: 6) -> {'max_bond': 64, 'max_links': 4, 'total_elems': 26616, 'total_shapes': 1124, 'total_links': 222, 'num_tensors': 56}
2026-07-16 21:19:30,651 [INFO]     [1 | both | 1](candidate_pairs: 27/27 | new_swaps: 9 | total: 15) -> {'max_bond': 32, 'max_links': 4, 'total_elems': 11412, 'total_shapes': 826, 'total_links': 222, 'num_tensors': 56}
2026-07-16 21:19:30,712 [INFO]     [1 | left | 0](candidate_pairs: 28/28 | new_swaps: 9 | total: 24) -> {'max_bond': 32, 'max_links': 4, 'total_elems': 9916, 'total_shapes': 752, 'total_links': 222, 'num_tensors': 56}
2026-07-16 21:19:30,769 [INFO]     [1 | left | 1](candidate_pairs: 27/27 | new_swaps: 3 | total: 27) -> {'max_bond': 32, 'max_links': 4, 'total_elems': 9808, 'total_shapes': 738, 'total_links': 222, 'num_tensors': 56}
2026-07-16 21:19:30,825 [INFO]     [1 | right | 0](candidate_pairs: 28/28 | new_swaps: 3 | total: 30) -> {'max_bond': 32, 'max_links': 4, 'total_elems': 9604, 'total_shapes': 720, 'total_links': 222, 'num_tensors': 56}
2026-07-16 21:19:30,852 [INFO]     [1 | right | 1](candidate_pairs: 27/27 | new_swaps: 0 | total: 30) -> {'max_bond': 32, 'max_links': 4, 'total_elems': 9604, 'total_shapes': 720, 'total_links': 222, 'num_tensors': 56}
2026-07-16 21:19:30,960 [INFO]     [2 | both | 0](candidate_pairs: 28/28 | new_swaps: 8 | total: 8) -> {'max_bond': 32, 'max_links': 4, 'total_elems': 4240, 'total_shapes': 598, 'total_links': 222, 'num_tensors': 56}
2026-07-16 21:19:31,052 [INFO]     [2 | both | 1](candidate_pairs: 27/27 | new_swaps: 8 | total: 16) -> {'max_bond': 32, 'max_links': 4, 'total_elems': 3100, 'total_shapes': 522, 'total_links': 222, 'num_tensors': 56}
2026-07-16 21:19:31,100 [INFO]     [2 | left | 0](candidate_pairs: 28/28 | new_swaps: 1 | total: 17) -> {'max_bond': 32, 'max_links': 4, 'total_elems': 3076, 'total_shapes': 516, 'total_links': 222, 'num_tensors': 56}
2026-07-16 21:19:31,153 [INFO]     [2 | left | 1](candidate_pairs: 27/27 | new_swaps: 3 | total: 20) -> {'max_bond': 8, 'max_links': 4, 'total_elems': 1492, 'total_shapes': 456, 'total_links': 222, 'num_tensors': 56}
2026-07-16 21:19:31,202 [INFO]     [2 | right | 0](candidate_pairs: 28/28 | new_swaps: 2 | total: 22) -> {'max_bond': 8, 'max_links': 4, 'total_elems': 1324, 'total_shapes': 444, 'total_links': 222, 'num_tensors': 56}
2026-07-16 21:19:31,252 [INFO]     [2 | right | 1](candidate_pairs: 27/27 | new_swaps: 2 | total: 24) -> {'max_bond': 8, 'max_links': 4, 'total_elems': 1224, 'total_shapes': 434, 'total_links': 222, 'num_tensors': 56}
2026-07-16 21:19:31,343 [INFO]     [3 | both | 0](candidate_pairs: 28/28 | new_swaps: 7 | total: 7) -> {'max_bond': 8, 'max_links': 4, 'total_elems': 632, 'total_shapes': 394, 'total_links': 222, 'num_tensors': 56}
2026-07-16 21:19:31,427 [INFO]     [3 | both | 1](candidate_pairs: 27/27 | new_swaps: 4 | total: 11) -> {'max_bond': 8, 'max_links': 4, 'total_elems': 584, 'total_shapes': 386, 'total_links': 222, 'num_tensors': 56}
2026-07-16 21:19:31,447 [INFO]     [3 | left | 0](candidate_pairs: 28/28 | new_swaps: 0 | total: 11) -> {'max_bond': 8, 'max_links': 4, 'total_elems': 584, 'total_shapes': 386, 'total_links': 222, 'num_tensors': 56}
2026-07-16 21:19:31,497 [INFO]     [3 | left | 1](candidate_pairs: 27/27 | new_swaps: 3 | total: 14) -> {'max_bond': 4, 'max_links': 4, 'total_elems': 392, 'total_shapes': 364, 'total_links': 222, 'num_tensors': 56}
2026-07-16 21:19:31,517 [INFO]     [3 | right | 0](candidate_pairs: 28/28 | new_swaps: 0 | total: 14) -> {'max_bond': 4, 'max_links': 4, 'total_elems': 392, 'total_shapes': 364, 'total_links': 222, 'num_tensors': 56}
2026-07-16 21:19:31,536 [INFO]     [3 | right | 1](candidate_pairs: 27/27 | new_swaps: 0 | total: 14) -> {'max_bond': 4, 'max_links': 4, 'total_elems': 392, 'total_shapes': 364, 'total_links': 222, 'num_tensors': 56}
2026-07-16 21:19:31,622 [INFO]     [4 | both | 0](candidate_pairs: 28/28 | new_swaps: 4 | total: 4) -> {'max_bond': 4, 'max_links': 4, 'total_elems': 344, 'total_shapes': 356, 'total_links': 222, 'num_tensors': 56}
2026-07-16 21:19:31,658 [INFO]     [4 | both | 1](candidate_pairs: 27/27 | new_swaps: 0 | total: 4) -> {'max_bond': 4, 'max_links': 4, 'total_elems': 344, 'total_shapes': 356, 'total_links': 222, 'num_tensors': 56}
2026-07-16 21:19:31,678 [INFO]     [4 | left | 0](candidate_pairs: 28/28 | new_swaps: 0 | total: 4) -> {'max_bond': 4, 'max_links': 4, 'total_elems': 344, 'total_shapes': 356, 'total_links': 222, 'num_tensors': 56}
2026-07-16 21:19:31,697 [INFO]     [4 | left | 1](candidate_pairs: 27/27 | new_swaps: 0 | total: 4) -> {'max_bond': 4, 'max_links': 4, 'total_elems': 344, 'total_shapes': 356, 'total_links': 222, 'num_tensors': 56}
2026-07-16 21:19:31,717 [INFO]     [4 | right | 0](candidate_pairs: 28/28 | new_swaps: 0 | total: 4) -> {'max_bond': 4, 'max_links': 4, 'total_elems': 344, 'total_shapes': 356, 'total_links': 222, 'num_tensors': 56}
2026-07-16 21:19:31,737 [INFO]     [4 | right | 1](candidate_pairs: 27/27 | new_swaps: 0 | total: 4) -> {'max_bond': 4, 'max_links': 4, 'total_elems': 344, 'total_shapes': 356, 'total_links': 222, 'num_tensors': 56}
2026-07-16 21:19:31,774 [INFO]     [5 | both | 0](candidate_pairs: 28/28 | new_swaps: 0 | total: 0) -> {'max_bond': 4, 'max_links': 4, 'total_elems': 344, 'total_shapes': 356, 'total_links': 222, 'num_tensors': 56}
2026-07-16 21:19:31,812 [INFO]     [5 | both | 1](candidate_pairs: 27/27 | new_swaps: 0 | total: 0) -> {'max_bond': 4, 'max_links': 4, 'total_elems': 344, 'total_shapes': 356, 'total_links': 222, 'num_tensors': 56}
2026-07-16 21:19:31,831 [INFO]     [5 | left | 0](candidate_pairs: 28/28 | new_swaps: 0 | total: 0) -> {'max_bond': 4, 'max_links': 4, 'total_elems': 344, 'total_shapes': 356, 'total_links': 222, 'num_tensors': 56}
2026-07-16 21:19:31,850 [INFO]     [5 | left | 1](candidate_pairs: 27/27 | new_swaps: 0 | total: 0) -> {'max_bond': 4, 'max_links': 4, 'total_elems': 344, 'total_shapes': 356, 'total_links': 222, 'num_tensors': 56}
2026-07-16 21:19:31,869 [INFO]     [5 | right | 0](candidate_pairs: 28/28 | new_swaps: 0 | total: 0) -> {'max_bond': 4, 'max_links': 4, 'total_elems': 344, 'total_shapes': 356, 'total_links': 222, 'num_tensors': 56}
2026-07-16 21:19:31,888 [INFO]     [5 | right | 1](candidate_pairs: 27/27 | new_swaps: 0 | total: 0) -> {'max_bond': 4, 'max_links': 4, 'total_elems': 344, 'total_shapes': 356, 'total_links': 222, 'num_tensors': 56}
2026-07-16 21:19:31,889 [INFO]     [end unswap] -> {'max_bond': 4, 'max_links': 4, 'total_elems': 344, 'total_shapes': 356, 'total_links': 222, 'num_tensors': 56}
2026-07-16 21:19:31,983 [INFO] [start rewire](phase=post_unswap, cycle=1, side=left, layers=1349, trials=50, seed=123, parallel=False, route_candidates=1, route_score=none)
2026-07-16 21:19:33,274 [INFO] [end rewire](phase=post_unswap, cycle=1, side=left, routed_layers=1544, elapsed_s=1.29)
2026-07-16 21:19:33,275 [INFO] [start rewire](phase=post_unswap, cycle=1, side=right, layers=1551, trials=50, seed=123, parallel=False, route_candidates=1, route_score=none)
2026-07-16 21:19:34,770 [INFO] [end rewire](phase=post_unswap, cycle=1, side=right, routed_layers=1647, elapsed_s=1.49)
2026-07-16 21:19:34,839 [INFO] [1L/1542](swap: 12, u: 0 | c_u: 0 | t_u_l: 4/942 | t_u_r: 4/943 | t_u: 8/1885) -> {'max_bond': 4, 'max_links': 4, 'total_elems': 344, 'total_shapes': 356, 'total_links': 222, 'num_tensors': 56}
2026-07-16 21:19:34,903 [INFO] [2L/1542](swap: 11, u: 0 | c_u: 0 | t_u_l: 4/942 | t_u_r: 4/943 | t_u: 8/1885) -> {'max_bond': 4, 'max_links': 4, 'total_elems': 624, 'total_shapes': 424, 'total_links': 222, 'num_tensors': 56}
2026-07-16 21:19:34,966 [INFO] [1R/1645](swap: 12, u: 0 | c_u: 0 | t_u_l: 4/942 | t_u_r: 4/943 | t_u: 8/1885) -> {'max_bond': 4, 'max_links': 4, 'total_elems': 1036, 'total_shapes': 480, 'total_links': 222, 'num_tensors': 56}
2026-07-16 21:19:35,031 [INFO] [2R/1645](swap: 11, u: 1 | c_u: 1 | t_u_l: 4/942 | t_u_r: 5/943 | t_u: 9/1885) -> {'max_bond': 4, 'max_links': 4, 'total_elems': 1640, 'total_shapes': 534, 'total_links': 222, 'num_tensors': 56}
2026-07-16 21:19:35,094 [INFO] [3L/1542](swap: 10, u: 1 | c_u: 2 | t_u_l: 5/942 | t_u_r: 5/943 | t_u: 10/1885) -> {'max_bond': 8, 'max_links': 4, 'total_elems': 2300, 'total_shapes': 584, 'total_links': 222, 'num_tensors': 56}
2026-07-16 21:19:35,158 [INFO] [4L/1542](swap: 11, u: 0 | c_u: 2 | t_u_l: 5/942 | t_u_r: 5/943 | t_u: 10/1885) -> {'max_bond': 16, 'max_links': 4, 'total_elems': 3764, 'total_shapes': 678, 'total_links': 222, 'num_tensors': 56}
2026-07-16 21:19:35,223 [INFO] [3R/1645](swap: 9, u: 0 | c_u: 2 | t_u_l: 5/942 | t_u_r: 5/943 | t_u: 10/1885) -> {'max_bond': 16, 'max_links': 4, 'total_elems': 6692, 'total_shapes': 786, 'total_links': 222, 'num_tensors': 56}
2026-07-16 21:19:35,292 [INFO] [4R/1645](swap: 10, u: 1 | c_u: 3 | t_u_l: 5/942 | t_u_r: 6/943 | t_u: 11/1885) -> {'max_bond': 16, 'max_links': 4, 'total_elems': 10340, 'total_shapes': 892, 'total_links': 222, 'num_tensors': 56}
2026-07-16 21:19:35,365 [INFO] [5L/1542](swap: 12, u: 0 | c_u: 3 | t_u_l: 5/942 | t_u_r: 6/943 | t_u: 11/1885) -> {'max_bond': 64, 'max_links': 4, 'total_elems': 21248, 'total_shapes': 1102, 'total_links': 222, 'num_tensors': 56}
2026-07-16 21:19:35,453 [INFO] [5R/1645](swap: 11, u: 0 | c_u: 3 | t_u_l: 5/942 | t_u_r: 6/943 | t_u: 11/1885) -> {'max_bond': 64, 'max_links': 4, 'total_elems': 31676, 'total_shapes': 1300, 'total_links': 222, 'num_tensors': 56}
2026-07-16 21:19:35,551 [INFO] [6R/1645](swap: 11, u: 0 | c_u: 3 | t_u_l: 5/942 | t_u_r: 6/943 | t_u: 11/1885) -> {'max_bond': 64, 'max_links': 4, 'total_elems': 43292, 'total_shapes': 1474, 'total_links': 222, 'num_tensors': 56}
2026-07-16 21:19:35,647 [INFO] [7R/1645](swap: 10, u: 0 | c_u: 3 | t_u_l: 5/942 | t_u_r: 6/943 | t_u: 11/1885) -> {'max_bond': 64, 'max_links': 4, 'total_elems': 46940, 'total_shapes': 1570, 'total_links': 222, 'num_tensors': 56}
2026-07-16 21:19:35,753 [INFO] [6L/1542](swap: 13, u: 0 | c_u: 3 | t_u_l: 5/942 | t_u_r: 6/943 | t_u: 11/1885) -> {'max_bond': 64, 'max_links': 4, 'total_elems': 66392, 'total_shapes': 1768, 'total_links': 222, 'num_tensors': 56}
2026-07-16 21:19:35,885 [INFO] [8R/1645](swap: 10, u: 1 | c_u: 4 | t_u_l: 5/942 | t_u_r: 7/943 | t_u: 12/1885) -> {'max_bond': 64, 'max_links': 4, 'total_elems': 92320, 'total_shapes': 2046, 'total_links': 222, 'num_tensors': 56}
2026-07-16 21:19:36,057 [INFO] [7L/1542](swap: 15, u: 0 | c_u: 4 | t_u_l: 5/942 | t_u_r: 7/943 | t_u: 12/1885) -> {'max_bond': 64, 'max_links': 4, 'total_elems': 168448, 'total_shapes': 2556, 'total_links': 222, 'num_tensors': 56}
2026-07-16 21:19:36,326 [INFO] [9R/1645](swap: 7, u: 1 | c_u: 5 | t_u_l: 5/942 | t_u_r: 8/943 | t_u: 13/1885) -> {'max_bond': 256, 'max_links': 4, 'total_elems': 285088, 'total_shapes': 3120, 'total_links': 222, 'num_tensors': 56}
2026-07-16 21:19:36,742 [INFO] [10R/1645](swap: 7, u: 0 | c_u: 5 | t_u_l: 5/942 | t_u_r: 8/943 | t_u: 13/1885) -> {'max_bond': 256, 'max_links': 4, 'total_elems': 403168, 'total_shapes': 3696, 'total_links': 222, 'num_tensors': 56}
2026-07-16 21:19:37,303 [INFO]     [start unswap] -> {'max_bond': 256, 'max_links': 4, 'total_elems': 403168, 'total_shapes': 3696, 'total_links': 222, 'num_tensors': 56}
2026-07-16 21:19:41,332 [INFO]     [0 | both | 0](candidate_pairs: 28/28 | new_swaps: 4 | total: 4) -> {'max_bond': 256, 'max_links': 4, 'total_elems': 696160, 'total_shapes': 4400, 'total_links': 222, 'num_tensors': 56}
2026-07-16 21:19:43,400 [INFO]     [0 | both | 1](candidate_pairs: 27/27 | new_swaps: 15 | total: 19) -> {'max_bond': 256, 'max_links': 4, 'total_elems': 262656, 'total_shapes': 2908, 'total_links': 222, 'num_tensors': 56}
2026-07-16 21:19:43,735 [INFO]     [0 | left | 0](candidate_pairs: 28/28 | new_swaps: 7 | total: 26) -> {'max_bond': 64, 'max_links': 4, 'total_elems': 115552, 'total_shapes': 2172, 'total_links': 222, 'num_tensors': 56}
2026-07-16 21:19:43,912 [INFO]     [0 | left | 1](candidate_pairs: 27/27 | new_swaps: 8 | total: 34) -> {'max_bond': 64, 'max_links': 4, 'total_elems': 69888, 'total_shapes': 1822, 'total_links': 222, 'num_tensors': 56}
2026-07-16 21:19:44,037 [INFO]     [0 | right | 0](candidate_pairs: 28/28 | new_swaps: 8 | total: 42) -> {'max_bond': 64, 'max_links': 4, 'total_elems': 54836, 'total_shapes': 1586, 'total_links': 222, 'num_tensors': 56}
2026-07-16 21:19:44,152 [INFO]     [0 | right | 1](candidate_pairs: 27/27 | new_swaps: 10 | total: 52) -> {'max_bond': 64, 'max_links': 4, 'total_elems': 45916, 'total_shapes': 1430, 'total_links': 222, 'num_tensors': 56}
2026-07-16 21:19:44,357 [INFO]     [1 | both | 0](candidate_pairs: 28/28 | new_swaps: 13 | total: 13) -> {'max_bond': 64, 'max_links': 4, 'total_elems': 24948, 'total_shapes': 1166, 'total_links': 222, 'num_tensors': 56}
2026-07-16 21:19:44,492 [INFO]     [1 | both | 1](candidate_pairs: 27/27 | new_swaps: 6 | total: 19) -> {'max_bond': 16, 'max_links': 4, 'total_elems': 14600, 'total_shapes': 980, 'total_links': 222, 'num_tensors': 56}
2026-07-16 21:19:44,557 [INFO]     [1 | left | 0](candidate_pairs: 28/28 | new_swaps: 6 | total: 25) -> {'max_bond': 16, 'max_links': 4, 'total_elems': 12168, 'total_shapes': 880, 'total_links': 222, 'num_tensors': 56}
2026-07-16 21:19:44,621 [INFO]     [1 | left | 1](candidate_pairs: 27/27 | new_swaps: 5 | total: 30) -> {'max_bond': 16, 'max_links': 4, 'total_elems': 11040, 'total_shapes': 840, 'total_links': 222, 'num_tensors': 56}
2026-07-16 21:19:44,683 [INFO]     [1 | right | 0](candidate_pairs: 28/28 | new_swaps: 4 | total: 34) -> {'max_bond': 16, 'max_links': 4, 'total_elems': 9384, 'total_shapes': 782, 'total_links': 222, 'num_tensors': 56}
2026-07-16 21:19:44,742 [INFO]     [1 | right | 1](candidate_pairs: 27/27 | new_swaps: 3 | total: 37) -> {'max_bond': 16, 'max_links': 4, 'total_elems': 9044, 'total_shapes': 760, 'total_links': 222, 'num_tensors': 56}
2026-07-16 21:19:44,854 [INFO]     [2 | both | 0](candidate_pairs: 28/28 | new_swaps: 7 | total: 7) -> {'max_bond': 16, 'max_links': 4, 'total_elems': 7340, 'total_shapes': 696, 'total_links': 222, 'num_tensors': 56}
2026-07-16 21:19:44,961 [INFO]     [2 | both | 1](candidate_pairs: 27/27 | new_swaps: 10 | total: 17) -> {'max_bond': 16, 'max_links': 4, 'total_elems': 4920, 'total_shapes': 612, 'total_links': 222, 'num_tensors': 56}
2026-07-16 21:19:45,014 [INFO]     [2 | left | 0](candidate_pairs: 28/28 | new_swaps: 2 | total: 19) -> {'max_bond': 16, 'max_links': 4, 'total_elems': 4608, 'total_shapes': 594, 'total_links': 222, 'num_tensors': 56}
2026-07-16 21:19:45,069 [INFO]     [2 | left | 1](candidate_pairs: 27/27 | new_swaps: 2 | total: 21) -> {'max_bond': 16, 'max_links': 4, 'total_elems': 4464, 'total_shapes': 578, 'total_links': 222, 'num_tensors': 56}
2026-07-16 21:19:45,091 [INFO]     [2 | right | 0](candidate_pairs: 28/28 | new_swaps: 0 | total: 21) -> {'max_bond': 16, 'max_links': 4, 'total_elems': 4464, 'total_shapes': 578, 'total_links': 222, 'num_tensors': 56}
2026-07-16 21:19:45,115 [INFO]     [2 | right | 1](candidate_pairs: 27/27 | new_swaps: 0 | total: 21) -> {'max_bond': 16, 'max_links': 4, 'total_elems': 4464, 'total_shapes': 578, 'total_links': 222, 'num_tensors': 56}
2026-07-16 21:19:45,213 [INFO]     [3 | both | 0](candidate_pairs: 28/28 | new_swaps: 7 | total: 7) -> {'max_bond': 16, 'max_links': 4, 'total_elems': 2468, 'total_shapes': 520, 'total_links': 222, 'num_tensors': 56}
2026-07-16 21:19:45,304 [INFO]     [3 | both | 1](candidate_pairs: 27/27 | new_swaps: 5 | total: 12) -> {'max_bond': 8, 'max_links': 4, 'total_elems': 1628, 'total_shapes': 480, 'total_links': 222, 'num_tensors': 56}
2026-07-16 21:19:45,353 [INFO]     [3 | left | 0](candidate_pairs: 28/28 | new_swaps: 1 | total: 13) -> {'max_bond': 8, 'max_links': 4, 'total_elems': 1500, 'total_shapes': 472, 'total_links': 222, 'num_tensors': 56}
2026-07-16 21:19:46,071 [INFO]     [3 | left | 1](candidate_pairs: 27/27 | new_swaps: 1 | total: 14) -> {'max_bond': 8, 'max_links': 4, 'total_elems': 1428, 'total_shapes': 466, 'total_links': 222, 'num_tensors': 56}
2026-07-16 21:19:46,092 [INFO]     [3 | right | 0](candidate_pairs: 28/28 | new_swaps: 0 | total: 14) -> {'max_bond': 8, 'max_links': 4, 'total_elems': 1428, 'total_shapes': 466, 'total_links': 222, 'num_tensors': 56}
2026-07-16 21:19:46,113 [INFO]     [3 | right | 1](candidate_pairs: 27/27 | new_swaps: 0 | total: 14) -> {'max_bond': 8, 'max_links': 4, 'total_elems': 1428, 'total_shapes': 466, 'total_links': 222, 'num_tensors': 56}
2026-07-16 21:19:46,203 [INFO]     [4 | both | 0](candidate_pairs: 28/28 | new_swaps: 4 | total: 4) -> {'max_bond': 8, 'max_links': 4, 'total_elems': 1296, 'total_shapes': 452, 'total_links': 222, 'num_tensors': 56}
2026-07-16 21:19:46,289 [INFO]     [4 | both | 1](candidate_pairs: 27/27 | new_swaps: 1 | total: 5) -> {'max_bond': 8, 'max_links': 4, 'total_elems': 1284, 'total_shapes': 450, 'total_links': 222, 'num_tensors': 56}
2026-07-16 21:19:46,310 [INFO]     [4 | left | 0](candidate_pairs: 28/28 | new_swaps: 0 | total: 5) -> {'max_bond': 8, 'max_links': 4, 'total_elems': 1284, 'total_shapes': 450, 'total_links': 222, 'num_tensors': 56}
2026-07-16 21:19:46,331 [INFO]     [4 | left | 1](candidate_pairs: 27/27 | new_swaps: 0 | total: 5) -> {'max_bond': 8, 'max_links': 4, 'total_elems': 1284, 'total_shapes': 450, 'total_links': 222, 'num_tensors': 56}
2026-07-16 21:19:46,352 [INFO]     [4 | right | 0](candidate_pairs: 28/28 | new_swaps: 0 | total: 5) -> {'max_bond': 8, 'max_links': 4, 'total_elems': 1284, 'total_shapes': 450, 'total_links': 222, 'num_tensors': 56}
2026-07-16 21:19:46,400 [INFO]     [4 | right | 1](candidate_pairs: 27/27 | new_swaps: 1 | total: 6) -> {'max_bond': 8, 'max_links': 4, 'total_elems': 1224, 'total_shapes': 444, 'total_links': 222, 'num_tensors': 56}
2026-07-16 21:19:46,487 [INFO]     [5 | both | 0](candidate_pairs: 28/28 | new_swaps: 2 | total: 2) -> {'max_bond': 8, 'max_links': 4, 'total_elems': 1152, 'total_shapes': 436, 'total_links': 222, 'num_tensors': 56}
2026-07-16 21:19:46,574 [INFO]     [5 | both | 1](candidate_pairs: 27/27 | new_swaps: 2 | total: 4) -> {'max_bond': 8, 'max_links': 4, 'total_elems': 1080, 'total_shapes': 428, 'total_links': 222, 'num_tensors': 56}
2026-07-16 21:19:46,595 [INFO]     [5 | left | 0](candidate_pairs: 28/28 | new_swaps: 0 | total: 4) -> {'max_bond': 8, 'max_links': 4, 'total_elems': 1080, 'total_shapes': 428, 'total_links': 222, 'num_tensors': 56}
2026-07-16 21:19:46,616 [INFO]     [5 | left | 1](candidate_pairs: 27/27 | new_swaps: 0 | total: 4) -> {'max_bond': 8, 'max_links': 4, 'total_elems': 1080, 'total_shapes': 428, 'total_links': 222, 'num_tensors': 56}
2026-07-16 21:19:46,636 [INFO]     [5 | right | 0](candidate_pairs: 28/28 | new_swaps: 0 | total: 4) -> {'max_bond': 8, 'max_links': 4, 'total_elems': 1080, 'total_shapes': 428, 'total_links': 222, 'num_tensors': 56}
2026-07-16 21:19:46,656 [INFO]     [5 | right | 1](candidate_pairs: 27/27 | new_swaps: 0 | total: 4) -> {'max_bond': 8, 'max_links': 4, 'total_elems': 1080, 'total_shapes': 428, 'total_links': 222, 'num_tensors': 56}
2026-07-16 21:19:46,741 [INFO]     [6 | both | 0](candidate_pairs: 28/28 | new_swaps: 1 | total: 1) -> {'max_bond': 8, 'max_links': 4, 'total_elems': 1020, 'total_shapes': 422, 'total_links': 222, 'num_tensors': 56}
2026-07-16 21:19:46,780 [INFO]     [6 | both | 1](candidate_pairs: 27/27 | new_swaps: 0 | total: 1) -> {'max_bond': 8, 'max_links': 4, 'total_elems': 1020, 'total_shapes': 422, 'total_links': 222, 'num_tensors': 56}
2026-07-16 21:19:46,801 [INFO]     [6 | left | 0](candidate_pairs: 28/28 | new_swaps: 0 | total: 1) -> {'max_bond': 8, 'max_links': 4, 'total_elems': 1020, 'total_shapes': 422, 'total_links': 222, 'num_tensors': 56}
2026-07-16 21:19:46,822 [INFO]     [6 | left | 1](candidate_pairs: 27/27 | new_swaps: 0 | total: 1) -> {'max_bond': 8, 'max_links': 4, 'total_elems': 1020, 'total_shapes': 422, 'total_links': 222, 'num_tensors': 56}
2026-07-16 21:19:46,843 [INFO]     [6 | right | 0](candidate_pairs: 28/28 | new_swaps: 0 | total: 1) -> {'max_bond': 8, 'max_links': 4, 'total_elems': 1020, 'total_shapes': 422, 'total_links': 222, 'num_tensors': 56}
2026-07-16 21:19:46,892 [INFO]     [6 | right | 1](candidate_pairs: 27/27 | new_swaps: 1 | total: 2) -> {'max_bond': 8, 'max_links': 4, 'total_elems': 980, 'total_shapes': 418, 'total_links': 222, 'num_tensors': 56}
2026-07-16 21:19:46,967 [INFO]     [7 | both | 0](candidate_pairs: 28/28 | new_swaps: 1 | total: 1) -> {'max_bond': 8, 'max_links': 4, 'total_elems': 932, 'total_shapes': 414, 'total_links': 222, 'num_tensors': 56}
2026-07-16 21:19:47,040 [INFO]     [7 | both | 1](candidate_pairs: 27/27 | new_swaps: 1 | total: 2) -> {'max_bond': 8, 'max_links': 4, 'total_elems': 920, 'total_shapes': 412, 'total_links': 222, 'num_tensors': 56}
2026-07-16 21:19:47,061 [INFO]     [7 | left | 0](candidate_pairs: 28/28 | new_swaps: 0 | total: 2) -> {'max_bond': 8, 'max_links': 4, 'total_elems': 920, 'total_shapes': 412, 'total_links': 222, 'num_tensors': 56}
2026-07-16 21:19:47,083 [INFO]     [7 | left | 1](candidate_pairs: 27/27 | new_swaps: 0 | total: 2) -> {'max_bond': 8, 'max_links': 4, 'total_elems': 920, 'total_shapes': 412, 'total_links': 222, 'num_tensors': 56}
2026-07-16 21:19:47,104 [INFO]     [7 | right | 0](candidate_pairs: 28/28 | new_swaps: 0 | total: 2) -> {'max_bond': 8, 'max_links': 4, 'total_elems': 920, 'total_shapes': 412, 'total_links': 222, 'num_tensors': 56}
2026-07-16 21:19:47,152 [INFO]     [7 | right | 1](candidate_pairs: 27/27 | new_swaps: 1 | total: 3) -> {'max_bond': 8, 'max_links': 4, 'total_elems': 848, 'total_shapes': 406, 'total_links': 222, 'num_tensors': 56}
2026-07-16 21:19:47,237 [INFO]     [8 | both | 0](candidate_pairs: 28/28 | new_swaps: 1 | total: 1) -> {'max_bond': 8, 'max_links': 4, 'total_elems': 788, 'total_shapes': 400, 'total_links': 222, 'num_tensors': 56}
2026-07-16 21:19:47,275 [INFO]     [8 | both | 1](candidate_pairs: 27/27 | new_swaps: 0 | total: 1) -> {'max_bond': 8, 'max_links': 4, 'total_elems': 788, 'total_shapes': 400, 'total_links': 222, 'num_tensors': 56}
2026-07-16 21:19:47,296 [INFO]     [8 | left | 0](candidate_pairs: 28/28 | new_swaps: 0 | total: 1) -> {'max_bond': 8, 'max_links': 4, 'total_elems': 788, 'total_shapes': 400, 'total_links': 222, 'num_tensors': 56}
2026-07-16 21:19:47,344 [INFO]     [8 | left | 1](candidate_pairs: 27/27 | new_swaps: 1 | total: 2) -> {'max_bond': 8, 'max_links': 4, 'total_elems': 728, 'total_shapes': 394, 'total_links': 222, 'num_tensors': 56}
2026-07-16 21:19:47,364 [INFO]     [8 | right | 0](candidate_pairs: 28/28 | new_swaps: 0 | total: 2) -> {'max_bond': 8, 'max_links': 4, 'total_elems': 728, 'total_shapes': 394, 'total_links': 222, 'num_tensors': 56}
2026-07-16 21:19:47,385 [INFO]     [8 | right | 1](candidate_pairs: 27/27 | new_swaps: 0 | total: 2) -> {'max_bond': 8, 'max_links': 4, 'total_elems': 728, 'total_shapes': 394, 'total_links': 222, 'num_tensors': 56}
2026-07-16 21:19:47,469 [INFO]     [9 | both | 0](candidate_pairs: 28/28 | new_swaps: 1 | total: 1) -> {'max_bond': 8, 'max_links': 4, 'total_elems': 688, 'total_shapes': 390, 'total_links': 222, 'num_tensors': 56}
2026-07-16 21:19:47,508 [INFO]     [9 | both | 1](candidate_pairs: 27/27 | new_swaps: 0 | total: 1) -> {'max_bond': 8, 'max_links': 4, 'total_elems': 688, 'total_shapes': 390, 'total_links': 222, 'num_tensors': 56}
2026-07-16 21:19:47,528 [INFO]     [9 | left | 0](candidate_pairs: 28/28 | new_swaps: 0 | total: 1) -> {'max_bond': 8, 'max_links': 4, 'total_elems': 688, 'total_shapes': 390, 'total_links': 222, 'num_tensors': 56}
2026-07-16 21:19:47,577 [INFO]     [9 | left | 1](candidate_pairs: 27/27 | new_swaps: 1 | total: 2) -> {'max_bond': 8, 'max_links': 4, 'total_elems': 640, 'total_shapes': 384, 'total_links': 222, 'num_tensors': 56}
2026-07-16 21:19:47,597 [INFO]     [9 | right | 0](candidate_pairs: 28/28 | new_swaps: 0 | total: 2) -> {'max_bond': 8, 'max_links': 4, 'total_elems': 640, 'total_shapes': 384, 'total_links': 222, 'num_tensors': 56}
2026-07-16 21:19:47,618 [INFO]     [9 | right | 1](candidate_pairs: 27/27 | new_swaps: 0 | total: 2) -> {'max_bond': 8, 'max_links': 4, 'total_elems': 640, 'total_shapes': 384, 'total_links': 222, 'num_tensors': 56}
2026-07-16 21:19:47,656 [INFO]     [10 | both | 0](candidate_pairs: 28/28 | new_swaps: 0 | total: 0) -> {'max_bond': 8, 'max_links': 4, 'total_elems': 640, 'total_shapes': 384, 'total_links': 222, 'num_tensors': 56}
2026-07-16 21:19:47,694 [INFO]     [10 | both | 1](candidate_pairs: 27/27 | new_swaps: 0 | total: 0) -> {'max_bond': 8, 'max_links': 4, 'total_elems': 640, 'total_shapes': 384, 'total_links': 222, 'num_tensors': 56}
2026-07-16 21:19:47,715 [INFO]     [10 | left | 0](candidate_pairs: 28/28 | new_swaps: 0 | total: 0) -> {'max_bond': 8, 'max_links': 4, 'total_elems': 640, 'total_shapes': 384, 'total_links': 222, 'num_tensors': 56}
2026-07-16 21:19:47,736 [INFO]     [10 | left | 1](candidate_pairs: 27/27 | new_swaps: 0 | total: 0) -> {'max_bond': 8, 'max_links': 4, 'total_elems': 640, 'total_shapes': 384, 'total_links': 222, 'num_tensors': 56}
2026-07-16 21:19:47,756 [INFO]     [10 | right | 0](candidate_pairs: 28/28 | new_swaps: 0 | total: 0) -> {'max_bond': 8, 'max_links': 4, 'total_elems': 640, 'total_shapes': 384, 'total_links': 222, 'num_tensors': 56}
2026-07-16 21:19:47,775 [INFO]     [10 | right | 1](candidate_pairs: 27/27 | new_swaps: 0 | total: 0) -> {'max_bond': 8, 'max_links': 4, 'total_elems': 640, 'total_shapes': 384, 'total_links': 222, 'num_tensors': 56}
2026-07-16 21:19:47,776 [INFO]     [end unswap] -> {'max_bond': 8, 'max_links': 4, 'total_elems': 640, 'total_shapes': 384, 'total_links': 222, 'num_tensors': 56}
2026-07-16 21:19:48,143 [INFO] [start rewire](phase=post_unswap, cycle=2, side=left, layers=1537, trials=50, seed=123, parallel=False, route_candidates=1, route_score=none)
2026-07-16 21:19:49,552 [INFO] [end rewire](phase=post_unswap, cycle=2, side=left, routed_layers=1521, elapsed_s=1.41)
2026-07-16 21:19:49,552 [INFO] [start rewire](phase=post_unswap, cycle=2, side=right, layers=1637, trials=50, seed=123, parallel=False, route_candidates=1, route_score=none)
2026-07-16 21:19:51,126 [INFO] [end rewire](phase=post_unswap, cycle=2, side=right, routed_layers=1540, elapsed_s=1.57)
2026-07-16 21:19:51,207 [INFO] [1L/1519](swap: 15, u: 0 | c_u: 0 | t_u_l: 5/942 | t_u_r: 8/943 | t_u: 13/1885) -> {'max_bond': 8, 'max_links': 4, 'total_elems': 640, 'total_shapes': 384, 'total_links': 222, 'num_tensors': 56}
2026-07-16 21:19:51,274 [INFO] [1R/1538](swap: 11, u: 0 | c_u: 0 | t_u_l: 5/942 | t_u_r: 8/943 | t_u: 13/1885) -> {'max_bond': 8, 'max_links': 4, 'total_elems': 956, 'total_shapes': 448, 'total_links': 222, 'num_tensors': 56}
2026-07-16 21:19:51,342 [INFO] [2L/1519](swap: 14, u: 0 | c_u: 0 | t_u_l: 5/942 | t_u_r: 8/943 | t_u: 13/1885) -> {'max_bond': 8, 'max_links': 4, 'total_elems': 1288, 'total_shapes': 480, 'total_links': 222, 'num_tensors': 56}
2026-07-16 21:19:51,408 [INFO] [3L/1519](swap: 17, u: 0 | c_u: 0 | t_u_l: 5/942 | t_u_r: 8/943 | t_u: 13/1885) -> {'max_bond': 8, 'max_links': 4, 'total_elems': 1976, 'total_shapes': 556, 'total_links': 222, 'num_tensors': 56}
2026-07-16 21:19:51,477 [INFO] [2R/1538](swap: 9, u: 0 | c_u: 0 | t_u_l: 5/942 | t_u_r: 8/943 | t_u: 13/1885) -> {'max_bond': 16, 'max_links': 4, 'total_elems': 2804, 'total_shapes': 596, 'total_links': 222, 'num_tensors': 56}
2026-07-16 21:19:51,547 [INFO] [3R/1538](swap: 11, u: 0 | c_u: 0 | t_u_l: 5/942 | t_u_r: 8/943 | t_u: 13/1885) -> {'max_bond': 16, 'max_links': 4, 'total_elems': 4564, 'total_shapes': 664, 'total_links': 222, 'num_tensors': 56}
2026-07-16 21:19:51,617 [INFO] [4R/1538](swap: 11, u: 0 | c_u: 0 | t_u_l: 5/942 | t_u_r: 8/943 | t_u: 13/1885) -> {'max_bond': 16, 'max_links': 4, 'total_elems': 5944, 'total_shapes': 744, 'total_links': 222, 'num_tensors': 56}
2026-07-16 21:19:51,687 [INFO] [4L/1519](swap: 14, u: 1 | c_u: 1 | t_u_l: 6/942 | t_u_r: 8/943 | t_u: 14/1885) -> {'max_bond': 16, 'max_links': 4, 'total_elems': 9580, 'total_shapes': 858, 'total_links': 222, 'num_tensors': 56}
2026-07-16 21:19:51,759 [INFO] [5R/1538](swap: 10, u: 0 | c_u: 1 | t_u_l: 6/942 | t_u_r: 8/943 | t_u: 14/1885) -> {'max_bond': 16, 'max_links': 4, 'total_elems': 14020, 'total_shapes': 1020, 'total_links': 222, 'num_tensors': 56}
2026-07-16 21:19:51,835 [INFO] [6R/1538](swap: 9, u: 0 | c_u: 1 | t_u_l: 6/942 | t_u_r: 8/943 | t_u: 14/1885) -> {'max_bond': 16, 'max_links': 4, 'total_elems': 18692, 'total_shapes': 1144, 'total_links': 222, 'num_tensors': 56}
2026-07-16 21:19:51,917 [INFO] [7R/1538](swap: 10, u: 0 | c_u: 1 | t_u_l: 6/942 | t_u_r: 8/943 | t_u: 14/1885) -> {'max_bond': 64, 'max_links': 4, 'total_elems': 34660, 'total_shapes': 1446, 'total_links': 222, 'num_tensors': 56}
2026-07-16 21:19:52,024 [INFO] [5L/1519](swap: 14, u: 0 | c_u: 1 | t_u_l: 6/942 | t_u_r: 8/943 | t_u: 14/1885) -> {'max_bond': 64, 'max_links': 4, 'total_elems': 67076, 'total_shapes': 1860, 'total_links': 222, 'num_tensors': 56}
2026-07-16 21:19:52,157 [INFO] [8R/1538](swap: 12, u: 1 | c_u: 2 | t_u_l: 6/942 | t_u_r: 9/943 | t_u: 15/1885) -> {'max_bond': 64, 'max_links': 4, 'total_elems': 108160, 'total_shapes': 2218, 'total_links': 222, 'num_tensors': 56}
2026-07-16 21:19:52,344 [INFO] [6L/1519](swap: 14, u: 0 | c_u: 2 | t_u_l: 6/942 | t_u_r: 9/943 | t_u: 15/1885) -> {'max_bond': 64, 'max_links': 4, 'total_elems': 153280, 'total_shapes': 2666, 'total_links': 222, 'num_tensors': 56}
2026-07-16 21:19:52,553 [INFO] [7L/1519](swap: 15, u: 0 | c_u: 2 | t_u_l: 6/942 | t_u_r: 9/943 | t_u: 15/1885) -> {'max_bond': 64, 'max_links': 4, 'total_elems': 229504, 'total_shapes': 3154, 'total_links': 222, 'num_tensors': 56}
2026-07-16 21:19:52,897 [INFO] [9R/1538](swap: 12, u: 0 | c_u: 2 | t_u_l: 6/942 | t_u_r: 9/943 | t_u: 15/1885) -> {'max_bond': 256, 'max_links': 4, 'total_elems': 339104, 'total_shapes': 3672, 'total_links': 222, 'num_tensors': 56}
2026-07-16 21:19:53,336 [INFO] [8L/1519](swap: 15, u: 0 | c_u: 2 | t_u_l: 6/942 | t_u_r: 9/943 | t_u: 15/1885) -> {'max_bond': 256, 'max_links': 4, 'total_elems': 411808, 'total_shapes': 4336, 'total_links': 222, 'num_tensors': 56}
2026-07-16 21:19:53,840 [INFO]     [start unswap] -> {'max_bond': 256, 'max_links': 4, 'total_elems': 411808, 'total_shapes': 4336, 'total_links': 222, 'num_tensors': 56}
2026-07-16 21:19:55,602 [INFO]     [0 | both | 0](candidate_pairs: 28/28 | new_swaps: 4 | total: 4) -> {'max_bond': 128, 'max_links': 4, 'total_elems': 435616, 'total_shapes': 4280, 'total_links': 222, 'num_tensors': 56}
2026-07-16 21:19:57,071 [INFO]     [0 | both | 1](candidate_pairs: 27/27 | new_swaps: 8 | total: 12) -> {'max_bond': 128, 'max_links': 4, 'total_elems': 315808, 'total_shapes': 3640, 'total_links': 222, 'num_tensors': 56}
2026-07-16 21:19:57,512 [INFO]     [0 | left | 0](candidate_pairs: 28/28 | new_swaps: 12 | total: 24) -> {'max_bond': 64, 'max_links': 4, 'total_elems': 194976, 'total_shapes': 2908, 'total_links': 222, 'num_tensors': 56}
2026-07-16 21:19:57,821 [INFO]     [0 | left | 1](candidate_pairs: 27/27 | new_swaps: 10 | total: 34) -> {'max_bond': 64, 'max_links': 4, 'total_elems': 119328, 'total_shapes': 2276, 'total_links': 222, 'num_tensors': 56}
2026-07-16 21:19:57,984 [INFO]     [0 | right | 0](candidate_pairs: 28/28 | new_swaps: 8 | total: 42) -> {'max_bond': 64, 'max_links': 4, 'total_elems': 79008, 'total_shapes': 1884, 'total_links': 222, 'num_tensors': 56}
2026-07-16 21:19:58,129 [INFO]     [0 | right | 1](candidate_pairs: 27/27 | new_swaps: 11 | total: 53) -> {'max_bond': 64, 'max_links': 4, 'total_elems': 44196, 'total_shapes': 1550, 'total_links': 222, 'num_tensors': 56}
2026-07-16 21:19:58,307 [INFO]     [1 | both | 0](candidate_pairs: 28/28 | new_swaps: 12 | total: 12) -> {'max_bond': 32, 'max_links': 4, 'total_elems': 19060, 'total_shapes': 1112, 'total_links': 222, 'num_tensors': 56}
2026-07-16 21:19:58,437 [INFO]     [1 | both | 1](candidate_pairs: 27/27 | new_swaps: 14 | total: 26) -> {'max_bond': 16, 'max_links': 4, 'total_elems': 11904, 'total_shapes': 900, 'total_links': 222, 'num_tensors': 56}
2026-07-16 21:19:58,504 [INFO]     [1 | left | 0](candidate_pairs: 28/28 | new_swaps: 8 | total: 34) -> {'max_bond': 16, 'max_links': 4, 'total_elems': 7684, 'total_shapes': 776, 'total_links': 222, 'num_tensors': 56}
2026-07-16 21:19:58,566 [INFO]     [1 | left | 1](candidate_pairs: 27/27 | new_swaps: 8 | total: 42) -> {'max_bond': 16, 'max_links': 4, 'total_elems': 5276, 'total_shapes': 692, 'total_links': 222, 'num_tensors': 56}
2026-07-16 21:19:58,624 [INFO]     [1 | right | 0](candidate_pairs: 28/28 | new_swaps: 7 | total: 49) -> {'max_bond': 16, 'max_links': 4, 'total_elems': 4392, 'total_shapes': 630, 'total_links': 222, 'num_tensors': 56}
2026-07-16 21:19:58,679 [INFO]     [1 | right | 1](candidate_pairs: 27/27 | new_swaps: 5 | total: 54) -> {'max_bond': 16, 'max_links': 4, 'total_elems': 4064, 'total_shapes': 604, 'total_links': 222, 'num_tensors': 56}
2026-07-16 21:19:58,780 [INFO]     [2 | both | 0](candidate_pairs: 28/28 | new_swaps: 10 | total: 10) -> {'max_bond': 16, 'max_links': 4, 'total_elems': 2364, 'total_shapes': 530, 'total_links': 222, 'num_tensors': 56}
2026-07-16 21:19:58,920 [INFO]     [2 | both | 1](candidate_pairs: 27/27 | new_swaps: 8 | total: 18) -> {'max_bond': 8, 'max_links': 4, 'total_elems': 1416, 'total_shapes': 466, 'total_links': 222, 'num_tensors': 56}
2026-07-16 21:19:58,975 [INFO]     [2 | left | 0](candidate_pairs: 28/28 | new_swaps: 7 | total: 25) -> {'max_bond': 8, 'max_links': 4, 'total_elems': 964, 'total_shapes': 428, 'total_links': 222, 'num_tensors': 56}
2026-07-16 21:19:59,027 [INFO]     [2 | left | 1](candidate_pairs: 27/27 | new_swaps: 2 | total: 27) -> {'max_bond': 8, 'max_links': 4, 'total_elems': 908, 'total_shapes': 418, 'total_links': 222, 'num_tensors': 56}
2026-07-16 21:19:59,047 [INFO]     [2 | right | 0](candidate_pairs: 28/28 | new_swaps: 0 | total: 27) -> {'max_bond': 8, 'max_links': 4, 'total_elems': 908, 'total_shapes': 418, 'total_links': 222, 'num_tensors': 56}
2026-07-16 21:19:59,069 [INFO]     [2 | right | 1](candidate_pairs: 27/27 | new_swaps: 0 | total: 27) -> {'max_bond': 8, 'max_links': 4, 'total_elems': 908, 'total_shapes': 418, 'total_links': 222, 'num_tensors': 56}
2026-07-16 21:19:59,158 [INFO]     [3 | both | 0](candidate_pairs: 28/28 | new_swaps: 4 | total: 4) -> {'max_bond': 8, 'max_links': 4, 'total_elems': 832, 'total_shapes': 408, 'total_links': 222, 'num_tensors': 56}
2026-07-16 21:19:59,245 [INFO]     [3 | both | 1](candidate_pairs: 27/27 | new_swaps: 3 | total: 7) -> {'max_bond': 8, 'max_links': 4, 'total_elems': 724, 'total_shapes': 396, 'total_links': 222, 'num_tensors': 56}
2026-07-16 21:19:59,266 [INFO]     [3 | left | 0](candidate_pairs: 28/28 | new_swaps: 0 | total: 7) -> {'max_bond': 8, 'max_links': 4, 'total_elems': 724, 'total_shapes': 396, 'total_links': 222, 'num_tensors': 56}
2026-07-16 21:19:59,305 [INFO]     [3 | left | 1](candidate_pairs: 27/27 | new_swaps: 1 | total: 8) -> {'max_bond': 8, 'max_links': 4, 'total_elems': 700, 'total_shapes': 392, 'total_links': 222, 'num_tensors': 56}
2026-07-16 21:19:59,325 [INFO]     [3 | right | 0](candidate_pairs: 28/28 | new_swaps: 0 | total: 8) -> {'max_bond': 8, 'max_links': 4, 'total_elems': 700, 'total_shapes': 392, 'total_links': 222, 'num_tensors': 56}
2026-07-16 21:19:59,346 [INFO]     [3 | right | 1](candidate_pairs: 27/27 | new_swaps: 0 | total: 8) -> {'max_bond': 8, 'max_links': 4, 'total_elems': 700, 'total_shapes': 392, 'total_links': 222, 'num_tensors': 56}
2026-07-16 21:19:59,432 [INFO]     [4 | both | 0](candidate_pairs: 28/28 | new_swaps: 2 | total: 2) -> {'max_bond': 8, 'max_links': 4, 'total_elems': 676, 'total_shapes': 388, 'total_links': 222, 'num_tensors': 56}
2026-07-16 21:19:59,471 [INFO]     [4 | both | 1](candidate_pairs: 27/27 | new_swaps: 0 | total: 2) -> {'max_bond': 8, 'max_links': 4, 'total_elems': 676, 'total_shapes': 388, 'total_links': 222, 'num_tensors': 56}
2026-07-16 21:19:59,491 [INFO]     [4 | left | 0](candidate_pairs: 28/28 | new_swaps: 0 | total: 2) -> {'max_bond': 8, 'max_links': 4, 'total_elems': 676, 'total_shapes': 388, 'total_links': 222, 'num_tensors': 56}
2026-07-16 21:19:59,512 [INFO]     [4 | left | 1](candidate_pairs: 27/27 | new_swaps: 0 | total: 2) -> {'max_bond': 8, 'max_links': 4, 'total_elems': 676, 'total_shapes': 388, 'total_links': 222, 'num_tensors': 56}
2026-07-16 21:19:59,533 [INFO]     [4 | right | 0](candidate_pairs: 28/28 | new_swaps: 0 | total: 2) -> {'max_bond': 8, 'max_links': 4, 'total_elems': 676, 'total_shapes': 388, 'total_links': 222, 'num_tensors': 56}
2026-07-16 21:19:59,555 [INFO]     [4 | right | 1](candidate_pairs: 27/27 | new_swaps: 0 | total: 2) -> {'max_bond': 8, 'max_links': 4, 'total_elems': 676, 'total_shapes': 388, 'total_links': 222, 'num_tensors': 56}
2026-07-16 21:19:59,595 [INFO]     [5 | both | 0](candidate_pairs: 28/28 | new_swaps: 0 | total: 0) -> {'max_bond': 8, 'max_links': 4, 'total_elems': 676, 'total_shapes': 388, 'total_links': 222, 'num_tensors': 56}
2026-07-16 21:19:59,634 [INFO]     [5 | both | 1](candidate_pairs: 27/27 | new_swaps: 0 | total: 0) -> {'max_bond': 8, 'max_links': 4, 'total_elems': 676, 'total_shapes': 388, 'total_links': 222, 'num_tensors': 56}
2026-07-16 21:19:59,655 [INFO]     [5 | left | 0](candidate_pairs: 28/28 | new_swaps: 0 | total: 0) -> {'max_bond': 8, 'max_links': 4, 'total_elems': 676, 'total_shapes': 388, 'total_links': 222, 'num_tensors': 56}
2026-07-16 21:19:59,675 [INFO]     [5 | left | 1](candidate_pairs: 27/27 | new_swaps: 0 | total: 0) -> {'max_bond': 8, 'max_links': 4, 'total_elems': 676, 'total_shapes': 388, 'total_links': 222, 'num_tensors': 56}
2026-07-16 21:19:59,696 [INFO]     [5 | right | 0](candidate_pairs: 28/28 | new_swaps: 0 | total: 0) -> {'max_bond': 8, 'max_links': 4, 'total_elems': 676, 'total_shapes': 388, 'total_links': 222, 'num_tensors': 56}
2026-07-16 21:19:59,717 [INFO]     [5 | right | 1](candidate_pairs: 27/27 | new_swaps: 0 | total: 0) -> {'max_bond': 8, 'max_links': 4, 'total_elems': 676, 'total_shapes': 388, 'total_links': 222, 'num_tensors': 56}
2026-07-16 21:19:59,717 [INFO]     [end unswap] -> {'max_bond': 8, 'max_links': 4, 'total_elems': 676, 'total_shapes': 388, 'total_links': 222, 'num_tensors': 56}
2026-07-16 21:20:00,028 [INFO] [start rewire](phase=post_unswap, cycle=3, side=left, layers=1513, trials=50, seed=123, parallel=False, route_candidates=1, route_score=none)
2026-07-16 21:20:01,892 [INFO] [end rewire](phase=post_unswap, cycle=3, side=left, routed_layers=1493, elapsed_s=1.86)
2026-07-16 21:20:01,892 [INFO] [start rewire](phase=post_unswap, cycle=3, side=right, layers=1531, trials=50, seed=123, parallel=False, route_candidates=1, route_score=none)
2026-07-16 21:20:03,028 [INFO] [end rewire](phase=post_unswap, cycle=3, side=right, routed_layers=1439, elapsed_s=1.14)
2026-07-16 21:20:03,118 [INFO] [1L/1491](swap: 12, u: 0 | c_u: 0 | t_u_l: 6/942 | t_u_r: 9/943 | t_u: 15/1885) -> {'max_bond': 8, 'max_links': 4, 'total_elems': 676, 'total_shapes': 388, 'total_links': 222, 'num_tensors': 56}
2026-07-16 21:20:03,190 [INFO] [1R/1437](swap: 12, u: 0 | c_u: 0 | t_u_l: 6/942 | t_u_r: 9/943 | t_u: 15/1885) -> {'max_bond': 8, 'max_links': 4, 'total_elems': 976, 'total_shapes': 454, 'total_links': 222, 'num_tensors': 56}
2026-07-16 21:20:03,262 [INFO] [2L/1491](swap: 16, u: 1 | c_u: 1 | t_u_l: 7/942 | t_u_r: 9/943 | t_u: 16/1885) -> {'max_bond': 8, 'max_links': 4, 'total_elems': 1300, 'total_shapes': 476, 'total_links': 222, 'num_tensors': 56}
2026-07-16 21:20:03,333 [INFO] [3L/1491](swap: 15, u: 0 | c_u: 1 | t_u_l: 7/942 | t_u_r: 9/943 | t_u: 16/1885) -> {'max_bond': 8, 'max_links': 4, 'total_elems': 2000, 'total_shapes': 556, 'total_links': 222, 'num_tensors': 56}
2026-07-16 21:20:03,405 [INFO] [2R/1437](swap: 15, u: 0 | c_u: 1 | t_u_l: 7/942 | t_u_r: 9/943 | t_u: 16/1885) -> {'max_bond': 16, 'max_links': 4, 'total_elems': 3456, 'total_shapes': 632, 'total_links': 222, 'num_tensors': 56}
2026-07-16 21:20:03,478 [INFO] [4L/1491](swap: 18, u: 1 | c_u: 2 | t_u_l: 8/942 | t_u_r: 9/943 | t_u: 17/1885) -> {'max_bond': 16, 'max_links': 4, 'total_elems': 6500, 'total_shapes': 786, 'total_links': 222, 'num_tensors': 56}
2026-07-16 21:20:03,553 [INFO] [3R/1437](swap: 13, u: 0 | c_u: 2 | t_u_l: 8/942 | t_u_r: 9/943 | t_u: 17/1885) -> {'max_bond': 16, 'max_links': 4, 'total_elems': 10428, 'total_shapes': 892, 'total_links': 222, 'num_tensors': 56}
2026-07-16 21:20:03,630 [INFO] [5L/1491](swap: 16, u: 0 | c_u: 2 | t_u_l: 8/942 | t_u_r: 9/943 | t_u: 17/1885) -> {'max_bond': 16, 'max_links': 4, 'total_elems': 15908, 'total_shapes': 1074, 'total_links': 222, 'num_tensors': 56}
2026-07-16 21:20:03,716 [INFO] [6L/1491](swap: 10, u: 2 | c_u: 4 | t_u_l: 10/942 | t_u_r: 9/943 | t_u: 19/1885) -> {'max_bond': 32, 'max_links': 4, 'total_elems': 23876, 'total_shapes': 1272, 'total_links': 222, 'num_tensors': 56}
2026-07-16 21:20:03,804 [INFO] [4R/1437](swap: 13, u: 0 | c_u: 4 | t_u_l: 10/942 | t_u_r: 9/943 | t_u: 19/1885) -> {'max_bond': 32, 'max_links': 4, 'total_elems': 29448, 'total_shapes': 1372, 'total_links': 222, 'num_tensors': 56}
2026-07-16 21:20:03,900 [INFO] [5R/1437](swap: 11, u: 0 | c_u: 4 | t_u_l: 10/942 | t_u_r: 9/943 | t_u: 19/1885) -> {'max_bond': 64, 'max_links': 4, 'total_elems': 38048, 'total_shapes': 1538, 'total_links': 222, 'num_tensors': 56}
2026-07-16 21:20:03,999 [INFO] [6R/1437](swap: 11, u: 1 | c_u: 5 | t_u_l: 10/942 | t_u_r: 10/943 | t_u: 20/1885) -> {'max_bond': 64, 'max_links': 4, 'total_elems': 48128, 'total_shapes': 1714, 'total_links': 222, 'num_tensors': 56}
2026-07-16 21:20:04,109 [INFO] [7L/1491](swap: 9, u: 1 | c_u: 6 | t_u_l: 11/942 | t_u_r: 10/943 | t_u: 21/1885) -> {'max_bond': 64, 'max_links': 4, 'total_elems': 48992, 'total_shapes': 1728, 'total_links': 222, 'num_tensors': 56}
2026-07-16 21:20:04,223 [INFO] [7R/1437](swap: 12, u: 1 | c_u: 7 | t_u_l: 11/942 | t_u_r: 11/943 | t_u: 22/1885) -> {'max_bond': 64, 'max_links': 4, 'total_elems': 55712, 'total_shapes': 1872, 'total_links': 222, 'num_tensors': 56}
2026-07-16 21:20:04,342 [INFO] [8R/1437](swap: 11, u: 1 | c_u: 8 | t_u_l: 11/942 | t_u_r: 12/943 | t_u: 23/1885) -> {'max_bond': 64, 'max_links': 4, 'total_elems': 70752, 'total_shapes': 2088, 'total_links': 222, 'num_tensors': 56}
2026-07-16 21:20:04,477 [INFO] [8L/1491](swap: 8, u: 1 | c_u: 9 | t_u_l: 12/942 | t_u_r: 12/943 | t_u: 24/1885) -> {'max_bond': 64, 'max_links': 4, 'total_elems': 110176, 'total_shapes': 2488, 'total_links': 222, 'num_tensors': 56}
2026-07-16 21:20:04,632 [INFO] [9L/1491](swap: 7, u: 3 | c_u: 12 | t_u_l: 15/942 | t_u_r: 12/943 | t_u: 27/1885) -> {'max_bond': 64, 'max_links': 4, 'total_elems': 115488, 'total_shapes': 2552, 'total_links': 222, 'num_tensors': 56}
2026-07-16 21:20:04,796 [INFO] [9R/1437](swap: 10, u: 2 | c_u: 14 | t_u_l: 15/942 | t_u_r: 14/943 | t_u: 29/1885) -> {'max_bond': 64, 'max_links': 4, 'total_elems': 154400, 'total_shapes': 2880, 'total_links': 222, 'num_tensors': 56}
2026-07-16 21:20:04,995 [INFO] [10L/1491](swap: 10, u: 0 | c_u: 14 | t_u_l: 15/942 | t_u_r: 14/943 | t_u: 29/1885) -> {'max_bond': 128, 'max_links': 4, 'total_elems': 201632, 'total_shapes': 3160, 'total_links': 222, 'num_tensors': 56}
2026-07-16 21:20:05,258 [INFO] [11L/1491](swap: 12, u: 0 | c_u: 14 | t_u_l: 15/942 | t_u_r: 14/943 | t_u: 29/1885) -> {'max_bond': 128, 'max_links': 4, 'total_elems': 293408, 'total_shapes': 3720, 'total_links': 222, 'num_tensors': 56}
2026-07-16 21:20:05,637 [INFO] [12L/1491](swap: 12, u: 1 | c_u: 15 | t_u_l: 16/942 | t_u_r: 14/943 | t_u: 30/1885) -> {'max_bond': 128, 'max_links': 4, 'total_elems': 432160, 'total_shapes': 4368, 'total_links': 222, 'num_tensors': 56}
2026-07-16 21:20:06,209 [INFO]     [start unswap] -> {'max_bond': 128, 'max_links': 4, 'total_elems': 432160, 'total_shapes': 4368, 'total_links': 222, 'num_tensors': 56}
2026-07-16 21:20:10,958 [INFO]     [0 | both | 0](candidate_pairs: 28/28 | new_swaps: 5 | total: 5) -> {'max_bond': 256, 'max_links': 4, 'total_elems': 649760, 'total_shapes': 5200, 'total_links': 222, 'num_tensors': 56}
2026-07-16 21:20:12,612 [INFO]     [0 | both | 1](candidate_pairs: 27/27 | new_swaps: 12 | total: 17) -> {'max_bond': 128, 'max_links': 4, 'total_elems': 237536, 'total_shapes': 3464, 'total_links': 222, 'num_tensors': 56}
2026-07-16 21:20:12,964 [INFO]     [0 | left | 0](candidate_pairs: 28/28 | new_swaps: 16 | total: 33) -> {'max_bond': 64, 'max_links': 4, 'total_elems': 94176, 'total_shapes': 2408, 'total_links': 222, 'num_tensors': 56}
2026-07-16 21:20:13,134 [INFO]     [0 | left | 1](candidate_pairs: 27/27 | new_swaps: 15 | total: 48) -> {'max_bond': 32, 'max_links': 4, 'total_elems': 53152, 'total_shapes': 1840, 'total_links': 222, 'num_tensors': 56}
2026-07-16 21:20:13,234 [INFO]     [0 | right | 0](candidate_pairs: 28/28 | new_swaps: 5 | total: 53) -> {'max_bond': 32, 'max_links': 4, 'total_elems': 50788, 'total_shapes': 1746, 'total_links': 222, 'num_tensors': 56}
2026-07-16 21:20:13,353 [INFO]     [0 | right | 1](candidate_pairs: 27/27 | new_swaps: 5 | total: 58) -> {'max_bond': 32, 'max_links': 4, 'total_elems': 39844, 'total_shapes': 1618, 'total_links': 222, 'num_tensors': 56}
2026-07-16 21:20:13,531 [INFO]     [1 | both | 0](candidate_pairs: 28/28 | new_swaps: 15 | total: 15) -> {'max_bond': 32, 'max_links': 4, 'total_elems': 21980, 'total_shapes': 1246, 'total_links': 222, 'num_tensors': 56}
2026-07-16 21:20:13,663 [INFO]     [1 | both | 1](candidate_pairs: 27/27 | new_swaps: 14 | total: 29) -> {'max_bond': 16, 'max_links': 4, 'total_elems': 10284, 'total_shapes': 924, 'total_links': 222, 'num_tensors': 56}
2026-07-16 21:20:13,726 [INFO]     [1 | left | 0](candidate_pairs: 28/28 | new_swaps: 7 | total: 36) -> {'max_bond': 16, 'max_links': 4, 'total_elems': 8284, 'total_shapes': 818, 'total_links': 222, 'num_tensors': 56}
2026-07-16 21:20:13,815 [INFO]     [1 | left | 1](candidate_pairs: 27/27 | new_swaps: 5 | total: 41) -> {'max_bond': 16, 'max_links': 4, 'total_elems': 5824, 'total_shapes': 756, 'total_links': 222, 'num_tensors': 56}
2026-07-16 21:20:13,881 [INFO]     [1 | right | 0](candidate_pairs: 28/28 | new_swaps: 6 | total: 47) -> {'max_bond': 16, 'max_links': 4, 'total_elems': 4536, 'total_shapes': 692, 'total_links': 222, 'num_tensors': 56}
2026-07-16 21:20:13,943 [INFO]     [1 | right | 1](candidate_pairs: 27/27 | new_swaps: 5 | total: 52) -> {'max_bond': 16, 'max_links': 4, 'total_elems': 4212, 'total_shapes': 670, 'total_links': 222, 'num_tensors': 56}
2026-07-16 21:20:14,057 [INFO]     [2 | both | 0](candidate_pairs: 28/28 | new_swaps: 9 | total: 9) -> {'max_bond': 8, 'max_links': 4, 'total_elems': 3360, 'total_shapes': 612, 'total_links': 222, 'num_tensors': 56}
2026-07-16 21:20:14,175 [INFO]     [2 | both | 1](candidate_pairs: 27/27 | new_swaps: 5 | total: 14) -> {'max_bond': 8, 'max_links': 4, 'total_elems': 2960, 'total_shapes': 588, 'total_links': 222, 'num_tensors': 56}
2026-07-16 21:20:14,253 [INFO]     [2 | left | 0](candidate_pairs: 28/28 | new_swaps: 4 | total: 18) -> {'max_bond': 8, 'max_links': 4, 'total_elems': 2560, 'total_shapes': 560, 'total_links': 222, 'num_tensors': 56}
2026-07-16 21:20:14,325 [INFO]     [2 | left | 1](candidate_pairs: 27/27 | new_swaps: 5 | total: 23) -> {'max_bond': 8, 'max_links': 4, 'total_elems': 2136, 'total_shapes': 532, 'total_links': 222, 'num_tensors': 56}
2026-07-16 21:20:14,392 [INFO]     [2 | right | 0](candidate_pairs: 28/28 | new_swaps: 1 | total: 24) -> {'max_bond': 8, 'max_links': 4, 'total_elems': 2104, 'total_shapes': 528, 'total_links': 222, 'num_tensors': 56}
2026-07-16 21:20:14,453 [INFO]     [2 | right | 1](candidate_pairs: 27/27 | new_swaps: 1 | total: 25) -> {'max_bond': 8, 'max_links': 4, 'total_elems': 2064, 'total_shapes': 524, 'total_links': 222, 'num_tensors': 56}
2026-07-16 21:20:14,562 [INFO]     [3 | both | 0](candidate_pairs: 28/28 | new_swaps: 5 | total: 5) -> {'max_bond': 8, 'max_links': 4, 'total_elems': 1672, 'total_shapes': 500, 'total_links': 222, 'num_tensors': 56}
2026-07-16 21:20:14,653 [INFO]     [3 | both | 1](candidate_pairs: 27/27 | new_swaps: 1 | total: 6) -> {'max_bond': 8, 'max_links': 4, 'total_elems': 1660, 'total_shapes': 498, 'total_links': 222, 'num_tensors': 56}
2026-07-16 21:20:14,680 [INFO]     [3 | left | 0](candidate_pairs: 28/28 | new_swaps: 0 | total: 6) -> {'max_bond': 8, 'max_links': 4, 'total_elems': 1660, 'total_shapes': 498, 'total_links': 222, 'num_tensors': 56}
2026-07-16 21:20:14,705 [INFO]     [3 | left | 1](candidate_pairs: 27/27 | new_swaps: 0 | total: 6) -> {'max_bond': 8, 'max_links': 4, 'total_elems': 1660, 'total_shapes': 498, 'total_links': 222, 'num_tensors': 56}
2026-07-16 21:20:14,731 [INFO]     [3 | right | 0](candidate_pairs: 28/28 | new_swaps: 0 | total: 6) -> {'max_bond': 8, 'max_links': 4, 'total_elems': 1660, 'total_shapes': 498, 'total_links': 222, 'num_tensors': 56}
2026-07-16 21:20:14,757 [INFO]     [3 | right | 1](candidate_pairs: 27/27 | new_swaps: 0 | total: 6) -> {'max_bond': 8, 'max_links': 4, 'total_elems': 1660, 'total_shapes': 498, 'total_links': 222, 'num_tensors': 56}
2026-07-16 21:20:14,803 [INFO]     [4 | both | 0](candidate_pairs: 28/28 | new_swaps: 0 | total: 0) -> {'max_bond': 8, 'max_links': 4, 'total_elems': 1660, 'total_shapes': 498, 'total_links': 222, 'num_tensors': 56}
2026-07-16 21:20:14,847 [INFO]     [4 | both | 1](candidate_pairs: 27/27 | new_swaps: 0 | total: 0) -> {'max_bond': 8, 'max_links': 4, 'total_elems': 1660, 'total_shapes': 498, 'total_links': 222, 'num_tensors': 56}
2026-07-16 21:20:14,870 [INFO]     [4 | left | 0](candidate_pairs: 28/28 | new_swaps: 0 | total: 0) -> {'max_bond': 8, 'max_links': 4, 'total_elems': 1660, 'total_shapes': 498, 'total_links': 222, 'num_tensors': 56}
2026-07-16 21:20:14,893 [INFO]     [4 | left | 1](candidate_pairs: 27/27 | new_swaps: 0 | total: 0) -> {'max_bond': 8, 'max_links': 4, 'total_elems': 1660, 'total_shapes': 498, 'total_links': 222, 'num_tensors': 56}
2026-07-16 21:20:14,916 [INFO]     [4 | right | 0](candidate_pairs: 28/28 | new_swaps: 0 | total: 0) -> {'max_bond': 8, 'max_links': 4, 'total_elems': 1660, 'total_shapes': 498, 'total_links': 222, 'num_tensors': 56}
2026-07-16 21:20:14,939 [INFO]     [4 | right | 1](candidate_pairs: 27/27 | new_swaps: 0 | total: 0) -> {'max_bond': 8, 'max_links': 4, 'total_elems': 1660, 'total_shapes': 498, 'total_links': 222, 'num_tensors': 56}
2026-07-16 21:20:14,940 [INFO]     [end unswap] -> {'max_bond': 8, 'max_links': 4, 'total_elems': 1660, 'total_shapes': 498, 'total_links': 222, 'num_tensors': 56}
2026-07-16 21:20:15,305 [INFO] [start rewire](phase=post_unswap, cycle=4, side=left, layers=1481, trials=50, seed=123, parallel=False, route_candidates=1, route_score=none)
2026-07-16 21:20:17,699 [INFO] [end rewire](phase=post_unswap, cycle=4, side=left, routed_layers=1467, elapsed_s=2.39)
2026-07-16 21:20:17,699 [INFO] [start rewire](phase=post_unswap, cycle=4, side=right, layers=1430, trials=50, seed=123, parallel=False, route_candidates=1, route_score=none)
2026-07-16 21:20:18,961 [INFO] [end rewire](phase=post_unswap, cycle=4, side=right, routed_layers=1544, elapsed_s=1.26)
2026-07-16 21:20:19,112 [INFO] [1L/1465](swap: 15, u: 0 | c_u: 0 | t_u_l: 16/942 | t_u_r: 14/943 | t_u: 30/1885) -> {'max_bond': 8, 'max_links': 4, 'total_elems': 1660, 'total_shapes': 498, 'total_links': 222, 'num_tensors': 56}
2026-07-16 21:20:19,201 [INFO] [1R/1542](swap: 14, u: 1 | c_u: 1 | t_u_l: 16/942 | t_u_r: 15/943 | t_u: 31/1885) -> {'max_bond': 16, 'max_links': 4, 'total_elems': 2660, 'total_shapes': 604, 'total_links': 222, 'num_tensors': 56}
2026-07-16 21:20:19,287 [INFO] [2L/1465](swap: 14, u: 1 | c_u: 2 | t_u_l: 17/942 | t_u_r: 15/943 | t_u: 32/1885) -> {'max_bond': 16, 'max_links': 4, 'total_elems': 3240, 'total_shapes': 616, 'total_links': 222, 'num_tensors': 56}
2026-07-16 21:20:19,365 [INFO] [2R/1542](swap: 13, u: 1 | c_u: 3 | t_u_l: 17/942 | t_u_r: 16/943 | t_u: 33/1885) -> {'max_bond': 16, 'max_links': 4, 'total_elems': 4276, 'total_shapes': 698, 'total_links': 222, 'num_tensors': 56}
2026-07-16 21:20:19,442 [INFO] [3L/1465](swap: 17, u: 0 | c_u: 3 | t_u_l: 17/942 | t_u_r: 16/943 | t_u: 33/1885) -> {'max_bond': 16, 'max_links': 4, 'total_elems': 7140, 'total_shapes': 800, 'total_links': 222, 'num_tensors': 56}
2026-07-16 21:20:19,523 [INFO] [3R/1542](swap: 16, u: 0 | c_u: 3 | t_u_l: 17/942 | t_u_r: 16/943 | t_u: 33/1885) -> {'max_bond': 32, 'max_links': 4, 'total_elems': 11280, 'total_shapes': 960, 'total_links': 222, 'num_tensors': 56}
2026-07-16 21:20:20,425 [INFO] [4R/1542](swap: 14, u: 0 | c_u: 3 | t_u_l: 17/942 | t_u_r: 16/943 | t_u: 33/1885) -> {'max_bond': 64, 'max_links': 4, 'total_elems': 21912, 'total_shapes': 1208, 'total_links': 222, 'num_tensors': 56}
2026-07-16 21:20:20,514 [INFO] [4L/1465](swap: 13, u: 0 | c_u: 3 | t_u_l: 17/942 | t_u_r: 16/943 | t_u: 33/1885) -> {'max_bond': 32, 'max_links': 4, 'total_elems': 23816, 'total_shapes': 1288, 'total_links': 222, 'num_tensors': 56}
2026-07-16 21:20:20,605 [INFO] [5R/1542](swap: 13, u: 0 | c_u: 3 | t_u_l: 17/942 | t_u_r: 16/943 | t_u: 33/1885) -> {'max_bond': 32, 'max_links': 4, 'total_elems': 32304, 'total_shapes': 1448, 'total_links': 222, 'num_tensors': 56}
2026-07-16 21:20:20,704 [INFO] [5L/1465](swap: 14, u: 0 | c_u: 3 | t_u_l: 17/942 | t_u_r: 16/943 | t_u: 33/1885) -> {'max_bond': 64, 'max_links': 4, 'total_elems': 51344, 'total_shapes': 1764, 'total_links': 222, 'num_tensors': 56}
2026-07-16 21:20:20,830 [INFO] [6R/1542](swap: 9, u: 2 | c_u: 5 | t_u_l: 17/942 | t_u_r: 18/943 | t_u: 35/1885) -> {'max_bond': 64, 'max_links': 4, 'total_elems': 93424, 'total_shapes': 2212, 'total_links': 222, 'num_tensors': 56}
2026-07-16 21:20:21,028 [INFO] [7R/1542](swap: 10, u: 2 | c_u: 7 | t_u_l: 17/942 | t_u_r: 20/943 | t_u: 37/1885) -> {'max_bond': 128, 'max_links': 4, 'total_elems': 146032, 'total_shapes': 2592, 'total_links': 222, 'num_tensors': 56}
2026-07-16 21:20:21,428 [INFO] [6L/1465](swap: 9, u: 0 | c_u: 7 | t_u_l: 17/942 | t_u_r: 20/943 | t_u: 37/1885) -> {'max_bond': 128, 'max_links': 4, 'total_elems': 317376, 'total_shapes': 3332, 'total_links': 222, 'num_tensors': 56}
2026-07-16 21:20:22,069 [INFO] [8R/1542](swap: 11, u: 1 | c_u: 8 | t_u_l: 17/942 | t_u_r: 21/943 | t_u: 38/1885) -> {'max_bond': 128, 'max_links': 4, 'total_elems': 377952, 'total_shapes': 3728, 'total_links': 222, 'num_tensors': 56}
2026-07-16 21:20:23,015 [INFO]     [start unswap] -> {'max_bond': 128, 'max_links': 4, 'total_elems': 377952, 'total_shapes': 3728, 'total_links': 222, 'num_tensors': 56}
2026-07-16 21:20:26,004 [INFO]     [0 | both | 0](candidate_pairs: 28/28 | new_swaps: 8 | total: 8) -> {'max_bond': 512, 'max_links': 4, 'total_elems': 841152, 'total_shapes': 4660, 'total_links': 222, 'num_tensors': 56}
2026-07-16 21:20:30,167 [INFO]     [0 | both | 1](candidate_pairs: 27/27 | new_swaps: 14 | total: 22) -> {'max_bond': 512, 'max_links': 4, 'total_elems': 666000, 'total_shapes': 3616, 'total_links': 222, 'num_tensors': 56}
2026-07-16 21:20:31,296 [INFO]     [0 | left | 0](candidate_pairs: 28/28 | new_swaps: 11 | total: 33) -> {'max_bond': 128, 'max_links': 4, 'total_elems': 220432, 'total_shapes': 2484, 'total_links': 222, 'num_tensors': 56}
2026-07-16 21:20:31,625 [INFO]     [0 | left | 1](candidate_pairs: 27/27 | new_swaps: 10 | total: 43) -> {'max_bond': 128, 'max_links': 4, 'total_elems': 209168, 'total_shapes': 2308, 'total_links': 222, 'num_tensors': 56}
2026-07-16 21:20:32,056 [INFO]     [0 | right | 0](candidate_pairs: 28/28 | new_swaps: 10 | total: 53) -> {'max_bond': 128, 'max_links': 4, 'total_elems': 200200, 'total_shapes': 2144, 'total_links': 222, 'num_tensors': 56}
2026-07-16 21:20:32,347 [INFO]     [0 | right | 1](candidate_pairs: 27/27 | new_swaps: 10 | total: 63) -> {'max_bond': 128, 'max_links': 4, 'total_elems': 191200, 'total_shapes': 1974, 'total_links': 222, 'num_tensors': 56}
2026-07-16 21:20:33,336 [INFO]     [1 | both | 0](candidate_pairs: 28/28 | new_swaps: 10 | total: 10) -> {'max_bond': 128, 'max_links': 4, 'total_elems': 183744, 'total_shapes': 1838, 'total_links': 222, 'num_tensors': 56}
2026-07-16 21:20:33,960 [INFO]     [1 | both | 1](candidate_pairs: 27/27 | new_swaps: 7 | total: 17) -> {'max_bond': 128, 'max_links': 4, 'total_elems': 51768, 'total_shapes': 1296, 'total_links': 222, 'num_tensors': 56}
2026-07-16 21:20:34,068 [INFO]     [1 | left | 0](candidate_pairs: 28/28 | new_swaps: 4 | total: 21) -> {'max_bond': 32, 'max_links': 4, 'total_elems': 27000, 'total_shapes': 1092, 'total_links': 222, 'num_tensors': 56}
2026-07-16 21:20:34,150 [INFO]     [1 | left | 1](candidate_pairs: 27/27 | new_swaps: 4 | total: 25) -> {'max_bond': 32, 'max_links': 4, 'total_elems': 24776, 'total_shapes': 1036, 'total_links': 222, 'num_tensors': 56}
2026-07-16 21:20:34,220 [INFO]     [1 | right | 0](candidate_pairs: 28/28 | new_swaps: 2 | total: 27) -> {'max_bond': 32, 'max_links': 4, 'total_elems': 23240, 'total_shapes': 988, 'total_links': 222, 'num_tensors': 56}
2026-07-16 21:20:34,301 [INFO]     [1 | right | 1](candidate_pairs: 27/27 | new_swaps: 1 | total: 28) -> {'max_bond': 32, 'max_links': 4, 'total_elems': 22600, 'total_shapes': 972, 'total_links': 222, 'num_tensors': 56}
2026-07-16 21:20:34,452 [INFO]     [2 | both | 0](candidate_pairs: 28/28 | new_swaps: 5 | total: 5) -> {'max_bond': 32, 'max_links': 4, 'total_elems': 15680, 'total_shapes': 864, 'total_links': 222, 'num_tensors': 56}
2026-07-16 21:20:34,594 [INFO]     [2 | both | 1](candidate_pairs: 27/27 | new_swaps: 5 | total: 10) -> {'max_bond': 32, 'max_links': 4, 'total_elems': 11984, 'total_shapes': 802, 'total_links': 222, 'num_tensors': 56}
2026-07-16 21:20:34,660 [INFO]     [2 | left | 0](candidate_pairs: 28/28 | new_swaps: 1 | total: 11) -> {'max_bond': 32, 'max_links': 4, 'total_elems': 11600, 'total_shapes': 786, 'total_links': 222, 'num_tensors': 56}
2026-07-16 21:20:34,714 [INFO]     [2 | left | 1](candidate_pairs: 27/27 | new_swaps: 1 | total: 12) -> {'max_bond': 32, 'max_links': 4, 'total_elems': 7760, 'total_shapes': 738, 'total_links': 222, 'num_tensors': 56}
2026-07-16 21:20:34,761 [INFO]     [2 | right | 0](candidate_pairs: 28/28 | new_swaps: 1 | total: 13) -> {'max_bond': 16, 'max_links': 4, 'total_elems': 5456, 'total_shapes': 690, 'total_links': 222, 'num_tensors': 56}
2026-07-16 21:20:34,785 [INFO]     [2 | right | 1](candidate_pairs: 27/27 | new_swaps: 0 | total: 13) -> {'max_bond': 16, 'max_links': 4, 'total_elems': 5456, 'total_shapes': 690, 'total_links': 222, 'num_tensors': 56}
2026-07-16 21:20:34,890 [INFO]     [3 | both | 0](candidate_pairs: 28/28 | new_swaps: 7 | total: 7) -> {'max_bond': 16, 'max_links': 4, 'total_elems': 3980, 'total_shapes': 636, 'total_links': 222, 'num_tensors': 56}
2026-07-16 21:20:35,040 [INFO]     [3 | both | 1](candidate_pairs: 27/27 | new_swaps: 6 | total: 13) -> {'max_bond': 16, 'max_links': 4, 'total_elems': 2948, 'total_shapes': 584, 'total_links': 222, 'num_tensors': 56}
2026-07-16 21:20:35,091 [INFO]     [3 | left | 0](candidate_pairs: 28/28 | new_swaps: 1 | total: 14) -> {'max_bond': 16, 'max_links': 4, 'total_elems': 2852, 'total_shapes': 572, 'total_links': 222, 'num_tensors': 56}
2026-07-16 21:20:35,118 [INFO]     [3 | left | 1](candidate_pairs: 27/27 | new_swaps: 0 | total: 14) -> {'max_bond': 16, 'max_links': 4, 'total_elems': 2852, 'total_shapes': 572, 'total_links': 222, 'num_tensors': 56}
2026-07-16 21:20:35,144 [INFO]     [3 | right | 0](candidate_pairs: 28/28 | new_swaps: 0 | total: 14) -> {'max_bond': 16, 'max_links': 4, 'total_elems': 2852, 'total_shapes': 572, 'total_links': 222, 'num_tensors': 56}
2026-07-16 21:20:35,168 [INFO]     [3 | right | 1](candidate_pairs: 27/27 | new_swaps: 0 | total: 14) -> {'max_bond': 16, 'max_links': 4, 'total_elems': 2852, 'total_shapes': 572, 'total_links': 222, 'num_tensors': 56}
2026-07-16 21:20:35,264 [INFO]     [4 | both | 0](candidate_pairs: 28/28 | new_swaps: 2 | total: 2) -> {'max_bond': 16, 'max_links': 4, 'total_elems': 2828, 'total_shapes': 568, 'total_links': 222, 'num_tensors': 56}
2026-07-16 21:20:35,349 [INFO]     [4 | both | 1](candidate_pairs: 27/27 | new_swaps: 1 | total: 3) -> {'max_bond': 16, 'max_links': 4, 'total_elems': 2816, 'total_shapes': 566, 'total_links': 222, 'num_tensors': 56}
2026-07-16 21:20:35,372 [INFO]     [4 | left | 0](candidate_pairs: 28/28 | new_swaps: 0 | total: 3) -> {'max_bond': 16, 'max_links': 4, 'total_elems': 2816, 'total_shapes': 566, 'total_links': 222, 'num_tensors': 56}
2026-07-16 21:20:35,396 [INFO]     [4 | left | 1](candidate_pairs: 27/27 | new_swaps: 0 | total: 3) -> {'max_bond': 16, 'max_links': 4, 'total_elems': 2816, 'total_shapes': 566, 'total_links': 222, 'num_tensors': 56}
2026-07-16 21:20:35,419 [INFO]     [4 | right | 0](candidate_pairs: 28/28 | new_swaps: 0 | total: 3) -> {'max_bond': 16, 'max_links': 4, 'total_elems': 2816, 'total_shapes': 566, 'total_links': 222, 'num_tensors': 56}
2026-07-16 21:20:35,444 [INFO]     [4 | right | 1](candidate_pairs: 27/27 | new_swaps: 0 | total: 3) -> {'max_bond': 16, 'max_links': 4, 'total_elems': 2816, 'total_shapes': 566, 'total_links': 222, 'num_tensors': 56}
2026-07-16 21:20:35,536 [INFO]     [5 | both | 0](candidate_pairs: 28/28 | new_swaps: 1 | total: 1) -> {'max_bond': 16, 'max_links': 4, 'total_elems': 2804, 'total_shapes': 564, 'total_links': 222, 'num_tensors': 56}
2026-07-16 21:20:35,580 [INFO]     [5 | both | 1](candidate_pairs: 27/27 | new_swaps: 0 | total: 1) -> {'max_bond': 16, 'max_links': 4, 'total_elems': 2804, 'total_shapes': 564, 'total_links': 222, 'num_tensors': 56}
2026-07-16 21:20:35,604 [INFO]     [5 | left | 0](candidate_pairs: 28/28 | new_swaps: 0 | total: 1) -> {'max_bond': 16, 'max_links': 4, 'total_elems': 2804, 'total_shapes': 564, 'total_links': 222, 'num_tensors': 56}
2026-07-16 21:20:35,628 [INFO]     [5 | left | 1](candidate_pairs: 27/27 | new_swaps: 0 | total: 1) -> {'max_bond': 16, 'max_links': 4, 'total_elems': 2804, 'total_shapes': 564, 'total_links': 222, 'num_tensors': 56}
2026-07-16 21:20:35,651 [INFO]     [5 | right | 0](candidate_pairs: 28/28 | new_swaps: 0 | total: 1) -> {'max_bond': 16, 'max_links': 4, 'total_elems': 2804, 'total_shapes': 564, 'total_links': 222, 'num_tensors': 56}
2026-07-16 21:20:35,674 [INFO]     [5 | right | 1](candidate_pairs: 27/27 | new_swaps: 0 | total: 1) -> {'max_bond': 16, 'max_links': 4, 'total_elems': 2804, 'total_shapes': 564, 'total_links': 222, 'num_tensors': 56}
2026-07-16 21:20:35,720 [INFO]     [6 | both | 0](candidate_pairs: 28/28 | new_swaps: 0 | total: 0) -> {'max_bond': 16, 'max_links': 4, 'total_elems': 2804, 'total_shapes': 564, 'total_links': 222, 'num_tensors': 56}
2026-07-16 21:20:35,767 [INFO]     [6 | both | 1](candidate_pairs: 27/27 | new_swaps: 0 | total: 0) -> {'max_bond': 16, 'max_links': 4, 'total_elems': 2804, 'total_shapes': 564, 'total_links': 222, 'num_tensors': 56}
2026-07-16 21:20:35,790 [INFO]     [6 | left | 0](candidate_pairs: 28/28 | new_swaps: 0 | total: 0) -> {'max_bond': 16, 'max_links': 4, 'total_elems': 2804, 'total_shapes': 564, 'total_links': 222, 'num_tensors': 56}
2026-07-16 21:20:35,814 [INFO]     [6 | left | 1](candidate_pairs: 27/27 | new_swaps: 0 | total: 0) -> {'max_bond': 16, 'max_links': 4, 'total_elems': 2804, 'total_shapes': 564, 'total_links': 222, 'num_tensors': 56}
2026-07-16 21:20:35,838 [INFO]     [6 | right | 0](candidate_pairs: 28/28 | new_swaps: 0 | total: 0) -> {'max_bond': 16, 'max_links': 4, 'total_elems': 2804, 'total_shapes': 564, 'total_links': 222, 'num_tensors': 56}
2026-07-16 21:20:35,862 [INFO]     [6 | right | 1](candidate_pairs: 27/27 | new_swaps: 0 | total: 0) -> {'max_bond': 16, 'max_links': 4, 'total_elems': 2804, 'total_shapes': 564, 'total_links': 222, 'num_tensors': 56}
2026-07-16 21:20:35,862 [INFO]     [end unswap] -> {'max_bond': 16, 'max_links': 4, 'total_elems': 2804, 'total_shapes': 564, 'total_links': 222, 'num_tensors': 56}
2026-07-16 21:20:36,455 [INFO] [start rewire](phase=post_unswap, cycle=5, side=left, layers=1461, trials=50, seed=123, parallel=False, route_candidates=1, route_score=none)
2026-07-16 21:20:37,978 [INFO] [end rewire](phase=post_unswap, cycle=5, side=left, routed_layers=1457, elapsed_s=1.52)
2026-07-16 21:20:37,978 [INFO] [start rewire](phase=post_unswap, cycle=5, side=right, layers=1536, trials=50, seed=123, parallel=False, route_candidates=1, route_score=none)
2026-07-16 21:20:39,748 [INFO] [end rewire](phase=post_unswap, cycle=5, side=right, routed_layers=1676, elapsed_s=1.77)
2026-07-16 21:20:39,863 [INFO] [1L/1455](swap: 11, u: 1 | c_u: 1 | t_u_l: 18/942 | t_u_r: 21/943 | t_u: 39/1885) -> {'max_bond': 16, 'max_links': 4, 'total_elems': 2816, 'total_shapes': 566, 'total_links': 222, 'num_tensors': 56}
2026-07-16 21:20:40,004 [INFO] [2L/1455](swap: 13, u: 1 | c_u: 2 | t_u_l: 19/942 | t_u_r: 21/943 | t_u: 40/1885) -> {'max_bond': 16, 'max_links': 4, 'total_elems': 4008, 'total_shapes': 656, 'total_links': 222, 'num_tensors': 56}
2026-07-16 21:20:40,101 [INFO] [1R/1674](swap: 13, u: 1 | c_u: 3 | t_u_l: 19/942 | t_u_r: 22/943 | t_u: 41/1885) -> {'max_bond': 16, 'max_links': 4, 'total_elems': 6412, 'total_shapes': 756, 'total_links': 222, 'num_tensors': 56}
2026-07-16 21:20:40,189 [INFO] [2R/1674](swap: 10, u: 2 | c_u: 5 | t_u_l: 19/942 | t_u_r: 24/943 | t_u: 43/1885) -> {'max_bond': 16, 'max_links': 4, 'total_elems': 8180, 'total_shapes': 806, 'total_links': 222, 'num_tensors': 56}
2026-07-16 21:20:40,281 [INFO] [3L/1455](swap: 14, u: 0 | c_u: 5 | t_u_l: 19/942 | t_u_r: 24/943 | t_u: 43/1885) -> {'max_bond': 32, 'max_links': 4, 'total_elems': 12512, 'total_shapes': 950, 'total_links': 222, 'num_tensors': 56}
2026-07-16 21:20:40,381 [INFO] [3R/1674](swap: 11, u: 2 | c_u: 7 | t_u_l: 19/942 | t_u_r: 26/943 | t_u: 45/1885) -> {'max_bond': 32, 'max_links': 4, 'total_elems': 18408, 'total_shapes': 1140, 'total_links': 222, 'num_tensors': 56}
2026-07-16 21:20:40,479 [INFO] [4L/1455](swap: 10, u: 0 | c_u: 7 | t_u_l: 19/942 | t_u_r: 26/943 | t_u: 45/1885) -> {'max_bond': 32, 'max_links': 4, 'total_elems': 27624, 'total_shapes': 1292, 'total_links': 222, 'num_tensors': 56}
2026-07-16 21:20:40,592 [INFO] [5L/1455](swap: 10, u: 0 | c_u: 7 | t_u_l: 19/942 | t_u_r: 26/943 | t_u: 45/1885) -> {'max_bond': 64, 'max_links': 4, 'total_elems': 33576, 'total_shapes': 1440, 'total_links': 222, 'num_tensors': 56}
2026-07-16 21:20:40,699 [INFO] [6L/1455](swap: 11, u: 0 | c_u: 7 | t_u_l: 19/942 | t_u_r: 26/943 | t_u: 45/1885) -> {'max_bond': 64, 'max_links': 4, 'total_elems': 35536, 'total_shapes': 1502, 'total_links': 222, 'num_tensors': 56}
2026-07-16 21:20:40,810 [INFO] [4R/1674](swap: 12, u: 0 | c_u: 7 | t_u_l: 19/942 | t_u_r: 26/943 | t_u: 45/1885) -> {'max_bond': 64, 'max_links': 4, 'total_elems': 56240, 'total_shapes': 1778, 'total_links': 222, 'num_tensors': 56}
2026-07-16 21:20:40,937 [INFO] [5R/1674](swap: 11, u: 0 | c_u: 7 | t_u_l: 19/942 | t_u_r: 26/943 | t_u: 45/1885) -> {'max_bond': 64, 'max_links': 4, 'total_elems': 62168, 'total_shapes': 1876, 'total_links': 222, 'num_tensors': 56}
2026-07-16 21:20:41,063 [INFO] [7L/1455](swap: 8, u: 1 | c_u: 8 | t_u_l: 20/942 | t_u_r: 26/943 | t_u: 46/1885) -> {'max_bond': 64, 'max_links': 4, 'total_elems': 70272, 'total_shapes': 1976, 'total_links': 222, 'num_tensors': 56}
2026-07-16 21:20:41,188 [INFO] [6R/1674](swap: 9, u: 0 | c_u: 8 | t_u_l: 20/942 | t_u_r: 26/943 | t_u: 46/1885) -> {'max_bond': 64, 'max_links': 4, 'total_elems': 88992, 'total_shapes': 2260, 'total_links': 222, 'num_tensors': 56}
2026-07-16 21:20:41,336 [INFO] [8L/1455](swap: 8, u: 0 | c_u: 8 | t_u_l: 20/942 | t_u_r: 26/943 | t_u: 46/1885) -> {'max_bond': 128, 'max_links': 4, 'total_elems': 114368, 'total_shapes': 2420, 'total_links': 222, 'num_tensors': 56}
2026-07-16 21:20:41,486 [INFO] [9L/1455](swap: 6, u: 2 | c_u: 10 | t_u_l: 22/942 | t_u_r: 26/943 | t_u: 48/1885) -> {'max_bond': 128, 'max_links': 4, 'total_elems': 128864, 'total_shapes': 2632, 'total_links': 222, 'num_tensors': 56}
2026-07-16 21:20:41,664 [INFO] [7R/1674](swap: 7, u: 1 | c_u: 11 | t_u_l: 22/942 | t_u_r: 27/943 | t_u: 49/1885) -> {'max_bond': 128, 'max_links': 4, 'total_elems': 156256, 'total_shapes': 2912, 'total_links': 222, 'num_tensors': 56}
2026-07-16 21:20:41,885 [INFO] [8R/1674](swap: 7, u: 3 | c_u: 14 | t_u_l: 22/942 | t_u_r: 30/943 | t_u: 52/1885) -> {'max_bond': 128, 'max_links': 4, 'total_elems': 189408, 'total_shapes': 3136, 'total_links': 222, 'num_tensors': 56}
2026-07-16 21:20:42,146 [INFO] [9R/1674](swap: 9, u: 3 | c_u: 17 | t_u_l: 22/942 | t_u_r: 33/943 | t_u: 55/1885) -> {'max_bond': 128, 'max_links': 4, 'total_elems': 253600, 'total_shapes': 3528, 'total_links': 222, 'num_tensors': 56}
2026-07-16 21:20:42,533 [INFO] [10R/1674](swap: 10, u: 2 | c_u: 19 | t_u_l: 22/942 | t_u_r: 35/943 | t_u: 57/1885) -> {'max_bond': 128, 'max_links': 4, 'total_elems': 410528, 'total_shapes': 4208, 'total_links': 222, 'num_tensors': 56}
2026-07-16 21:20:43,239 [INFO]     [start unswap] -> {'max_bond': 128, 'max_links': 4, 'total_elems': 410528, 'total_shapes': 4208, 'total_links': 222, 'num_tensors': 56}
2026-07-16 21:20:46,604 [INFO]     [0 | both | 0](candidate_pairs: 28/28 | new_swaps: 2 | total: 2) -> {'max_bond': 256, 'max_links': 4, 'total_elems': 588704, 'total_shapes': 4720, 'total_links': 222, 'num_tensors': 56}
2026-07-16 21:20:48,168 [INFO]     [0 | both | 1](candidate_pairs: 27/27 | new_swaps: 13 | total: 15) -> {'max_bond': 128, 'max_links': 4, 'total_elems': 239712, 'total_shapes': 3236, 'total_links': 222, 'num_tensors': 56}
2026-07-16 21:20:48,541 [INFO]     [0 | left | 0](candidate_pairs: 28/28 | new_swaps: 11 | total: 26) -> {'max_bond': 64, 'max_links': 4, 'total_elems': 120824, 'total_shapes': 2532, 'total_links': 222, 'num_tensors': 56}
2026-07-16 21:20:48,778 [INFO]     [0 | left | 1](candidate_pairs: 27/27 | new_swaps: 16 | total: 42) -> {'max_bond': 64, 'max_links': 4, 'total_elems': 62768, 'total_shapes': 1918, 'total_links': 222, 'num_tensors': 56}
2026-07-16 21:20:48,900 [INFO]     [0 | right | 0](candidate_pairs: 28/28 | new_swaps: 7 | total: 49) -> {'max_bond': 32, 'max_links': 4, 'total_elems': 41520, 'total_shapes': 1622, 'total_links': 222, 'num_tensors': 56}
2026-07-16 21:20:49,010 [INFO]     [0 | right | 1](candidate_pairs: 27/27 | new_swaps: 9 | total: 58) -> {'max_bond': 32, 'max_links': 4, 'total_elems': 28656, 'total_shapes': 1422, 'total_links': 222, 'num_tensors': 56}
2026-07-16 21:20:49,170 [INFO]     [1 | both | 0](candidate_pairs: 28/28 | new_swaps: 10 | total: 10) -> {'max_bond': 16, 'max_links': 4, 'total_elems': 18932, 'total_shapes': 1184, 'total_links': 222, 'num_tensors': 56}
2026-07-16 21:20:49,305 [INFO]     [1 | both | 1](candidate_pairs: 27/27 | new_swaps: 6 | total: 16) -> {'max_bond': 16, 'max_links': 4, 'total_elems': 16940, 'total_shapes': 1108, 'total_links': 222, 'num_tensors': 56}
2026-07-16 21:20:49,376 [INFO]     [1 | left | 0](candidate_pairs: 28/28 | new_swaps: 5 | total: 21) -> {'max_bond': 16, 'max_links': 4, 'total_elems': 15504, 'total_shapes': 1062, 'total_links': 222, 'num_tensors': 56}
2026-07-16 21:20:49,447 [INFO]     [1 | left | 1](candidate_pairs: 27/27 | new_swaps: 5 | total: 26) -> {'max_bond': 16, 'max_links': 4, 'total_elems': 13680, 'total_shapes': 1002, 'total_links': 222, 'num_tensors': 56}
2026-07-16 21:20:49,529 [INFO]     [1 | right | 0](candidate_pairs: 28/28 | new_swaps: 8 | total: 34) -> {'max_bond': 16, 'max_links': 4, 'total_elems': 11976, 'total_shapes': 932, 'total_links': 222, 'num_tensors': 56}
2026-07-16 21:20:49,592 [INFO]     [1 | right | 1](candidate_pairs: 27/27 | new_swaps: 3 | total: 37) -> {'max_bond': 16, 'max_links': 4, 'total_elems': 10440, 'total_shapes': 890, 'total_links': 222, 'num_tensors': 56}
2026-07-16 21:20:49,703 [INFO]     [2 | both | 0](candidate_pairs: 28/28 | new_swaps: 2 | total: 2) -> {'max_bond': 16, 'max_links': 4, 'total_elems': 9804, 'total_shapes': 860, 'total_links': 222, 'num_tensors': 56}
2026-07-16 21:20:49,819 [INFO]     [2 | both | 1](candidate_pairs: 27/27 | new_swaps: 3 | total: 5) -> {'max_bond': 16, 'max_links': 4, 'total_elems': 9424, 'total_shapes': 838, 'total_links': 222, 'num_tensors': 56}
2026-07-16 21:20:49,868 [INFO]     [2 | left | 0](candidate_pairs: 28/28 | new_swaps: 1 | total: 6) -> {'max_bond': 16, 'max_links': 4, 'total_elems': 9384, 'total_shapes': 834, 'total_links': 222, 'num_tensors': 56}
2026-07-16 21:20:49,925 [INFO]     [2 | left | 1](candidate_pairs: 27/27 | new_swaps: 1 | total: 7) -> {'max_bond': 16, 'max_links': 4, 'total_elems': 9360, 'total_shapes': 828, 'total_links': 222, 'num_tensors': 56}
2026-07-16 21:20:49,983 [INFO]     [2 | right | 0](candidate_pairs: 28/28 | new_swaps: 2 | total: 9) -> {'max_bond': 16, 'max_links': 4, 'total_elems': 9160, 'total_shapes': 816, 'total_links': 222, 'num_tensors': 56}
2026-07-16 21:20:50,009 [INFO]     [2 | right | 1](candidate_pairs: 27/27 | new_swaps: 0 | total: 9) -> {'max_bond': 16, 'max_links': 4, 'total_elems': 9160, 'total_shapes': 816, 'total_links': 222, 'num_tensors': 56}
2026-07-16 21:20:50,114 [INFO]     [3 | both | 0](candidate_pairs: 28/28 | new_swaps: 1 | total: 1) -> {'max_bond': 16, 'max_links': 4, 'total_elems': 8968, 'total_shapes': 808, 'total_links': 222, 'num_tensors': 56}
2026-07-16 21:20:50,222 [INFO]     [3 | both | 1](candidate_pairs: 27/27 | new_swaps: 1 | total: 2) -> {'max_bond': 16, 'max_links': 4, 'total_elems': 8920, 'total_shapes': 804, 'total_links': 222, 'num_tensors': 56}
2026-07-16 21:20:50,251 [INFO]     [3 | left | 0](candidate_pairs: 28/28 | new_swaps: 0 | total: 2) -> {'max_bond': 16, 'max_links': 4, 'total_elems': 8920, 'total_shapes': 804, 'total_links': 222, 'num_tensors': 56}
2026-07-16 21:20:50,311 [INFO]     [3 | left | 1](candidate_pairs: 27/27 | new_swaps: 1 | total: 3) -> {'max_bond': 16, 'max_links': 4, 'total_elems': 8792, 'total_shapes': 796, 'total_links': 222, 'num_tensors': 56}
2026-07-16 21:20:50,339 [INFO]     [3 | right | 0](candidate_pairs: 28/28 | new_swaps: 0 | total: 3) -> {'max_bond': 16, 'max_links': 4, 'total_elems': 8792, 'total_shapes': 796, 'total_links': 222, 'num_tensors': 56}
2026-07-16 21:20:50,367 [INFO]     [3 | right | 1](candidate_pairs: 27/27 | new_swaps: 0 | total: 3) -> {'max_bond': 16, 'max_links': 4, 'total_elems': 8792, 'total_shapes': 796, 'total_links': 222, 'num_tensors': 56}
2026-07-16 21:20:50,477 [INFO]     [4 | both | 0](candidate_pairs: 28/28 | new_swaps: 3 | total: 3) -> {'max_bond': 16, 'max_links': 4, 'total_elems': 8684, 'total_shapes': 786, 'total_links': 222, 'num_tensors': 56}
2026-07-16 21:20:50,571 [INFO]     [4 | both | 1](candidate_pairs: 27/27 | new_swaps: 1 | total: 4) -> {'max_bond': 16, 'max_links': 4, 'total_elems': 8672, 'total_shapes': 784, 'total_links': 222, 'num_tensors': 56}
2026-07-16 21:20:50,600 [INFO]     [4 | left | 0](candidate_pairs: 28/28 | new_swaps: 0 | total: 4) -> {'max_bond': 16, 'max_links': 4, 'total_elems': 8672, 'total_shapes': 784, 'total_links': 222, 'num_tensors': 56}
2026-07-16 21:20:50,628 [INFO]     [4 | left | 1](candidate_pairs: 27/27 | new_swaps: 0 | total: 4) -> {'max_bond': 16, 'max_links': 4, 'total_elems': 8672, 'total_shapes': 784, 'total_links': 222, 'num_tensors': 56}
2026-07-16 21:20:50,656 [INFO]     [4 | right | 0](candidate_pairs: 28/28 | new_swaps: 0 | total: 4) -> {'max_bond': 16, 'max_links': 4, 'total_elems': 8672, 'total_shapes': 784, 'total_links': 222, 'num_tensors': 56}
2026-07-16 21:20:50,684 [INFO]     [4 | right | 1](candidate_pairs: 27/27 | new_swaps: 0 | total: 4) -> {'max_bond': 16, 'max_links': 4, 'total_elems': 8672, 'total_shapes': 784, 'total_links': 222, 'num_tensors': 56}
2026-07-16 21:20:50,742 [INFO]     [5 | both | 0](candidate_pairs: 28/28 | new_swaps: 0 | total: 0) -> {'max_bond': 16, 'max_links': 4, 'total_elems': 8672, 'total_shapes': 784, 'total_links': 222, 'num_tensors': 56}
2026-07-16 21:20:50,796 [INFO]     [5 | both | 1](candidate_pairs: 27/27 | new_swaps: 0 | total: 0) -> {'max_bond': 16, 'max_links': 4, 'total_elems': 8672, 'total_shapes': 784, 'total_links': 222, 'num_tensors': 56}
2026-07-16 21:20:50,824 [INFO]     [5 | left | 0](candidate_pairs: 28/28 | new_swaps: 0 | total: 0) -> {'max_bond': 16, 'max_links': 4, 'total_elems': 8672, 'total_shapes': 784, 'total_links': 222, 'num_tensors': 56}
2026-07-16 21:20:50,851 [INFO]     [5 | left | 1](candidate_pairs: 27/27 | new_swaps: 0 | total: 0) -> {'max_bond': 16, 'max_links': 4, 'total_elems': 8672, 'total_shapes': 784, 'total_links': 222, 'num_tensors': 56}
2026-07-16 21:20:50,880 [INFO]     [5 | right | 0](candidate_pairs: 28/28 | new_swaps: 0 | total: 0) -> {'max_bond': 16, 'max_links': 4, 'total_elems': 8672, 'total_shapes': 784, 'total_links': 222, 'num_tensors': 56}
2026-07-16 21:20:50,907 [INFO]     [5 | right | 1](candidate_pairs: 27/27 | new_swaps: 0 | total: 0) -> {'max_bond': 16, 'max_links': 4, 'total_elems': 8672, 'total_shapes': 784, 'total_links': 222, 'num_tensors': 56}
2026-07-16 21:20:50,908 [INFO]     [end unswap] -> {'max_bond': 16, 'max_links': 4, 'total_elems': 8672, 'total_shapes': 784, 'total_links': 222, 'num_tensors': 56}
2026-07-16 21:20:51,486 [INFO] [start rewire](phase=post_unswap, cycle=6, side=left, layers=1448, trials=50, seed=123, parallel=False, route_candidates=1, route_score=none)
2026-07-16 21:20:53,471 [INFO] [end rewire](phase=post_unswap, cycle=6, side=left, routed_layers=1505, elapsed_s=1.98)
2026-07-16 21:20:53,471 [INFO] [start rewire](phase=post_unswap, cycle=6, side=right, layers=1666, trials=50, seed=123, parallel=False, route_candidates=1, route_score=none)
2026-07-16 21:20:55,199 [INFO] [end rewire](phase=post_unswap, cycle=6, side=right, routed_layers=1549, elapsed_s=1.73)
2026-07-16 21:20:55,327 [INFO] [1L/1503](swap: 11, u: 0 | c_u: 0 | t_u_l: 22/942 | t_u_r: 35/943 | t_u: 57/1885) -> {'max_bond': 16, 'max_links': 4, 'total_elems': 8672, 'total_shapes': 784, 'total_links': 222, 'num_tensors': 56}
2026-07-16 21:20:55,413 [INFO] [2L/1503](swap: 12, u: 1 | c_u: 1 | t_u_l: 23/942 | t_u_r: 35/943 | t_u: 58/1885) -> {'max_bond': 16, 'max_links': 4, 'total_elems': 10004, 'total_shapes': 884, 'total_links': 222, 'num_tensors': 56}
2026-07-16 21:20:55,498 [INFO] [1R/1547](swap: 11, u: 0 | c_u: 1 | t_u_l: 23/942 | t_u_r: 35/943 | t_u: 58/1885) -> {'max_bond': 16, 'max_links': 4, 'total_elems': 13904, 'total_shapes': 1032, 'total_links': 222, 'num_tensors': 56}
2026-07-16 21:20:55,589 [INFO] [3L/1503](swap: 13, u: 0 | c_u: 1 | t_u_l: 23/942 | t_u_r: 35/943 | t_u: 58/1885) -> {'max_bond': 16, 'max_links': 4, 'total_elems': 17176, 'total_shapes': 1154, 'total_links': 222, 'num_tensors': 56}
2026-07-16 21:20:55,682 [INFO] [4L/1503](swap: 9, u: 2 | c_u: 3 | t_u_l: 25/942 | t_u_r: 35/943 | t_u: 60/1885) -> {'max_bond': 32, 'max_links': 4, 'total_elems': 27688, 'total_shapes': 1374, 'total_links': 222, 'num_tensors': 56}
2026-07-16 21:20:55,779 [INFO] [2R/1547](swap: 11, u: 2 | c_u: 5 | t_u_l: 25/942 | t_u_r: 37/943 | t_u: 62/1885) -> {'max_bond': 64, 'max_links': 4, 'total_elems': 39456, 'total_shapes': 1604, 'total_links': 222, 'num_tensors': 56}
2026-07-16 21:20:55,886 [INFO] [5L/1503](swap: 8, u: 0 | c_u: 5 | t_u_l: 25/942 | t_u_r: 37/943 | t_u: 62/1885) -> {'max_bond': 64, 'max_links': 4, 'total_elems': 47328, 'total_shapes': 1748, 'total_links': 222, 'num_tensors': 56}
2026-07-16 21:20:55,999 [INFO] [6L/1503](swap: 9, u: 0 | c_u: 5 | t_u_l: 25/942 | t_u_r: 37/943 | t_u: 62/1885) -> {'max_bond': 64, 'max_links': 4, 'total_elems': 57504, 'total_shapes': 1916, 'total_links': 222, 'num_tensors': 56}
2026-07-16 21:20:56,131 [INFO] [3R/1547](swap: 11, u: 1 | c_u: 6 | t_u_l: 25/942 | t_u_r: 38/943 | t_u: 63/1885) -> {'max_bond': 64, 'max_links': 4, 'total_elems': 87328, 'total_shapes': 2180, 'total_links': 222, 'num_tensors': 56}
2026-07-16 21:20:56,290 [INFO] [4R/1547](swap: 12, u: 1 | c_u: 7 | t_u_l: 25/942 | t_u_r: 39/943 | t_u: 64/1885) -> {'max_bond': 64, 'max_links': 4, 'total_elems': 120608, 'total_shapes': 2612, 'total_links': 222, 'num_tensors': 56}
2026-07-16 21:20:56,506 [INFO] [7L/1503](swap: 8, u: 2 | c_u: 9 | t_u_l: 27/942 | t_u_r: 39/943 | t_u: 66/1885) -> {'max_bond': 64, 'max_links': 4, 'total_elems': 145184, 'total_shapes': 2836, 'total_links': 222, 'num_tensors': 56}
2026-07-16 21:20:56,755 [INFO] [8L/1503](swap: 6, u: 0 | c_u: 9 | t_u_l: 27/942 | t_u_r: 39/943 | t_u: 66/1885) -> {'max_bond': 64, 'max_links': 4, 'total_elems': 220192, 'total_shapes': 3328, 'total_links': 222, 'num_tensors': 56}
2026-07-16 21:20:57,056 [INFO] [9L/1503](swap: 5, u: 0 | c_u: 9 | t_u_l: 27/942 | t_u_r: 39/943 | t_u: 66/1885) -> {'max_bond': 128, 'max_links': 4, 'total_elems': 300064, 'total_shapes': 3776, 'total_links': 222, 'num_tensors': 56}
2026-07-16 21:20:57,488 [INFO] [5R/1547](swap: 12, u: 2 | c_u: 11 | t_u_l: 27/942 | t_u_r: 41/943 | t_u: 68/1885) -> {'max_bond': 256, 'max_links': 4, 'total_elems': 452640, 'total_shapes': 4512, 'total_links': 222, 'num_tensors': 56}
2026-07-16 21:20:58,107 [INFO]     [start unswap] -> {'max_bond': 256, 'max_links': 4, 'total_elems': 452640, 'total_shapes': 4512, 'total_links': 222, 'num_tensors': 56}
2026-07-16 21:21:00,775 [INFO]     [0 | both | 0](candidate_pairs: 28/28 | new_swaps: 4 | total: 4) -> {'max_bond': 256, 'max_links': 4, 'total_elems': 458016, 'total_shapes': 4576, 'total_links': 222, 'num_tensors': 56}
2026-07-16 21:21:01,800 [INFO]     [0 | both | 1](candidate_pairs: 27/27 | new_swaps: 14 | total: 18) -> {'max_bond': 64, 'max_links': 4, 'total_elems': 193056, 'total_shapes': 2976, 'total_links': 222, 'num_tensors': 56}
2026-07-16 21:21:02,114 [INFO]     [0 | left | 0](candidate_pairs: 28/28 | new_swaps: 9 | total: 27) -> {'max_bond': 64, 'max_links': 4, 'total_elems': 160544, 'total_shapes': 2632, 'total_links': 222, 'num_tensors': 56}
2026-07-16 21:21:02,425 [INFO]     [0 | left | 1](candidate_pairs: 27/27 | new_swaps: 10 | total: 37) -> {'max_bond': 64, 'max_links': 4, 'total_elems': 97440, 'total_shapes': 2224, 'total_links': 222, 'num_tensors': 56}
2026-07-16 21:21:02,584 [INFO]     [0 | right | 0](candidate_pairs: 28/28 | new_swaps: 5 | total: 42) -> {'max_bond': 64, 'max_links': 4, 'total_elems': 79328, 'total_shapes': 1992, 'total_links': 222, 'num_tensors': 56}
2026-07-16 21:21:02,746 [INFO]     [0 | right | 1](candidate_pairs: 27/27 | new_swaps: 7 | total: 49) -> {'max_bond': 64, 'max_links': 4, 'total_elems': 56032, 'total_shapes': 1776, 'total_links': 222, 'num_tensors': 56}
2026-07-16 21:21:02,963 [INFO]     [1 | both | 0](candidate_pairs: 28/28 | new_swaps: 10 | total: 10) -> {'max_bond': 32, 'max_links': 4, 'total_elems': 33496, 'total_shapes': 1444, 'total_links': 222, 'num_tensors': 56}
2026-07-16 21:21:03,215 [INFO]     [1 | both | 1](candidate_pairs: 27/27 | new_swaps: 6 | total: 16) -> {'max_bond': 32, 'max_links': 4, 'total_elems': 25048, 'total_shapes': 1292, 'total_links': 222, 'num_tensors': 56}
2026-07-16 21:21:03,340 [INFO]     [1 | left | 0](candidate_pairs: 28/28 | new_swaps: 8 | total: 24) -> {'max_bond': 32, 'max_links': 4, 'total_elems': 19324, 'total_shapes': 1162, 'total_links': 222, 'num_tensors': 56}
2026-07-16 21:21:03,466 [INFO]     [1 | left | 1](candidate_pairs: 27/27 | new_swaps: 5 | total: 29) -> {'max_bond': 32, 'max_links': 4, 'total_elems': 17588, 'total_shapes': 1102, 'total_links': 222, 'num_tensors': 56}
2026-07-16 21:21:03,529 [INFO]     [1 | right | 0](candidate_pairs: 28/28 | new_swaps: 1 | total: 30) -> {'max_bond': 32, 'max_links': 4, 'total_elems': 17332, 'total_shapes': 1094, 'total_links': 222, 'num_tensors': 56}
2026-07-16 21:21:03,609 [INFO]     [1 | right | 1](candidate_pairs: 27/27 | new_swaps: 2 | total: 32) -> {'max_bond': 32, 'max_links': 4, 'total_elems': 16996, 'total_shapes': 1078, 'total_links': 222, 'num_tensors': 56}
2026-07-16 21:21:03,743 [INFO]     [2 | both | 0](candidate_pairs: 28/28 | new_swaps: 3 | total: 3) -> {'max_bond': 32, 'max_links': 4, 'total_elems': 15796, 'total_shapes': 1042, 'total_links': 222, 'num_tensors': 56}
2026-07-16 21:21:03,874 [INFO]     [2 | both | 1](candidate_pairs: 27/27 | new_swaps: 3 | total: 6) -> {'max_bond': 32, 'max_links': 4, 'total_elems': 15396, 'total_shapes': 1022, 'total_links': 222, 'num_tensors': 56}
2026-07-16 21:21:03,945 [INFO]     [2 | left | 0](candidate_pairs: 28/28 | new_swaps: 4 | total: 10) -> {'max_bond': 32, 'max_links': 4, 'total_elems': 14748, 'total_shapes': 990, 'total_links': 222, 'num_tensors': 56}
2026-07-16 21:21:04,012 [INFO]     [2 | left | 1](candidate_pairs: 27/27 | new_swaps: 3 | total: 13) -> {'max_bond': 32, 'max_links': 4, 'total_elems': 14408, 'total_shapes': 968, 'total_links': 222, 'num_tensors': 56}
2026-07-16 21:21:04,076 [INFO]     [2 | right | 0](candidate_pairs: 28/28 | new_swaps: 1 | total: 14) -> {'max_bond': 32, 'max_links': 4, 'total_elems': 14168, 'total_shapes': 956, 'total_links': 222, 'num_tensors': 56}
2026-07-16 21:21:04,128 [INFO]     [2 | right | 1](candidate_pairs: 27/27 | new_swaps: 1 | total: 15) -> {'max_bond': 32, 'max_links': 4, 'total_elems': 13208, 'total_shapes': 932, 'total_links': 222, 'num_tensors': 56}
2026-07-16 21:21:04,252 [INFO]     [3 | both | 0](candidate_pairs: 28/28 | new_swaps: 4 | total: 4) -> {'max_bond': 32, 'max_links': 4, 'total_elems': 12448, 'total_shapes': 904, 'total_links': 222, 'num_tensors': 56}
2026-07-16 21:21:04,376 [INFO]     [3 | both | 1](candidate_pairs: 27/27 | new_swaps: 3 | total: 7) -> {'max_bond': 32, 'max_links': 4, 'total_elems': 12136, 'total_shapes': 884, 'total_links': 222, 'num_tensors': 56}
2026-07-16 21:21:04,442 [INFO]     [3 | left | 0](candidate_pairs: 28/28 | new_swaps: 1 | total: 8) -> {'max_bond': 32, 'max_links': 4, 'total_elems': 11896, 'total_shapes': 872, 'total_links': 222, 'num_tensors': 56}
2026-07-16 21:21:04,512 [INFO]     [3 | left | 1](candidate_pairs: 27/27 | new_swaps: 3 | total: 11) -> {'max_bond': 32, 'max_links': 4, 'total_elems': 10864, 'total_shapes': 832, 'total_links': 222, 'num_tensors': 56}
2026-07-16 21:21:04,564 [INFO]     [3 | right | 0](candidate_pairs: 28/28 | new_swaps: 1 | total: 12) -> {'max_bond': 32, 'max_links': 4, 'total_elems': 10768, 'total_shapes': 820, 'total_links': 222, 'num_tensors': 56}
2026-07-16 21:21:04,596 [INFO]     [3 | right | 1](candidate_pairs: 27/27 | new_swaps: 0 | total: 12) -> {'max_bond': 32, 'max_links': 4, 'total_elems': 10768, 'total_shapes': 820, 'total_links': 222, 'num_tensors': 56}
2026-07-16 21:21:04,721 [INFO]     [4 | both | 0](candidate_pairs: 28/28 | new_swaps: 2 | total: 2) -> {'max_bond': 32, 'max_links': 4, 'total_elems': 10716, 'total_shapes': 814, 'total_links': 222, 'num_tensors': 56}
2026-07-16 21:21:04,790 [INFO]     [4 | both | 1](candidate_pairs: 27/27 | new_swaps: 0 | total: 2) -> {'max_bond': 32, 'max_links': 4, 'total_elems': 10716, 'total_shapes': 814, 'total_links': 222, 'num_tensors': 56}
2026-07-16 21:21:04,823 [INFO]     [4 | left | 0](candidate_pairs: 28/28 | new_swaps: 0 | total: 2) -> {'max_bond': 32, 'max_links': 4, 'total_elems': 10716, 'total_shapes': 814, 'total_links': 222, 'num_tensors': 56}
2026-07-16 21:21:04,857 [INFO]     [4 | left | 1](candidate_pairs: 27/27 | new_swaps: 0 | total: 2) -> {'max_bond': 32, 'max_links': 4, 'total_elems': 10716, 'total_shapes': 814, 'total_links': 222, 'num_tensors': 56}
2026-07-16 21:21:04,891 [INFO]     [4 | right | 0](candidate_pairs: 28/28 | new_swaps: 0 | total: 2) -> {'max_bond': 32, 'max_links': 4, 'total_elems': 10716, 'total_shapes': 814, 'total_links': 222, 'num_tensors': 56}
2026-07-16 21:21:04,927 [INFO]     [4 | right | 1](candidate_pairs: 27/27 | new_swaps: 0 | total: 2) -> {'max_bond': 32, 'max_links': 4, 'total_elems': 10716, 'total_shapes': 814, 'total_links': 222, 'num_tensors': 56}
2026-07-16 21:21:04,994 [INFO]     [5 | both | 0](candidate_pairs: 28/28 | new_swaps: 0 | total: 0) -> {'max_bond': 32, 'max_links': 4, 'total_elems': 10716, 'total_shapes': 814, 'total_links': 222, 'num_tensors': 56}
2026-07-16 21:21:05,084 [INFO]     [5 | both | 1](candidate_pairs: 27/27 | new_swaps: 0 | total: 0) -> {'max_bond': 32, 'max_links': 4, 'total_elems': 10716, 'total_shapes': 814, 'total_links': 222, 'num_tensors': 56}
2026-07-16 21:21:05,139 [INFO]     [5 | left | 0](candidate_pairs: 28/28 | new_swaps: 0 | total: 0) -> {'max_bond': 32, 'max_links': 4, 'total_elems': 10716, 'total_shapes': 814, 'total_links': 222, 'num_tensors': 56}
2026-07-16 21:21:05,176 [INFO]     [5 | left | 1](candidate_pairs: 27/27 | new_swaps: 0 | total: 0) -> {'max_bond': 32, 'max_links': 4, 'total_elems': 10716, 'total_shapes': 814, 'total_links': 222, 'num_tensors': 56}
2026-07-16 21:21:05,209 [INFO]     [5 | right | 0](candidate_pairs: 28/28 | new_swaps: 0 | total: 0) -> {'max_bond': 32, 'max_links': 4, 'total_elems': 10716, 'total_shapes': 814, 'total_links': 222, 'num_tensors': 56}
2026-07-16 21:21:05,252 [INFO]     [5 | right | 1](candidate_pairs: 27/27 | new_swaps: 0 | total: 0) -> {'max_bond': 32, 'max_links': 4, 'total_elems': 10716, 'total_shapes': 814, 'total_links': 222, 'num_tensors': 56}
2026-07-16 21:21:05,252 [INFO]     [end unswap] -> {'max_bond': 32, 'max_links': 4, 'total_elems': 10716, 'total_shapes': 814, 'total_links': 222, 'num_tensors': 56}
2026-07-16 21:21:05,980 [INFO] [start rewire](phase=post_unswap, cycle=7, side=left, layers=1496, trials=50, seed=123, parallel=False, route_candidates=1, route_score=none)
2026-07-16 21:21:08,167 [INFO] [end rewire](phase=post_unswap, cycle=7, side=left, routed_layers=1569, elapsed_s=2.19)
2026-07-16 21:21:08,167 [INFO] [start rewire](phase=post_unswap, cycle=7, side=right, layers=1544, trials=50, seed=123, parallel=False, route_candidates=1, route_score=none)
2026-07-16 21:21:09,956 [INFO] [end rewire](phase=post_unswap, cycle=7, side=right, routed_layers=1489, elapsed_s=1.79)
2026-07-16 21:21:10,092 [INFO] [1L/1567](swap: 12, u: 0 | c_u: 0 | t_u_l: 27/942 | t_u_r: 41/943 | t_u: 68/1885) -> {'max_bond': 32, 'max_links': 4, 'total_elems': 10716, 'total_shapes': 814, 'total_links': 222, 'num_tensors': 56}
2026-07-16 21:21:10,184 [INFO] [2L/1567](swap: 13, u: 1 | c_u: 1 | t_u_l: 28/942 | t_u_r: 41/943 | t_u: 69/1885) -> {'max_bond': 32, 'max_links': 4, 'total_elems': 14084, 'total_shapes': 930, 'total_links': 222, 'num_tensors': 56}
2026-07-16 21:21:10,281 [INFO] [1R/1487](swap: 11, u: 0 | c_u: 1 | t_u_l: 28/942 | t_u_r: 41/943 | t_u: 69/1885) -> {'max_bond': 32, 'max_links': 4, 'total_elems': 20716, 'total_shapes': 1104, 'total_links': 222, 'num_tensors': 56}
2026-07-16 21:21:10,395 [INFO] [2R/1487](swap: 8, u: 1 | c_u: 2 | t_u_l: 28/942 | t_u_r: 42/943 | t_u: 70/1885) -> {'max_bond': 32, 'max_links': 4, 'total_elems': 23212, 'total_shapes': 1182, 'total_links': 222, 'num_tensors': 56}
2026-07-16 21:21:10,508 [INFO] [3R/1487](swap: 7, u: 1 | c_u: 3 | t_u_l: 28/942 | t_u_r: 43/943 | t_u: 71/1885) -> {'max_bond': 32, 'max_links': 4, 'total_elems': 26412, 'total_shapes': 1260, 'total_links': 222, 'num_tensors': 56}
2026-07-16 21:21:10,621 [INFO] [4R/1487](swap: 6, u: 0 | c_u: 3 | t_u_l: 28/942 | t_u_r: 43/943 | t_u: 71/1885) -> {'max_bond': 32, 'max_links': 4, 'total_elems': 28684, 'total_shapes': 1336, 'total_links': 222, 'num_tensors': 56}
2026-07-16 21:21:10,739 [INFO] [5R/1487](swap: 8, u: 0 | c_u: 3 | t_u_l: 28/942 | t_u_r: 43/943 | t_u: 71/1885) -> {'max_bond': 32, 'max_links': 4, 'total_elems': 37396, 'total_shapes': 1508, 'total_links': 222, 'num_tensors': 56}
2026-07-16 21:21:10,863 [INFO] [3L/1567](swap: 11, u: 0 | c_u: 3 | t_u_l: 28/942 | t_u_r: 43/943 | t_u: 71/1885) -> {'max_bond': 32, 'max_links': 4, 'total_elems': 46068, 'total_shapes': 1666, 'total_links': 222, 'num_tensors': 56}
2026-07-16 21:21:11,001 [INFO] [6R/1487](swap: 7, u: 1 | c_u: 4 | t_u_l: 28/942 | t_u_r: 44/943 | t_u: 72/1885) -> {'max_bond': 64, 'max_links': 4, 'total_elems': 69388, 'total_shapes': 1994, 'total_links': 222, 'num_tensors': 56}
2026-07-16 21:21:11,160 [INFO] [7R/1487](swap: 7, u: 0 | c_u: 4 | t_u_l: 28/942 | t_u_r: 44/943 | t_u: 72/1885) -> {'max_bond': 64, 'max_links': 4, 'total_elems': 108900, 'total_shapes': 2252, 'total_links': 222, 'num_tensors': 56}
2026-07-16 21:21:11,388 [INFO] [4L/1567](swap: 9, u: 0 | c_u: 4 | t_u_l: 28/942 | t_u_r: 44/943 | t_u: 72/1885) -> {'max_bond': 128, 'max_links': 4, 'total_elems': 159408, 'total_shapes': 2724, 'total_links': 222, 'num_tensors': 56}
2026-07-16 21:21:11,753 [INFO] [5L/1567](swap: 11, u: 0 | c_u: 4 | t_u_l: 28/942 | t_u_r: 44/943 | t_u: 72/1885) -> {'max_bond': 128, 'max_links': 4, 'total_elems': 227696, 'total_shapes': 3084, 'total_links': 222, 'num_tensors': 56}
2026-07-16 21:21:12,178 [INFO] [6L/1567](swap: 12, u: 0 | c_u: 4 | t_u_l: 28/942 | t_u_r: 44/943 | t_u: 72/1885) -> {'max_bond': 256, 'max_links': 4, 'total_elems': 319592, 'total_shapes': 3520, 'total_links': 222, 'num_tensors': 56}
2026-07-16 21:21:12,753 [INFO] [8R/1487](swap: 5, u: 0 | c_u: 4 | t_u_l: 28/942 | t_u_r: 44/943 | t_u: 72/1885) -> {'max_bond': 256, 'max_links': 4, 'total_elems': 489824, 'total_shapes': 4244, 'total_links': 222, 'num_tensors': 56}
2026-07-16 21:21:13,400 [INFO]     [start unswap] -> {'max_bond': 256, 'max_links': 4, 'total_elems': 489824, 'total_shapes': 4244, 'total_links': 222, 'num_tensors': 56}
2026-07-16 21:21:16,442 [INFO]     [0 | both | 0](candidate_pairs: 28/28 | new_swaps: 9 | total: 9) -> {'max_bond': 256, 'max_links': 4, 'total_elems': 662924, 'total_shapes': 4176, 'total_links': 222, 'num_tensors': 56}
2026-07-16 21:21:19,612 [INFO]     [0 | both | 1](candidate_pairs: 27/27 | new_swaps: 11 | total: 20) -> {'max_bond': 256, 'max_links': 4, 'total_elems': 417836, 'total_shapes': 3512, 'total_links': 222, 'num_tensors': 56}
2026-07-16 21:21:20,284 [INFO]     [0 | left | 0](candidate_pairs: 28/28 | new_swaps: 7 | total: 27) -> {'max_bond': 128, 'max_links': 4, 'total_elems': 278640, 'total_shapes': 2914, 'total_links': 222, 'num_tensors': 56}
2026-07-16 21:21:20,885 [INFO]     [0 | left | 1](candidate_pairs: 27/27 | new_swaps: 8 | total: 35) -> {'max_bond': 128, 'max_links': 4, 'total_elems': 144720, 'total_shapes': 2486, 'total_links': 222, 'num_tensors': 56}
2026-07-16 21:21:21,080 [INFO]     [0 | right | 0](candidate_pairs: 28/28 | new_swaps: 6 | total: 41) -> {'max_bond': 64, 'max_links': 4, 'total_elems': 83744, 'total_shapes': 1954, 'total_links': 222, 'num_tensors': 56}
2026-07-16 21:21:21,225 [INFO]     [0 | right | 1](candidate_pairs: 27/27 | new_swaps: 6 | total: 47) -> {'max_bond': 64, 'max_links': 4, 'total_elems': 69920, 'total_shapes': 1778, 'total_links': 222, 'num_tensors': 56}
2026-07-16 21:21:21,484 [INFO]     [1 | both | 0](candidate_pairs: 28/28 | new_swaps: 9 | total: 9) -> {'max_bond': 64, 'max_links': 4, 'total_elems': 42848, 'total_shapes': 1482, 'total_links': 222, 'num_tensors': 56}
2026-07-16 21:21:21,663 [INFO]     [1 | both | 1](candidate_pairs: 27/27 | new_swaps: 6 | total: 15) -> {'max_bond': 32, 'max_links': 4, 'total_elems': 29360, 'total_shapes': 1282, 'total_links': 222, 'num_tensors': 56}
2026-07-16 21:21:21,750 [INFO]     [1 | left | 0](candidate_pairs: 28/28 | new_swaps: 8 | total: 23) -> {'max_bond': 32, 'max_links': 4, 'total_elems': 22816, 'total_shapes': 1150, 'total_links': 222, 'num_tensors': 56}
2026-07-16 21:21:21,825 [INFO]     [1 | left | 1](candidate_pairs: 27/27 | new_swaps: 3 | total: 26) -> {'max_bond': 32, 'max_links': 4, 'total_elems': 16480, 'total_shapes': 1046, 'total_links': 222, 'num_tensors': 56}
2026-07-16 21:21:21,891 [INFO]     [1 | right | 0](candidate_pairs: 28/28 | new_swaps: 3 | total: 29) -> {'max_bond': 32, 'max_links': 4, 'total_elems': 14624, 'total_shapes': 990, 'total_links': 222, 'num_tensors': 56}
2026-07-16 21:21:21,957 [INFO]     [1 | right | 1](candidate_pairs: 27/27 | new_swaps: 4 | total: 33) -> {'max_bond': 32, 'max_links': 4, 'total_elems': 13056, 'total_shapes': 936, 'total_links': 222, 'num_tensors': 56}
2026-07-16 21:21:22,014 [INFO]     [2 | both | 0](candidate_pairs: 28/28 | new_swaps: 0 | total: 0) -> {'max_bond': 32, 'max_links': 4, 'total_elems': 13056, 'total_shapes': 936, 'total_links': 222, 'num_tensors': 56}
2026-07-16 21:21:22,135 [INFO]     [2 | both | 1](candidate_pairs: 27/27 | new_swaps: 3 | total: 3) -> {'max_bond': 32, 'max_links': 4, 'total_elems': 11856, 'total_shapes': 900, 'total_links': 222, 'num_tensors': 56}
2026-07-16 21:21:22,200 [INFO]     [2 | left | 0](candidate_pairs: 28/28 | new_swaps: 3 | total: 6) -> {'max_bond': 32, 'max_links': 4, 'total_elems': 10872, 'total_shapes': 870, 'total_links': 222, 'num_tensors': 56}
2026-07-16 21:21:22,266 [INFO]     [2 | left | 1](candidate_pairs: 27/27 | new_swaps: 2 | total: 8) -> {'max_bond': 32, 'max_links': 4, 'total_elems': 9304, 'total_shapes': 842, 'total_links': 222, 'num_tensors': 56}
2026-07-16 21:21:22,313 [INFO]     [2 | right | 0](candidate_pairs: 28/28 | new_swaps: 1 | total: 9) -> {'max_bond': 32, 'max_links': 4, 'total_elems': 9208, 'total_shapes': 830, 'total_links': 222, 'num_tensors': 56}
2026-07-16 21:21:22,343 [INFO]     [2 | right | 1](candidate_pairs: 27/27 | new_swaps: 0 | total: 9) -> {'max_bond': 32, 'max_links': 4, 'total_elems': 9208, 'total_shapes': 830, 'total_links': 222, 'num_tensors': 56}
2026-07-16 21:21:22,455 [INFO]     [3 | both | 0](candidate_pairs: 28/28 | new_swaps: 3 | total: 3) -> {'max_bond': 32, 'max_links': 4, 'total_elems': 8584, 'total_shapes': 802, 'total_links': 222, 'num_tensors': 56}
2026-07-16 21:21:22,511 [INFO]     [3 | both | 1](candidate_pairs: 27/27 | new_swaps: 0 | total: 3) -> {'max_bond': 32, 'max_links': 4, 'total_elems': 8584, 'total_shapes': 802, 'total_links': 222, 'num_tensors': 56}
2026-07-16 21:21:22,538 [INFO]     [3 | left | 0](candidate_pairs: 28/28 | new_swaps: 0 | total: 3) -> {'max_bond': 32, 'max_links': 4, 'total_elems': 8584, 'total_shapes': 802, 'total_links': 222, 'num_tensors': 56}
2026-07-16 21:21:22,589 [INFO]     [3 | left | 1](candidate_pairs: 27/27 | new_swaps: 1 | total: 4) -> {'max_bond': 32, 'max_links': 4, 'total_elems': 8424, 'total_shapes': 794, 'total_links': 222, 'num_tensors': 56}
2026-07-16 21:21:22,614 [INFO]     [3 | right | 0](candidate_pairs: 28/28 | new_swaps: 0 | total: 4) -> {'max_bond': 32, 'max_links': 4, 'total_elems': 8424, 'total_shapes': 794, 'total_links': 222, 'num_tensors': 56}
2026-07-16 21:21:22,642 [INFO]     [3 | right | 1](candidate_pairs: 27/27 | new_swaps: 0 | total: 4) -> {'max_bond': 32, 'max_links': 4, 'total_elems': 8424, 'total_shapes': 794, 'total_links': 222, 'num_tensors': 56}
2026-07-16 21:21:22,696 [INFO]     [4 | both | 0](candidate_pairs: 28/28 | new_swaps: 0 | total: 0) -> {'max_bond': 32, 'max_links': 4, 'total_elems': 8424, 'total_shapes': 794, 'total_links': 222, 'num_tensors': 56}
2026-07-16 21:21:22,753 [INFO]     [4 | both | 1](candidate_pairs: 27/27 | new_swaps: 0 | total: 0) -> {'max_bond': 32, 'max_links': 4, 'total_elems': 8424, 'total_shapes': 794, 'total_links': 222, 'num_tensors': 56}
2026-07-16 21:21:22,812 [INFO]     [4 | left | 0](candidate_pairs: 28/28 | new_swaps: 1 | total: 1) -> {'max_bond': 32, 'max_links': 4, 'total_elems': 8232, 'total_shapes': 786, 'total_links': 222, 'num_tensors': 56}
2026-07-16 21:21:22,841 [INFO]     [4 | left | 1](candidate_pairs: 27/27 | new_swaps: 0 | total: 1) -> {'max_bond': 32, 'max_links': 4, 'total_elems': 8232, 'total_shapes': 786, 'total_links': 222, 'num_tensors': 56}
2026-07-16 21:21:22,867 [INFO]     [4 | right | 0](candidate_pairs: 28/28 | new_swaps: 0 | total: 1) -> {'max_bond': 32, 'max_links': 4, 'total_elems': 8232, 'total_shapes': 786, 'total_links': 222, 'num_tensors': 56}
2026-07-16 21:21:22,895 [INFO]     [4 | right | 1](candidate_pairs: 27/27 | new_swaps: 0 | total: 1) -> {'max_bond': 32, 'max_links': 4, 'total_elems': 8232, 'total_shapes': 786, 'total_links': 222, 'num_tensors': 56}
2026-07-16 21:21:22,948 [INFO]     [5 | both | 0](candidate_pairs: 28/28 | new_swaps: 0 | total: 0) -> {'max_bond': 32, 'max_links': 4, 'total_elems': 8232, 'total_shapes': 786, 'total_links': 222, 'num_tensors': 56}
2026-07-16 21:21:23,005 [INFO]     [5 | both | 1](candidate_pairs: 27/27 | new_swaps: 0 | total: 0) -> {'max_bond': 32, 'max_links': 4, 'total_elems': 8232, 'total_shapes': 786, 'total_links': 222, 'num_tensors': 56}
2026-07-16 21:21:23,032 [INFO]     [5 | left | 0](candidate_pairs: 28/28 | new_swaps: 0 | total: 0) -> {'max_bond': 32, 'max_links': 4, 'total_elems': 8232, 'total_shapes': 786, 'total_links': 222, 'num_tensors': 56}
2026-07-16 21:21:23,060 [INFO]     [5 | left | 1](candidate_pairs: 27/27 | new_swaps: 0 | total: 0) -> {'max_bond': 32, 'max_links': 4, 'total_elems': 8232, 'total_shapes': 786, 'total_links': 222, 'num_tensors': 56}
2026-07-16 21:21:23,085 [INFO]     [5 | right | 0](candidate_pairs: 28/28 | new_swaps: 0 | total: 0) -> {'max_bond': 32, 'max_links': 4, 'total_elems': 8232, 'total_shapes': 786, 'total_links': 222, 'num_tensors': 56}
2026-07-16 21:21:23,113 [INFO]     [5 | right | 1](candidate_pairs: 27/27 | new_swaps: 0 | total: 0) -> {'max_bond': 32, 'max_links': 4, 'total_elems': 8232, 'total_shapes': 786, 'total_links': 222, 'num_tensors': 56}
2026-07-16 21:21:23,113 [INFO]     [end unswap] -> {'max_bond': 32, 'max_links': 4, 'total_elems': 8232, 'total_shapes': 786, 'total_links': 222, 'num_tensors': 56}
2026-07-16 21:21:23,886 [INFO] [start rewire](phase=post_unswap, cycle=8, side=left, layers=1563, trials=50, seed=123, parallel=False, route_candidates=1, route_score=none)
2026-07-16 21:21:25,981 [INFO] [end rewire](phase=post_unswap, cycle=8, side=left, routed_layers=1396, elapsed_s=2.09)
2026-07-16 21:21:25,981 [INFO] [start rewire](phase=post_unswap, cycle=8, side=right, layers=1481, trials=50, seed=123, parallel=False, route_candidates=1, route_score=none)
2026-07-16 21:21:27,248 [INFO] [end rewire](phase=post_unswap, cycle=8, side=right, routed_layers=1492, elapsed_s=1.27)
2026-07-16 21:21:27,385 [INFO] [1L/1394](swap: 10, u: 0 | c_u: 0 | t_u_l: 28/942 | t_u_r: 44/943 | t_u: 72/1885) -> {'max_bond': 32, 'max_links': 4, 'total_elems': 8232, 'total_shapes': 786, 'total_links': 222, 'num_tensors': 56}
2026-07-16 21:21:27,474 [INFO] [2L/1394](swap: 12, u: 0 | c_u: 0 | t_u_l: 28/942 | t_u_r: 44/943 | t_u: 72/1885) -> {'max_bond': 32, 'max_links': 4, 'total_elems': 9228, 'total_shapes': 846, 'total_links': 222, 'num_tensors': 56}
2026-07-16 21:21:27,564 [INFO] [1R/1490](swap: 10, u: 0 | c_u: 0 | t_u_l: 28/942 | t_u_r: 44/943 | t_u: 72/1885) -> {'max_bond': 32, 'max_links': 4, 'total_elems': 12284, 'total_shapes': 964, 'total_links': 222, 'num_tensors': 56}
2026-07-16 21:21:27,656 [INFO] [2R/1490](swap: 9, u: 0 | c_u: 0 | t_u_l: 28/942 | t_u_r: 44/943 | t_u: 72/1885) -> {'max_bond': 32, 'max_links': 4, 'total_elems': 21596, 'total_shapes': 1168, 'total_links': 222, 'num_tensors': 56}
2026-07-16 21:21:27,753 [INFO] [3L/1394](swap: 10, u: 0 | c_u: 0 | t_u_l: 28/942 | t_u_r: 44/943 | t_u: 72/1885) -> {'max_bond': 32, 'max_links': 4, 'total_elems': 35020, 'total_shapes': 1376, 'total_links': 222, 'num_tensors': 56}
2026-07-16 21:21:27,865 [INFO] [3R/1490](swap: 8, u: 0 | c_u: 0 | t_u_l: 28/942 | t_u_r: 44/943 | t_u: 72/1885) -> {'max_bond': 64, 'max_links': 4, 'total_elems': 51212, 'total_shapes': 1616, 'total_links': 222, 'num_tensors': 56}
2026-07-16 21:21:27,989 [INFO] [4R/1490](swap: 7, u: 0 | c_u: 0 | t_u_l: 28/942 | t_u_r: 44/943 | t_u: 72/1885) -> {'max_bond': 64, 'max_links': 4, 'total_elems': 61932, 'total_shapes': 1752, 'total_links': 222, 'num_tensors': 56}
2026-07-16 21:21:28,109 [INFO] [5R/1490](swap: 7, u: 0 | c_u: 0 | t_u_l: 28/942 | t_u_r: 44/943 | t_u: 72/1885) -> {'max_bond': 64, 'max_links': 4, 'total_elems': 72276, 'total_shapes': 1868, 'total_links': 222, 'num_tensors': 56}
2026-07-16 21:21:28,244 [INFO] [4L/1394](swap: 7, u: 1 | c_u: 1 | t_u_l: 29/942 | t_u_r: 44/943 | t_u: 73/1885) -> {'max_bond': 128, 'max_links': 4, 'total_elems': 109492, 'total_shapes': 2256, 'total_links': 222, 'num_tensors': 56}
2026-07-16 21:21:28,400 [INFO] [5L/1394](swap: 8, u: 0 | c_u: 1 | t_u_l: 29/942 | t_u_r: 44/943 | t_u: 73/1885) -> {'max_bond': 128, 'max_links': 4, 'total_elems': 138928, 'total_shapes': 2470, 'total_links': 222, 'num_tensors': 56}
2026-07-16 21:21:28,578 [INFO] [6R/1490](swap: 6, u: 0 | c_u: 1 | t_u_l: 29/942 | t_u_r: 44/943 | t_u: 73/1885) -> {'max_bond': 128, 'max_links': 4, 'total_elems': 178912, 'total_shapes': 2718, 'total_links': 222, 'num_tensors': 56}
2026-07-16 21:21:28,797 [INFO] [7R/1490](swap: 5, u: 0 | c_u: 1 | t_u_l: 29/942 | t_u_r: 44/943 | t_u: 73/1885) -> {'max_bond': 128, 'max_links': 4, 'total_elems': 223952, 'total_shapes': 2906, 'total_links': 222, 'num_tensors': 56}
2026-07-16 21:21:29,043 [INFO] [8R/1490](swap: 5, u: 1 | c_u: 2 | t_u_l: 29/942 | t_u_r: 45/943 | t_u: 74/1885) -> {'max_bond': 128, 'max_links': 4, 'total_elems': 244768, 'total_shapes': 3022, 'total_links': 222, 'num_tensors': 56}
2026-07-16 21:21:29,292 [INFO] [9R/1490](swap: 4, u: 2 | c_u: 4 | t_u_l: 29/942 | t_u_r: 47/943 | t_u: 76/1885) -> {'max_bond': 128, 'max_links': 4, 'total_elems': 249152, 'total_shapes': 3106, 'total_links': 222, 'num_tensors': 56}
2026-07-16 21:21:29,557 [INFO] [10R/1490](swap: 7, u: 0 | c_u: 4 | t_u_l: 29/942 | t_u_r: 47/943 | t_u: 76/1885) -> {'max_bond': 128, 'max_links': 4, 'total_elems': 278208, 'total_shapes': 3386, 'total_links': 222, 'num_tensors': 56}
2026-07-16 21:21:29,857 [INFO] [6L/1394](swap: 8, u: 0 | c_u: 4 | t_u_l: 29/942 | t_u_r: 47/943 | t_u: 76/1885) -> {'max_bond': 128, 'max_links': 4, 'total_elems': 341408, 'total_shapes': 3856, 'total_links': 222, 'num_tensors': 56}
2026-07-16 21:21:30,209 [INFO] [11R/1490](swap: 7, u: 0 | c_u: 4 | t_u_l: 29/942 | t_u_r: 47/943 | t_u: 76/1885) -> {'max_bond': 128, 'max_links': 4, 'total_elems': 421280, 'total_shapes': 4416, 'total_links': 222, 'num_tensors': 56}
2026-07-16 21:21:30,686 [INFO]     [start unswap] -> {'max_bond': 128, 'max_links': 4, 'total_elems': 421280, 'total_shapes': 4416, 'total_links': 222, 'num_tensors': 56}
2026-07-16 21:21:32,383 [INFO]     [0 | both | 0](candidate_pairs: 28/28 | new_swaps: 5 | total: 5) -> {'max_bond': 256, 'max_links': 4, 'total_elems': 470880, 'total_shapes': 4472, 'total_links': 222, 'num_tensors': 56}
2026-07-16 21:21:33,575 [INFO]     [0 | both | 1](candidate_pairs: 27/27 | new_swaps: 10 | total: 15) -> {'max_bond': 128, 'max_links': 4, 'total_elems': 256608, 'total_shapes': 3384, 'total_links': 222, 'num_tensors': 56}
2026-07-16 21:21:33,947 [INFO]     [0 | left | 0](candidate_pairs: 28/28 | new_swaps: 10 | total: 25) -> {'max_bond': 64, 'max_links': 4, 'total_elems': 144484, 'total_shapes': 2698, 'total_links': 222, 'num_tensors': 56}
2026-07-16 21:21:34,155 [INFO]     [0 | left | 1](candidate_pairs: 27/27 | new_swaps: 14 | total: 39) -> {'max_bond': 64, 'max_links': 4, 'total_elems': 89476, 'total_shapes': 2156, 'total_links': 222, 'num_tensors': 56}
2026-07-16 21:21:34,309 [INFO]     [0 | right | 0](candidate_pairs: 28/28 | new_swaps: 7 | total: 46) -> {'max_bond': 64, 'max_links': 4, 'total_elems': 83268, 'total_shapes': 1980, 'total_links': 222, 'num_tensors': 56}
2026-07-16 21:21:34,448 [INFO]     [0 | right | 1](candidate_pairs: 27/27 | new_swaps: 8 | total: 54) -> {'max_bond': 64, 'max_links': 4, 'total_elems': 61340, 'total_shapes': 1776, 'total_links': 222, 'num_tensors': 56}
2026-07-16 21:21:34,665 [INFO]     [1 | both | 0](candidate_pairs: 28/28 | new_swaps: 14 | total: 14) -> {'max_bond': 32, 'max_links': 4, 'total_elems': 34468, 'total_shapes': 1376, 'total_links': 222, 'num_tensors': 56}
2026-07-16 21:21:34,821 [INFO]     [1 | both | 1](candidate_pairs: 27/27 | new_swaps: 7 | total: 21) -> {'max_bond': 32, 'max_links': 4, 'total_elems': 24644, 'total_shapes': 1192, 'total_links': 222, 'num_tensors': 56}
2026-07-16 21:21:34,897 [INFO]     [1 | left | 0](candidate_pairs: 28/28 | new_swaps: 6 | total: 27) -> {'max_bond': 32, 'max_links': 4, 'total_elems': 19936, 'total_shapes': 1078, 'total_links': 222, 'num_tensors': 56}
2026-07-16 21:21:34,966 [INFO]     [1 | left | 1](candidate_pairs: 27/27 | new_swaps: 6 | total: 33) -> {'max_bond': 32, 'max_links': 4, 'total_elems': 17120, 'total_shapes': 990, 'total_links': 222, 'num_tensors': 56}
2026-07-16 21:21:35,034 [INFO]     [1 | right | 0](candidate_pairs: 28/28 | new_swaps: 6 | total: 39) -> {'max_bond': 32, 'max_links': 4, 'total_elems': 13576, 'total_shapes': 928, 'total_links': 222, 'num_tensors': 56}
2026-07-16 21:21:35,093 [INFO]     [1 | right | 1](candidate_pairs: 27/27 | new_swaps: 3 | total: 42) -> {'max_bond': 32, 'max_links': 4, 'total_elems': 13272, 'total_shapes': 910, 'total_links': 222, 'num_tensors': 56}
2026-07-16 21:21:35,202 [INFO]     [2 | both | 0](candidate_pairs: 28/28 | new_swaps: 2 | total: 2) -> {'max_bond': 32, 'max_links': 4, 'total_elems': 12344, 'total_shapes': 886, 'total_links': 222, 'num_tensors': 56}
2026-07-16 21:21:35,313 [INFO]     [2 | both | 1](candidate_pairs: 27/27 | new_swaps: 4 | total: 6) -> {'max_bond': 16, 'max_links': 4, 'total_elems': 9548, 'total_shapes': 828, 'total_links': 222, 'num_tensors': 56}
2026-07-16 21:21:35,375 [INFO]     [2 | left | 0](candidate_pairs: 28/28 | new_swaps: 5 | total: 11) -> {'max_bond': 16, 'max_links': 4, 'total_elems': 8020, 'total_shapes': 780, 'total_links': 222, 'num_tensors': 56}
2026-07-16 21:21:35,430 [INFO]     [2 | left | 1](candidate_pairs: 27/27 | new_swaps: 2 | total: 13) -> {'max_bond': 16, 'max_links': 4, 'total_elems': 7192, 'total_shapes': 750, 'total_links': 222, 'num_tensors': 56}
2026-07-16 21:21:35,486 [INFO]     [2 | right | 0](candidate_pairs: 28/28 | new_swaps: 4 | total: 17) -> {'max_bond': 16, 'max_links': 4, 'total_elems': 6144, 'total_shapes': 718, 'total_links': 222, 'num_tensors': 56}
2026-07-16 21:21:35,527 [INFO]     [2 | right | 1](candidate_pairs: 27/27 | new_swaps: 1 | total: 18) -> {'max_bond': 16, 'max_links': 4, 'total_elems': 5632, 'total_shapes': 702, 'total_links': 222, 'num_tensors': 56}
2026-07-16 21:21:35,623 [INFO]     [3 | both | 0](candidate_pairs: 28/28 | new_swaps: 3 | total: 3) -> {'max_bond': 16, 'max_links': 4, 'total_elems': 5300, 'total_shapes': 684, 'total_links': 222, 'num_tensors': 56}
2026-07-16 21:21:35,721 [INFO]     [3 | both | 1](candidate_pairs: 27/27 | new_swaps: 2 | total: 5) -> {'max_bond': 16, 'max_links': 4, 'total_elems': 5096, 'total_shapes': 674, 'total_links': 222, 'num_tensors': 56}
2026-07-16 21:21:35,774 [INFO]     [3 | left | 0](candidate_pairs: 28/28 | new_swaps: 1 | total: 6) -> {'max_bond': 16, 'max_links': 4, 'total_elems': 4904, 'total_shapes': 666, 'total_links': 222, 'num_tensors': 56}
2026-07-16 21:21:35,827 [INFO]     [3 | left | 1](candidate_pairs: 27/27 | new_swaps: 1 | total: 7) -> {'max_bond': 16, 'max_links': 4, 'total_elems': 4712, 'total_shapes': 658, 'total_links': 222, 'num_tensors': 56}
2026-07-16 21:21:35,850 [INFO]     [3 | right | 0](candidate_pairs: 28/28 | new_swaps: 0 | total: 7) -> {'max_bond': 16, 'max_links': 4, 'total_elems': 4712, 'total_shapes': 658, 'total_links': 222, 'num_tensors': 56}
2026-07-16 21:21:35,893 [INFO]     [3 | right | 1](candidate_pairs: 27/27 | new_swaps: 1 | total: 8) -> {'max_bond': 16, 'max_links': 4, 'total_elems': 4664, 'total_shapes': 654, 'total_links': 222, 'num_tensors': 56}
2026-07-16 21:21:35,978 [INFO]     [4 | both | 0](candidate_pairs: 28/28 | new_swaps: 1 | total: 1) -> {'max_bond': 16, 'max_links': 4, 'total_elems': 4472, 'total_shapes': 646, 'total_links': 222, 'num_tensors': 56}
2026-07-16 21:21:36,021 [INFO]     [4 | both | 1](candidate_pairs: 27/27 | new_swaps: 0 | total: 1) -> {'max_bond': 16, 'max_links': 4, 'total_elems': 4472, 'total_shapes': 646, 'total_links': 222, 'num_tensors': 56}
2026-07-16 21:21:36,044 [INFO]     [4 | left | 0](candidate_pairs: 28/28 | new_swaps: 0 | total: 1) -> {'max_bond': 16, 'max_links': 4, 'total_elems': 4472, 'total_shapes': 646, 'total_links': 222, 'num_tensors': 56}
2026-07-16 21:21:36,087 [INFO]     [4 | left | 1](candidate_pairs: 27/27 | new_swaps: 1 | total: 2) -> {'max_bond': 16, 'max_links': 4, 'total_elems': 4280, 'total_shapes': 638, 'total_links': 222, 'num_tensors': 56}
2026-07-16 21:21:36,109 [INFO]     [4 | right | 0](candidate_pairs: 28/28 | new_swaps: 0 | total: 2) -> {'max_bond': 16, 'max_links': 4, 'total_elems': 4280, 'total_shapes': 638, 'total_links': 222, 'num_tensors': 56}
2026-07-16 21:21:36,131 [INFO]     [4 | right | 1](candidate_pairs: 27/27 | new_swaps: 0 | total: 2) -> {'max_bond': 16, 'max_links': 4, 'total_elems': 4280, 'total_shapes': 638, 'total_links': 222, 'num_tensors': 56}
2026-07-16 21:21:36,176 [INFO]     [5 | both | 0](candidate_pairs: 28/28 | new_swaps: 0 | total: 0) -> {'max_bond': 16, 'max_links': 4, 'total_elems': 4280, 'total_shapes': 638, 'total_links': 222, 'num_tensors': 56}
2026-07-16 21:21:36,223 [INFO]     [5 | both | 1](candidate_pairs: 27/27 | new_swaps: 0 | total: 0) -> {'max_bond': 16, 'max_links': 4, 'total_elems': 4280, 'total_shapes': 638, 'total_links': 222, 'num_tensors': 56}
2026-07-16 21:21:36,249 [INFO]     [5 | left | 0](candidate_pairs: 28/28 | new_swaps: 0 | total: 0) -> {'max_bond': 16, 'max_links': 4, 'total_elems': 4280, 'total_shapes': 638, 'total_links': 222, 'num_tensors': 56}
2026-07-16 21:21:36,274 [INFO]     [5 | left | 1](candidate_pairs: 27/27 | new_swaps: 0 | total: 0) -> {'max_bond': 16, 'max_links': 4, 'total_elems': 4280, 'total_shapes': 638, 'total_links': 222, 'num_tensors': 56}
2026-07-16 21:21:36,300 [INFO]     [5 | right | 0](candidate_pairs: 28/28 | new_swaps: 0 | total: 0) -> {'max_bond': 16, 'max_links': 4, 'total_elems': 4280, 'total_shapes': 638, 'total_links': 222, 'num_tensors': 56}
2026-07-16 21:21:36,323 [INFO]     [5 | right | 1](candidate_pairs: 27/27 | new_swaps: 0 | total: 0) -> {'max_bond': 16, 'max_links': 4, 'total_elems': 4280, 'total_shapes': 638, 'total_links': 222, 'num_tensors': 56}
2026-07-16 21:21:36,324 [INFO]     [end unswap] -> {'max_bond': 16, 'max_links': 4, 'total_elems': 4280, 'total_shapes': 638, 'total_links': 222, 'num_tensors': 56}
2026-07-16 21:21:37,136 [INFO] [start rewire](phase=post_unswap, cycle=9, side=left, layers=1390, trials=50, seed=123, parallel=False, route_candidates=1, route_score=none)
2026-07-16 21:21:39,684 [INFO] [end rewire](phase=post_unswap, cycle=9, side=left, routed_layers=1375, elapsed_s=2.55)
2026-07-16 21:21:39,684 [INFO] [start rewire](phase=post_unswap, cycle=9, side=right, layers=1481, trials=50, seed=123, parallel=False, route_candidates=1, route_score=none)
2026-07-16 21:21:40,941 [INFO] [end rewire](phase=post_unswap, cycle=9, side=right, routed_layers=1615, elapsed_s=1.26)
2026-07-16 21:21:41,073 [INFO] [1L/1373](swap: 10, u: 1 | c_u: 1 | t_u_l: 30/942 | t_u_r: 47/943 | t_u: 77/1885) -> {'max_bond': 16, 'max_links': 4, 'total_elems': 4280, 'total_shapes': 638, 'total_links': 222, 'num_tensors': 56}
2026-07-16 21:21:41,181 [INFO] [2L/1373](swap: 11, u: 0 | c_u: 1 | t_u_l: 30/942 | t_u_r: 47/943 | t_u: 77/1885) -> {'max_bond': 16, 'max_links': 4, 'total_elems': 4680, 'total_shapes': 680, 'total_links': 222, 'num_tensors': 56}
2026-07-16 21:21:41,264 [INFO] [1R/1613](swap: 10, u: 0 | c_u: 1 | t_u_l: 30/942 | t_u_r: 47/943 | t_u: 77/1885) -> {'max_bond': 16, 'max_links': 4, 'total_elems': 5700, 'total_shapes': 748, 'total_links': 222, 'num_tensors': 56}
2026-07-16 21:21:41,351 [INFO] [3L/1373](swap: 12, u: 1 | c_u: 2 | t_u_l: 31/942 | t_u_r: 47/943 | t_u: 78/1885) -> {'max_bond': 32, 'max_links': 4, 'total_elems': 7732, 'total_shapes': 828, 'total_links': 222, 'num_tensors': 56}
2026-07-16 21:21:41,437 [INFO] [4L/1373](swap: 14, u: 0 | c_u: 2 | t_u_l: 31/942 | t_u_r: 47/943 | t_u: 78/1885) -> {'max_bond': 32, 'max_links': 4, 'total_elems': 12972, 'total_shapes': 932, 'total_links': 222, 'num_tensors': 56}
2026-07-16 21:21:41,527 [INFO] [2R/1613](swap: 10, u: 0 | c_u: 2 | t_u_l: 31/942 | t_u_r: 47/943 | t_u: 78/1885) -> {'max_bond': 32, 'max_links': 4, 'total_elems': 20004, 'total_shapes': 1084, 'total_links': 222, 'num_tensors': 56}
2026-07-16 21:21:41,633 [INFO] [5L/1373](swap: 14, u: 0 | c_u: 2 | t_u_l: 31/942 | t_u_r: 47/943 | t_u: 78/1885) -> {'max_bond': 32, 'max_links': 4, 'total_elems': 26848, 'total_shapes': 1270, 'total_links': 222, 'num_tensors': 56}
2026-07-16 21:21:41,754 [INFO] [3R/1613](swap: 12, u: 0 | c_u: 2 | t_u_l: 31/942 | t_u_r: 47/943 | t_u: 78/1885) -> {'max_bond': 128, 'max_links': 4, 'total_elems': 65960, 'total_shapes': 1762, 'total_links': 222, 'num_tensors': 56}
2026-07-16 21:21:41,916 [INFO] [6L/1373](swap: 14, u: 0 | c_u: 2 | t_u_l: 31/942 | t_u_r: 47/943 | t_u: 78/1885) -> {'max_bond': 64, 'max_links': 4, 'total_elems': 74880, 'total_shapes': 1908, 'total_links': 222, 'num_tensors': 56}
2026-07-16 21:21:42,096 [INFO] [7L/1373](swap: 13, u: 1 | c_u: 3 | t_u_l: 32/942 | t_u_r: 47/943 | t_u: 79/1885) -> {'max_bond': 128, 'max_links': 4, 'total_elems': 130944, 'total_shapes': 2476, 'total_links': 222, 'num_tensors': 56}
2026-07-16 21:21:42,324 [INFO] [4R/1613](swap: 10, u: 0 | c_u: 3 | t_u_l: 32/942 | t_u_r: 47/943 | t_u: 79/1885) -> {'max_bond': 128, 'max_links': 4, 'total_elems': 188928, 'total_shapes': 2812, 'total_links': 222, 'num_tensors': 56}
2026-07-16 21:21:42,637 [INFO] [5R/1613](swap: 8, u: 2 | c_u: 5 | t_u_l: 32/942 | t_u_r: 49/943 | t_u: 81/1885) -> {'max_bond': 256, 'max_links': 4, 'total_elems': 302368, 'total_shapes': 3304, 'total_links': 222, 'num_tensors': 56}
2026-07-16 21:21:43,131 [INFO] [6R/1613](swap: 9, u: 1 | c_u: 6 | t_u_l: 32/942 | t_u_r: 50/943 | t_u: 82/1885) -> {'max_bond': 256, 'max_links': 4, 'total_elems': 338720, 'total_shapes': 3672, 'total_links': 222, 'num_tensors': 56}
2026-07-16 21:21:43,687 [INFO] [7R/1613](swap: 7, u: 1 | c_u: 7 | t_u_l: 32/942 | t_u_r: 51/943 | t_u: 83/1885) -> {'max_bond': 256, 'max_links': 4, 'total_elems': 458912, 'total_shapes': 4176, 'total_links': 222, 'num_tensors': 56}
2026-07-16 21:21:44,431 [INFO]     [start unswap] -> {'max_bond': 256, 'max_links': 4, 'total_elems': 458912, 'total_shapes': 4176, 'total_links': 222, 'num_tensors': 56}
2026-07-16 21:21:47,233 [INFO]     [0 | both | 0](candidate_pairs: 28/28 | new_swaps: 1 | total: 1) -> {'max_bond': 256, 'max_links': 4, 'total_elems': 791840, 'total_shapes': 5128, 'total_links': 222, 'num_tensors': 56}
2026-07-16 21:21:49,386 [INFO]     [0 | both | 1](candidate_pairs: 27/27 | new_swaps: 10 | total: 11) -> {'max_bond': 256, 'max_links': 4, 'total_elems': 335904, 'total_shapes': 3672, 'total_links': 222, 'num_tensors': 56}
2026-07-16 21:21:49,861 [INFO]     [0 | left | 0](candidate_pairs: 28/28 | new_swaps: 15 | total: 26) -> {'max_bond': 128, 'max_links': 4, 'total_elems': 208736, 'total_shapes': 2746, 'total_links': 222, 'num_tensors': 56}
2026-07-16 21:21:50,316 [INFO]     [0 | left | 1](candidate_pairs: 27/27 | new_swaps: 12 | total: 38) -> {'max_bond': 128, 'max_links': 4, 'total_elems': 163424, 'total_shapes': 2442, 'total_links': 222, 'num_tensors': 56}
2026-07-16 21:21:50,557 [INFO]     [0 | right | 0](candidate_pairs: 28/28 | new_swaps: 6 | total: 44) -> {'max_bond': 64, 'max_links': 4, 'total_elems': 119312, 'total_shapes': 2118, 'total_links': 222, 'num_tensors': 56}
2026-07-16 21:21:50,742 [INFO]     [0 | right | 1](candidate_pairs: 27/27 | new_swaps: 4 | total: 48) -> {'max_bond': 64, 'max_links': 4, 'total_elems': 85624, 'total_shapes': 1888, 'total_links': 222, 'num_tensors': 56}
2026-07-16 21:21:51,011 [INFO]     [1 | both | 0](candidate_pairs: 28/28 | new_swaps: 8 | total: 8) -> {'max_bond': 64, 'max_links': 4, 'total_elems': 49480, 'total_shapes': 1552, 'total_links': 222, 'num_tensors': 56}
2026-07-16 21:21:51,206 [INFO]     [1 | both | 1](candidate_pairs: 27/27 | new_swaps: 7 | total: 15) -> {'max_bond': 32, 'max_links': 4, 'total_elems': 30120, 'total_shapes': 1310, 'total_links': 222, 'num_tensors': 56}
2026-07-16 21:21:51,301 [INFO]     [1 | left | 0](candidate_pairs: 28/28 | new_swaps: 7 | total: 22) -> {'max_bond': 32, 'max_links': 4, 'total_elems': 24260, 'total_shapes': 1198, 'total_links': 222, 'num_tensors': 56}
2026-07-16 21:21:51,369 [INFO]     [1 | left | 1](candidate_pairs: 27/27 | new_swaps: 2 | total: 24) -> {'max_bond': 32, 'max_links': 4, 'total_elems': 21060, 'total_shapes': 1148, 'total_links': 222, 'num_tensors': 56}
2026-07-16 21:21:51,431 [INFO]     [1 | right | 0](candidate_pairs: 28/28 | new_swaps: 1 | total: 25) -> {'max_bond': 32, 'max_links': 4, 'total_elems': 20292, 'total_shapes': 1132, 'total_links': 222, 'num_tensors': 56}
2026-07-16 21:21:51,508 [INFO]     [1 | right | 1](candidate_pairs: 27/27 | new_swaps: 2 | total: 27) -> {'max_bond': 32, 'max_links': 4, 'total_elems': 19140, 'total_shapes': 1104, 'total_links': 222, 'num_tensors': 56}
2026-07-16 21:21:52,520 [INFO]     [2 | both | 0](candidate_pairs: 28/28 | new_swaps: 5 | total: 5) -> {'max_bond': 16, 'max_links': 4, 'total_elems': 15876, 'total_shapes': 1032, 'total_links': 222, 'num_tensors': 56}
2026-07-16 21:21:52,645 [INFO]     [2 | both | 1](candidate_pairs: 27/27 | new_swaps: 3 | total: 8) -> {'max_bond': 16, 'max_links': 4, 'total_elems': 14676, 'total_shapes': 996, 'total_links': 222, 'num_tensors': 56}
2026-07-16 21:21:52,715 [INFO]     [2 | left | 0](candidate_pairs: 28/28 | new_swaps: 4 | total: 12) -> {'max_bond': 16, 'max_links': 4, 'total_elems': 13172, 'total_shapes': 956, 'total_links': 222, 'num_tensors': 56}
2026-07-16 21:21:52,779 [INFO]     [2 | left | 1](candidate_pairs: 27/27 | new_swaps: 3 | total: 15) -> {'max_bond': 16, 'max_links': 4, 'total_elems': 11684, 'total_shapes': 920, 'total_links': 222, 'num_tensors': 56}
2026-07-16 21:21:52,807 [INFO]     [2 | right | 0](candidate_pairs: 28/28 | new_swaps: 0 | total: 15) -> {'max_bond': 16, 'max_links': 4, 'total_elems': 11684, 'total_shapes': 920, 'total_links': 222, 'num_tensors': 56}
2026-07-16 21:21:52,867 [INFO]     [2 | right | 1](candidate_pairs: 27/27 | new_swaps: 1 | total: 16) -> {'max_bond': 16, 'max_links': 4, 'total_elems': 11612, 'total_shapes': 914, 'total_links': 222, 'num_tensors': 56}
2026-07-16 21:21:52,982 [INFO]     [3 | both | 0](candidate_pairs: 28/28 | new_swaps: 9 | total: 9) -> {'max_bond': 16, 'max_links': 4, 'total_elems': 9236, 'total_shapes': 846, 'total_links': 222, 'num_tensors': 56}
2026-07-16 21:21:53,087 [INFO]     [3 | both | 1](candidate_pairs: 27/27 | new_swaps: 7 | total: 16) -> {'max_bond': 16, 'max_links': 4, 'total_elems': 6092, 'total_shapes': 736, 'total_links': 222, 'num_tensors': 56}
2026-07-16 21:21:53,141 [INFO]     [3 | left | 0](candidate_pairs: 28/28 | new_swaps: 2 | total: 18) -> {'max_bond': 16, 'max_links': 4, 'total_elems': 5960, 'total_shapes': 722, 'total_links': 222, 'num_tensors': 56}
2026-07-16 21:21:53,183 [INFO]     [3 | left | 1](candidate_pairs: 27/27 | new_swaps: 1 | total: 19) -> {'max_bond': 16, 'max_links': 4, 'total_elems': 5768, 'total_shapes': 714, 'total_links': 222, 'num_tensors': 56}
2026-07-16 21:21:53,237 [INFO]     [3 | right | 0](candidate_pairs: 28/28 | new_swaps: 4 | total: 23) -> {'max_bond': 16, 'max_links': 4, 'total_elems': 4800, 'total_shapes': 676, 'total_links': 222, 'num_tensors': 56}
2026-07-16 21:21:53,289 [INFO]     [3 | right | 1](candidate_pairs: 27/27 | new_swaps: 2 | total: 25) -> {'max_bond': 8, 'max_links': 4, 'total_elems': 4228, 'total_shapes': 654, 'total_links': 222, 'num_tensors': 56}
2026-07-16 21:21:53,380 [INFO]     [4 | both | 0](candidate_pairs: 28/28 | new_swaps: 3 | total: 3) -> {'max_bond': 8, 'max_links': 4, 'total_elems': 3796, 'total_shapes': 630, 'total_links': 222, 'num_tensors': 56}
2026-07-16 21:21:53,471 [INFO]     [4 | both | 1](candidate_pairs: 27/27 | new_swaps: 2 | total: 5) -> {'max_bond': 8, 'max_links': 4, 'total_elems': 3592, 'total_shapes': 620, 'total_links': 222, 'num_tensors': 56}
2026-07-16 21:21:53,522 [INFO]     [4 | left | 0](candidate_pairs: 28/28 | new_swaps: 1 | total: 6) -> {'max_bond': 8, 'max_links': 4, 'total_elems': 3464, 'total_shapes': 612, 'total_links': 222, 'num_tensors': 56}
2026-07-16 21:21:53,544 [INFO]     [4 | left | 1](candidate_pairs: 27/27 | new_swaps: 0 | total: 6) -> {'max_bond': 8, 'max_links': 4, 'total_elems': 3464, 'total_shapes': 612, 'total_links': 222, 'num_tensors': 56}
2026-07-16 21:21:53,594 [INFO]     [4 | right | 0](candidate_pairs: 28/28 | new_swaps: 2 | total: 8) -> {'max_bond': 8, 'max_links': 4, 'total_elems': 3360, 'total_shapes': 604, 'total_links': 222, 'num_tensors': 56}
2026-07-16 21:21:53,633 [INFO]     [4 | right | 1](candidate_pairs: 27/27 | new_swaps: 1 | total: 9) -> {'max_bond': 8, 'max_links': 4, 'total_elems': 3312, 'total_shapes': 600, 'total_links': 222, 'num_tensors': 56}
2026-07-16 21:21:53,710 [INFO]     [5 | both | 0](candidate_pairs: 28/28 | new_swaps: 1 | total: 1) -> {'max_bond': 8, 'max_links': 4, 'total_elems': 3300, 'total_shapes': 598, 'total_links': 222, 'num_tensors': 56}
2026-07-16 21:21:53,753 [INFO]     [5 | both | 1](candidate_pairs: 27/27 | new_swaps: 0 | total: 1) -> {'max_bond': 8, 'max_links': 4, 'total_elems': 3300, 'total_shapes': 598, 'total_links': 222, 'num_tensors': 56}
2026-07-16 21:21:53,775 [INFO]     [5 | left | 0](candidate_pairs: 28/28 | new_swaps: 0 | total: 1) -> {'max_bond': 8, 'max_links': 4, 'total_elems': 3300, 'total_shapes': 598, 'total_links': 222, 'num_tensors': 56}
2026-07-16 21:21:53,796 [INFO]     [5 | left | 1](candidate_pairs: 27/27 | new_swaps: 0 | total: 1) -> {'max_bond': 8, 'max_links': 4, 'total_elems': 3300, 'total_shapes': 598, 'total_links': 222, 'num_tensors': 56}
2026-07-16 21:21:53,818 [INFO]     [5 | right | 0](candidate_pairs: 28/28 | new_swaps: 0 | total: 1) -> {'max_bond': 8, 'max_links': 4, 'total_elems': 3300, 'total_shapes': 598, 'total_links': 222, 'num_tensors': 56}
2026-07-16 21:21:53,839 [INFO]     [5 | right | 1](candidate_pairs: 27/27 | new_swaps: 0 | total: 1) -> {'max_bond': 8, 'max_links': 4, 'total_elems': 3300, 'total_shapes': 598, 'total_links': 222, 'num_tensors': 56}
2026-07-16 21:21:53,882 [INFO]     [6 | both | 0](candidate_pairs: 28/28 | new_swaps: 0 | total: 0) -> {'max_bond': 8, 'max_links': 4, 'total_elems': 3300, 'total_shapes': 598, 'total_links': 222, 'num_tensors': 56}
2026-07-16 21:21:53,930 [INFO]     [6 | both | 1](candidate_pairs: 27/27 | new_swaps: 0 | total: 0) -> {'max_bond': 8, 'max_links': 4, 'total_elems': 3300, 'total_shapes': 598, 'total_links': 222, 'num_tensors': 56}
2026-07-16 21:21:53,954 [INFO]     [6 | left | 0](candidate_pairs: 28/28 | new_swaps: 0 | total: 0) -> {'max_bond': 8, 'max_links': 4, 'total_elems': 3300, 'total_shapes': 598, 'total_links': 222, 'num_tensors': 56}
2026-07-16 21:21:53,977 [INFO]     [6 | left | 1](candidate_pairs: 27/27 | new_swaps: 0 | total: 0) -> {'max_bond': 8, 'max_links': 4, 'total_elems': 3300, 'total_shapes': 598, 'total_links': 222, 'num_tensors': 56}
2026-07-16 21:21:53,999 [INFO]     [6 | right | 0](candidate_pairs: 28/28 | new_swaps: 0 | total: 0) -> {'max_bond': 8, 'max_links': 4, 'total_elems': 3300, 'total_shapes': 598, 'total_links': 222, 'num_tensors': 56}
2026-07-16 21:21:54,023 [INFO]     [6 | right | 1](candidate_pairs: 27/27 | new_swaps: 0 | total: 0) -> {'max_bond': 8, 'max_links': 4, 'total_elems': 3300, 'total_shapes': 598, 'total_links': 222, 'num_tensors': 56}
2026-07-16 21:21:54,023 [INFO]     [end unswap] -> {'max_bond': 8, 'max_links': 4, 'total_elems': 3300, 'total_shapes': 598, 'total_links': 222, 'num_tensors': 56}
2026-07-16 21:21:55,198 [INFO] [start rewire](phase=post_unswap, cycle=10, side=left, layers=1368, trials=50, seed=123, parallel=False, route_candidates=1, route_score=none)
2026-07-16 21:21:56,621 [INFO] [end rewire](phase=post_unswap, cycle=10, side=left, routed_layers=1327, elapsed_s=1.42)
2026-07-16 21:21:56,621 [INFO] [start rewire](phase=post_unswap, cycle=10, side=right, layers=1608, trials=50, seed=123, parallel=False, route_candidates=1, route_score=none)
2026-07-16 21:21:58,314 [INFO] [end rewire](phase=post_unswap, cycle=10, side=right, routed_layers=1549, elapsed_s=1.69)
2026-07-16 21:21:58,460 [INFO] [1L/1325](swap: 9, u: 1 | c_u: 1 | t_u_l: 33/942 | t_u_r: 51/943 | t_u: 84/1885) -> {'max_bond': 8, 'max_links': 4, 'total_elems': 3340, 'total_shapes': 602, 'total_links': 222, 'num_tensors': 56}
2026-07-16 21:21:58,548 [INFO] [2L/1325](swap: 10, u: 0 | c_u: 1 | t_u_l: 33/942 | t_u_r: 51/943 | t_u: 84/1885) -> {'max_bond': 16, 'max_links': 4, 'total_elems': 4892, 'total_shapes': 690, 'total_links': 222, 'num_tensors': 56}
2026-07-16 21:21:58,635 [INFO] [1R/1547](swap: 9, u: 0 | c_u: 1 | t_u_l: 33/942 | t_u_r: 51/943 | t_u: 84/1885) -> {'max_bond': 16, 'max_links': 4, 'total_elems': 5736, 'total_shapes': 734, 'total_links': 222, 'num_tensors': 56}
2026-07-16 21:21:58,725 [INFO] [2R/1547](swap: 7, u: 1 | c_u: 2 | t_u_l: 33/942 | t_u_r: 52/943 | t_u: 85/1885) -> {'max_bond': 32, 'max_links': 4, 'total_elems': 8620, 'total_shapes': 824, 'total_links': 222, 'num_tensors': 56}
2026-07-16 21:21:58,819 [INFO] [3R/1547](swap: 10, u: 0 | c_u: 2 | t_u_l: 33/942 | t_u_r: 52/943 | t_u: 85/1885) -> {'max_bond': 32, 'max_links': 4, 'total_elems': 11620, 'total_shapes': 920, 'total_links': 222, 'num_tensors': 56}
2026-07-16 21:21:58,911 [INFO] [3L/1325](swap: 11, u: 0 | c_u: 2 | t_u_l: 33/942 | t_u_r: 52/943 | t_u: 85/1885) -> {'max_bond': 32, 'max_links': 4, 'total_elems': 15220, 'total_shapes': 1002, 'total_links': 222, 'num_tensors': 56}
2026-07-16 21:21:59,008 [INFO] [4R/1547](swap: 11, u: 0 | c_u: 2 | t_u_l: 33/942 | t_u_r: 52/943 | t_u: 85/1885) -> {'max_bond': 32, 'max_links': 4, 'total_elems': 21652, 'total_shapes': 1180, 'total_links': 222, 'num_tensors': 56}
2026-07-16 21:21:59,113 [INFO] [4L/1325](swap: 12, u: 0 | c_u: 2 | t_u_l: 33/942 | t_u_r: 52/943 | t_u: 85/1885) -> {'max_bond': 32, 'max_links': 4, 'total_elems': 30980, 'total_shapes': 1400, 'total_links': 222, 'num_tensors': 56}
2026-07-16 21:21:59,230 [INFO] [5L/1325](swap: 8, u: 1 | c_u: 3 | t_u_l: 34/942 | t_u_r: 52/943 | t_u: 86/1885) -> {'max_bond': 32, 'max_links': 4, 'total_elems': 49088, 'total_shapes': 1678, 'total_links': 222, 'num_tensors': 56}
2026-07-16 21:21:59,365 [INFO] [5R/1547](swap: 9, u: 1 | c_u: 4 | t_u_l: 34/942 | t_u_r: 53/943 | t_u: 87/1885) -> {'max_bond': 64, 'max_links': 4, 'total_elems': 81024, 'total_shapes': 2038, 'total_links': 222, 'num_tensors': 56}
2026-07-16 21:21:59,540 [INFO] [6L/1325](swap: 8, u: 0 | c_u: 4 | t_u_l: 34/942 | t_u_r: 53/943 | t_u: 87/1885) -> {'max_bond': 128, 'max_links': 4, 'total_elems': 135168, 'total_shapes': 2558, 'total_links': 222, 'num_tensors': 56}
2026-07-16 21:21:59,806 [INFO] [6R/1547](swap: 9, u: 0 | c_u: 4 | t_u_l: 34/942 | t_u_r: 53/943 | t_u: 87/1885) -> {'max_bond': 128, 'max_links': 4, 'total_elems': 226304, 'total_shapes': 3150, 'total_links': 222, 'num_tensors': 56}
2026-07-16 21:22:00,212 [INFO] [7L/1325](swap: 9, u: 0 | c_u: 4 | t_u_l: 34/942 | t_u_r: 53/943 | t_u: 87/1885) -> {'max_bond': 128, 'max_links': 4, 'total_elems': 366536, 'total_shapes': 3684, 'total_links': 222, 'num_tensors': 56}
2026-07-16 21:22:00,807 [INFO]     [start unswap] -> {'max_bond': 128, 'max_links': 4, 'total_elems': 366536, 'total_shapes': 3684, 'total_links': 222, 'num_tensors': 56}
2026-07-16 21:22:03,176 [INFO]     [0 | both | 0](candidate_pairs: 28/28 | new_swaps: 8 | total: 8) -> {'max_bond': 256, 'max_links': 4, 'total_elems': 398408, 'total_shapes': 3584, 'total_links': 222, 'num_tensors': 56}
2026-07-16 21:22:04,120 [INFO]     [0 | both | 1](candidate_pairs: 27/27 | new_swaps: 11 | total: 19) -> {'max_bond': 128, 'max_links': 4, 'total_elems': 142664, 'total_shapes': 2392, 'total_links': 222, 'num_tensors': 56}
2026-07-16 21:22:04,326 [INFO]     [0 | left | 0](candidate_pairs: 28/28 | new_swaps: 12 | total: 31) -> {'max_bond': 128, 'max_links': 4, 'total_elems': 118560, 'total_shapes': 2016, 'total_links': 222, 'num_tensors': 56}
2026-07-16 21:22:04,543 [INFO]     [0 | left | 1](candidate_pairs: 27/27 | new_swaps: 9 | total: 40) -> {'max_bond': 128, 'max_links': 4, 'total_elems': 91816, 'total_shapes': 1832, 'total_links': 222, 'num_tensors': 56}
2026-07-16 21:22:04,691 [INFO]     [0 | right | 0](candidate_pairs: 28/28 | new_swaps: 7 | total: 47) -> {'max_bond': 64, 'max_links': 4, 'total_elems': 46276, 'total_shapes': 1454, 'total_links': 222, 'num_tensors': 56}
2026-07-16 21:22:04,787 [INFO]     [0 | right | 1](candidate_pairs: 27/27 | new_swaps: 6 | total: 53) -> {'max_bond': 32, 'max_links': 4, 'total_elems': 29380, 'total_shapes': 1222, 'total_links': 222, 'num_tensors': 56}
2026-07-16 21:22:04,935 [INFO]     [1 | both | 0](candidate_pairs: 28/28 | new_swaps: 4 | total: 4) -> {'max_bond': 32, 'max_links': 4, 'total_elems': 24964, 'total_shapes': 1134, 'total_links': 222, 'num_tensors': 56}
2026-07-16 21:22:05,081 [INFO]     [1 | both | 1](candidate_pairs: 27/27 | new_swaps: 5 | total: 9) -> {'max_bond': 32, 'max_links': 4, 'total_elems': 20556, 'total_shapes': 1062, 'total_links': 222, 'num_tensors': 56}
2026-07-16 21:22:05,155 [INFO]     [1 | left | 0](candidate_pairs: 28/28 | new_swaps: 6 | total: 15) -> {'max_bond': 32, 'max_links': 4, 'total_elems': 14044, 'total_shapes': 948, 'total_links': 222, 'num_tensors': 56}
2026-07-16 21:22:05,217 [INFO]     [1 | left | 1](candidate_pairs: 27/27 | new_swaps: 2 | total: 17) -> {'max_bond': 16, 'max_links': 4, 'total_elems': 10748, 'total_shapes': 890, 'total_links': 222, 'num_tensors': 56}
2026-07-16 21:22:05,278 [INFO]     [1 | right | 0](candidate_pairs: 28/28 | new_swaps: 5 | total: 22) -> {'max_bond': 16, 'max_links': 4, 'total_elems': 9172, 'total_shapes': 840, 'total_links': 222, 'num_tensors': 56}
2026-07-16 21:22:05,341 [INFO]     [1 | right | 1](candidate_pairs: 27/27 | new_swaps: 6 | total: 28) -> {'max_bond': 16, 'max_links': 4, 'total_elems': 7144, 'total_shapes': 766, 'total_links': 222, 'num_tensors': 56}
2026-07-16 21:22:05,444 [INFO]     [2 | both | 0](candidate_pairs: 28/28 | new_swaps: 5 | total: 5) -> {'max_bond': 16, 'max_links': 4, 'total_elems': 6012, 'total_shapes': 718, 'total_links': 222, 'num_tensors': 56}
2026-07-16 21:22:05,548 [INFO]     [2 | both | 1](candidate_pairs: 27/27 | new_swaps: 4 | total: 9) -> {'max_bond': 16, 'max_links': 4, 'total_elems': 5704, 'total_shapes': 700, 'total_links': 222, 'num_tensors': 56}
2026-07-16 21:22:05,593 [INFO]     [2 | left | 0](candidate_pairs: 28/28 | new_swaps: 1 | total: 10) -> {'max_bond': 16, 'max_links': 4, 'total_elems': 4892, 'total_shapes': 682, 'total_links': 222, 'num_tensors': 56}
2026-07-16 21:22:05,649 [INFO]     [2 | left | 1](candidate_pairs: 27/27 | new_swaps: 2 | total: 12) -> {'max_bond': 16, 'max_links': 4, 'total_elems': 4060, 'total_shapes': 650, 'total_links': 222, 'num_tensors': 56}
2026-07-16 21:22:05,703 [INFO]     [2 | right | 0](candidate_pairs: 28/28 | new_swaps: 4 | total: 16) -> {'max_bond': 8, 'max_links': 4, 'total_elems': 3228, 'total_shapes': 610, 'total_links': 222, 'num_tensors': 56}
2026-07-16 21:22:05,757 [INFO]     [2 | right | 1](candidate_pairs: 27/27 | new_swaps: 3 | total: 19) -> {'max_bond': 8, 'max_links': 4, 'total_elems': 2948, 'total_shapes': 590, 'total_links': 222, 'num_tensors': 56}
2026-07-16 21:22:05,851 [INFO]     [3 | both | 0](candidate_pairs: 28/28 | new_swaps: 4 | total: 4) -> {'max_bond': 8, 'max_links': 4, 'total_elems': 2528, 'total_shapes': 560, 'total_links': 222, 'num_tensors': 56}
2026-07-16 21:22:05,894 [INFO]     [3 | both | 1](candidate_pairs: 27/27 | new_swaps: 0 | total: 4) -> {'max_bond': 8, 'max_links': 4, 'total_elems': 2528, 'total_shapes': 560, 'total_links': 222, 'num_tensors': 56}
2026-07-16 21:22:05,946 [INFO]     [3 | left | 0](candidate_pairs: 28/28 | new_swaps: 1 | total: 5) -> {'max_bond': 8, 'max_links': 4, 'total_elems': 2468, 'total_shapes': 554, 'total_links': 222, 'num_tensors': 56}
2026-07-16 21:22:05,968 [INFO]     [3 | left | 1](candidate_pairs: 27/27 | new_swaps: 0 | total: 5) -> {'max_bond': 8, 'max_links': 4, 'total_elems': 2468, 'total_shapes': 554, 'total_links': 222, 'num_tensors': 56}
2026-07-16 21:22:05,990 [INFO]     [3 | right | 0](candidate_pairs: 28/28 | new_swaps: 0 | total: 5) -> {'max_bond': 8, 'max_links': 4, 'total_elems': 2468, 'total_shapes': 554, 'total_links': 222, 'num_tensors': 56}
2026-07-16 21:22:06,042 [INFO]     [3 | right | 1](candidate_pairs: 27/27 | new_swaps: 2 | total: 7) -> {'max_bond': 8, 'max_links': 4, 'total_elems': 2380, 'total_shapes': 546, 'total_links': 222, 'num_tensors': 56}
2026-07-16 21:22:06,133 [INFO]     [4 | both | 0](candidate_pairs: 28/28 | new_swaps: 1 | total: 1) -> {'max_bond': 8, 'max_links': 4, 'total_elems': 2332, 'total_shapes': 542, 'total_links': 222, 'num_tensors': 56}
2026-07-16 21:22:06,176 [INFO]     [4 | both | 1](candidate_pairs: 27/27 | new_swaps: 0 | total: 1) -> {'max_bond': 8, 'max_links': 4, 'total_elems': 2332, 'total_shapes': 542, 'total_links': 222, 'num_tensors': 56}
2026-07-16 21:22:06,198 [INFO]     [4 | left | 0](candidate_pairs: 28/28 | new_swaps: 0 | total: 1) -> {'max_bond': 8, 'max_links': 4, 'total_elems': 2332, 'total_shapes': 542, 'total_links': 222, 'num_tensors': 56}
2026-07-16 21:22:06,220 [INFO]     [4 | left | 1](candidate_pairs: 27/27 | new_swaps: 0 | total: 1) -> {'max_bond': 8, 'max_links': 4, 'total_elems': 2332, 'total_shapes': 542, 'total_links': 222, 'num_tensors': 56}
2026-07-16 21:22:06,242 [INFO]     [4 | right | 0](candidate_pairs: 28/28 | new_swaps: 0 | total: 1) -> {'max_bond': 8, 'max_links': 4, 'total_elems': 2332, 'total_shapes': 542, 'total_links': 222, 'num_tensors': 56}
2026-07-16 21:22:06,282 [INFO]     [4 | right | 1](candidate_pairs: 27/27 | new_swaps: 1 | total: 2) -> {'max_bond': 8, 'max_links': 4, 'total_elems': 2284, 'total_shapes': 538, 'total_links': 222, 'num_tensors': 56}
2026-07-16 21:22:06,325 [INFO]     [5 | both | 0](candidate_pairs: 28/28 | new_swaps: 0 | total: 0) -> {'max_bond': 8, 'max_links': 4, 'total_elems': 2284, 'total_shapes': 538, 'total_links': 222, 'num_tensors': 56}
2026-07-16 21:22:06,369 [INFO]     [5 | both | 1](candidate_pairs: 27/27 | new_swaps: 0 | total: 0) -> {'max_bond': 8, 'max_links': 4, 'total_elems': 2284, 'total_shapes': 538, 'total_links': 222, 'num_tensors': 56}
2026-07-16 21:22:06,391 [INFO]     [5 | left | 0](candidate_pairs: 28/28 | new_swaps: 0 | total: 0) -> {'max_bond': 8, 'max_links': 4, 'total_elems': 2284, 'total_shapes': 538, 'total_links': 222, 'num_tensors': 56}
2026-07-16 21:22:06,413 [INFO]     [5 | left | 1](candidate_pairs: 27/27 | new_swaps: 0 | total: 0) -> {'max_bond': 8, 'max_links': 4, 'total_elems': 2284, 'total_shapes': 538, 'total_links': 222, 'num_tensors': 56}
2026-07-16 21:22:06,435 [INFO]     [5 | right | 0](candidate_pairs: 28/28 | new_swaps: 0 | total: 0) -> {'max_bond': 8, 'max_links': 4, 'total_elems': 2284, 'total_shapes': 538, 'total_links': 222, 'num_tensors': 56}
2026-07-16 21:22:06,456 [INFO]     [5 | right | 1](candidate_pairs: 27/27 | new_swaps: 0 | total: 0) -> {'max_bond': 8, 'max_links': 4, 'total_elems': 2284, 'total_shapes': 538, 'total_links': 222, 'num_tensors': 56}
2026-07-16 21:22:06,457 [INFO]     [end unswap] -> {'max_bond': 8, 'max_links': 4, 'total_elems': 2284, 'total_shapes': 538, 'total_links': 222, 'num_tensors': 56}
2026-07-16 21:22:07,455 [INFO] [start rewire](phase=post_unswap, cycle=11, side=left, layers=1320, trials=50, seed=123, parallel=False, route_candidates=1, route_score=none)
2026-07-16 21:22:09,008 [INFO] [end rewire](phase=post_unswap, cycle=11, side=left, routed_layers=1488, elapsed_s=1.55)
2026-07-16 21:22:09,008 [INFO] [start rewire](phase=post_unswap, cycle=11, side=right, layers=1543, trials=50, seed=123, parallel=False, route_candidates=1, route_score=none)
2026-07-16 21:22:10,703 [INFO] [end rewire](phase=post_unswap, cycle=11, side=right, routed_layers=1654, elapsed_s=1.69)
2026-07-16 21:22:10,850 [INFO] [1L/1486](swap: 10, u: 0 | c_u: 0 | t_u_l: 34/942 | t_u_r: 53/943 | t_u: 87/1885) -> {'max_bond': 8, 'max_links': 4, 'total_elems': 2284, 'total_shapes': 538, 'total_links': 222, 'num_tensors': 56}
2026-07-16 21:22:10,940 [INFO] [1R/1652](swap: 10, u: 0 | c_u: 0 | t_u_l: 34/942 | t_u_r: 53/943 | t_u: 87/1885) -> {'max_bond': 8, 'max_links': 4, 'total_elems': 3000, 'total_shapes': 596, 'total_links': 222, 'num_tensors': 56}
2026-07-16 21:22:11,030 [INFO] [2L/1486](swap: 11, u: 0 | c_u: 0 | t_u_l: 34/942 | t_u_r: 53/943 | t_u: 87/1885) -> {'max_bond': 16, 'max_links': 4, 'total_elems': 4508, 'total_shapes': 684, 'total_links': 222, 'num_tensors': 56}
2026-07-16 21:22:11,122 [INFO] [3L/1486](swap: 10, u: 0 | c_u: 0 | t_u_l: 34/942 | t_u_r: 53/943 | t_u: 87/1885) -> {'max_bond': 16, 'max_links': 4, 'total_elems': 6576, 'total_shapes': 766, 'total_links': 222, 'num_tensors': 56}
2026-07-16 21:22:11,215 [INFO] [4L/1486](swap: 9, u: 1 | c_u: 1 | t_u_l: 35/942 | t_u_r: 53/943 | t_u: 88/1885) -> {'max_bond': 16, 'max_links': 4, 'total_elems': 9528, 'total_shapes': 876, 'total_links': 222, 'num_tensors': 56}
2026-07-16 21:22:11,312 [INFO] [2R/1652](swap: 9, u: 0 | c_u: 1 | t_u_l: 35/942 | t_u_r: 53/943 | t_u: 88/1885) -> {'max_bond': 32, 'max_links': 4, 'total_elems': 13332, 'total_shapes': 1012, 'total_links': 222, 'num_tensors': 56}
2026-07-16 21:22:11,412 [INFO] [3R/1652](swap: 9, u: 1 | c_u: 2 | t_u_l: 35/942 | t_u_r: 54/943 | t_u: 89/1885) -> {'max_bond': 32, 'max_links': 4, 'total_elems': 18416, 'total_shapes': 1120, 'total_links': 222, 'num_tensors': 56}
2026-07-16 21:22:11,516 [INFO] [4R/1652](swap: 10, u: 0 | c_u: 2 | t_u_l: 35/942 | t_u_r: 54/943 | t_u: 89/1885) -> {'max_bond': 32, 'max_links': 4, 'total_elems': 29040, 'total_shapes': 1328, 'total_links': 222, 'num_tensors': 56}
2026-07-16 21:22:11,626 [INFO] [5L/1486](swap: 5, u: 1 | c_u: 3 | t_u_l: 36/942 | t_u_r: 54/943 | t_u: 90/1885) -> {'max_bond': 32, 'max_links': 4, 'total_elems': 41112, 'total_shapes': 1548, 'total_links': 222, 'num_tensors': 56}
2026-07-16 21:22:11,746 [INFO] [6L/1486](swap: 4, u: 1 | c_u: 4 | t_u_l: 37/942 | t_u_r: 54/943 | t_u: 91/1885) -> {'max_bond': 32, 'max_links': 4, 'total_elems': 51320, 'total_shapes': 1666, 'total_links': 222, 'num_tensors': 56}
2026-07-16 21:22:11,873 [INFO] [7L/1486](swap: 6, u: 0 | c_u: 4 | t_u_l: 37/942 | t_u_r: 54/943 | t_u: 91/1885) -> {'max_bond': 32, 'max_links': 4, 'total_elems': 54328, 'total_shapes': 1722, 'total_links': 222, 'num_tensors': 56}
2026-07-16 21:22:12,006 [INFO] [8L/1486](swap: 6, u: 1 | c_u: 5 | t_u_l: 38/942 | t_u_r: 54/943 | t_u: 92/1885) -> {'max_bond': 64, 'max_links': 4, 'total_elems': 69688, 'total_shapes': 1914, 'total_links': 222, 'num_tensors': 56}
2026-07-16 21:22:12,157 [INFO] [9L/1486](swap: 5, u: 1 | c_u: 6 | t_u_l: 39/942 | t_u_r: 54/943 | t_u: 93/1885) -> {'max_bond': 64, 'max_links': 4, 'total_elems': 90808, 'total_shapes': 2058, 'total_links': 222, 'num_tensors': 56}
2026-07-16 21:22:12,329 [INFO] [10L/1486](swap: 5, u: 1 | c_u: 7 | t_u_l: 40/942 | t_u_r: 54/943 | t_u: 94/1885) -> {'max_bond': 64, 'max_links': 4, 'total_elems': 92344, 'total_shapes': 2074, 'total_links': 222, 'num_tensors': 56}
2026-07-16 21:22:12,510 [INFO] [11L/1486](swap: 3, u: 3 | c_u: 10 | t_u_l: 43/942 | t_u_r: 54/943 | t_u: 97/1885) -> {'max_bond': 64, 'max_links': 4, 'total_elems': 85984, 'total_shapes': 2126, 'total_links': 222, 'num_tensors': 56}
2026-07-16 21:22:12,667 [INFO] [12L/1486](swap: 6, u: 1 | c_u: 11 | t_u_l: 44/942 | t_u_r: 54/943 | t_u: 98/1885) -> {'max_bond': 64, 'max_links': 4, 'total_elems': 95260, 'total_shapes': 2164, 'total_links': 222, 'num_tensors': 56}
2026-07-16 21:22:12,825 [INFO] [13L/1486](swap: 6, u: 1 | c_u: 12 | t_u_l: 45/942 | t_u_r: 54/943 | t_u: 99/1885) -> {'max_bond': 64, 'max_links': 4, 'total_elems': 95832, 'total_shapes': 2154, 'total_links': 222, 'num_tensors': 56}
2026-07-16 21:22:12,989 [INFO] [14L/1486](swap: 6, u: 3 | c_u: 15 | t_u_l: 48/942 | t_u_r: 54/943 | t_u: 102/1885) -> {'max_bond': 64, 'max_links': 4, 'total_elems': 111992, 'total_shapes': 2336, 'total_links': 222, 'num_tensors': 56}
2026-07-16 21:22:13,181 [INFO] [15L/1486](swap: 4, u: 4 | c_u: 19 | t_u_l: 52/942 | t_u_r: 54/943 | t_u: 106/1885) -> {'max_bond': 64, 'max_links': 4, 'total_elems': 102904, 'total_shapes': 2248, 'total_links': 222, 'num_tensors': 56}
2026-07-16 21:22:13,351 [INFO] [16L/1486](swap: 6, u: 2 | c_u: 21 | t_u_l: 54/942 | t_u_r: 54/943 | t_u: 108/1885) -> {'max_bond': 128, 'max_links': 4, 'total_elems': 127576, 'total_shapes': 2446, 'total_links': 222, 'num_tensors': 56}
2026-07-16 21:22:13,582 [INFO] [17L/1486](swap: 7, u: 1 | c_u: 22 | t_u_l: 55/942 | t_u_r: 54/943 | t_u: 109/1885) -> {'max_bond': 128, 'max_links': 4, 'total_elems': 128472, 'total_shapes': 2478, 'total_links': 222, 'num_tensors': 56}
2026-07-16 21:22:13,801 [INFO] [18L/1486](swap: 5, u: 2 | c_u: 24 | t_u_l: 57/942 | t_u_r: 54/943 | t_u: 111/1885) -> {'max_bond': 128, 'max_links': 4, 'total_elems': 136024, 'total_shapes': 2606, 'total_links': 222, 'num_tensors': 56}
2026-07-16 21:22:14,047 [INFO] [19L/1486](swap: 4, u: 3 | c_u: 27 | t_u_l: 60/942 | t_u_r: 54/943 | t_u: 114/1885) -> {'max_bond': 128, 'max_links': 4, 'total_elems': 216856, 'total_shapes': 2918, 'total_links': 222, 'num_tensors': 56}
2026-07-16 21:22:14,330 [INFO] [5R/1652](swap: 7, u: 1 | c_u: 28 | t_u_l: 60/942 | t_u_r: 55/943 | t_u: 115/1885) -> {'max_bond': 128, 'max_links': 4, 'total_elems': 250136, 'total_shapes': 3110, 'total_links': 222, 'num_tensors': 56}
2026-07-16 21:22:14,686 [INFO] [20L/1486](swap: 3, u: 3 | c_u: 31 | t_u_l: 63/942 | t_u_r: 55/943 | t_u: 118/1885) -> {'max_bond': 128, 'max_links': 4, 'total_elems': 305432, 'total_shapes': 3350, 'total_links': 222, 'num_tensors': 56}
2026-07-16 21:22:15,114 [INFO] [21L/1486](swap: 4, u: 1 | c_u: 32 | t_u_l: 64/942 | t_u_r: 55/943 | t_u: 119/1885) -> {'max_bond': 128, 'max_links': 4, 'total_elems': 309784, 'total_shapes': 3414, 'total_links': 222, 'num_tensors': 56}
2026-07-16 21:22:15,519 [INFO] [22L/1486](swap: 5, u: 0 | c_u: 32 | t_u_l: 64/942 | t_u_r: 55/943 | t_u: 119/1885) -> {'max_bond': 128, 'max_links': 4, 'total_elems': 350936, 'total_shapes': 3550, 'total_links': 222, 'num_tensors': 56}
2026-07-16 21:22:15,983 [INFO] [23L/1486](swap: 5, u: 1 | c_u: 33 | t_u_l: 65/942 | t_u_r: 55/943 | t_u: 120/1885) -> {'max_bond': 128, 'max_links': 4, 'total_elems': 401944, 'total_shapes': 3718, 'total_links': 222, 'num_tensors': 56}
2026-07-16 21:22:16,441 [INFO] [24L/1486](swap: 4, u: 2 | c_u: 35 | t_u_l: 67/942 | t_u_r: 55/943 | t_u: 122/1885) -> {'max_bond': 128, 'max_links': 4, 'total_elems': 403160, 'total_shapes': 3750, 'total_links': 222, 'num_tensors': 56}
2026-07-16 21:22:16,907 [INFO] [25L/1486](swap: 5, u: 1 | c_u: 36 | t_u_l: 68/942 | t_u_r: 55/943 | t_u: 123/1885) -> {'max_bond': 128, 'max_links': 4, 'total_elems': 423384, 'total_shapes': 4022, 'total_links': 222, 'num_tensors': 56}
2026-07-16 21:22:17,445 [INFO] [26L/1486](swap: 8, u: 0 | c_u: 36 | t_u_l: 68/942 | t_u_r: 55/943 | t_u: 123/1885) -> {'max_bond': 128, 'max_links': 4, 'total_elems': 479704, 'total_shapes': 4278, 'total_links': 222, 'num_tensors': 56}
2026-07-16 21:22:18,102 [INFO]     [start unswap] -> {'max_bond': 128, 'max_links': 4, 'total_elems': 479704, 'total_shapes': 4278, 'total_links': 222, 'num_tensors': 56}
2026-07-16 21:22:22,666 [INFO]     [0 | both | 0](candidate_pairs: 28/28 | new_swaps: 3 | total: 3) -> {'max_bond': 256, 'max_links': 4, 'total_elems': 722392, 'total_shapes': 4950, 'total_links': 222, 'num_tensors': 56}
2026-07-16 21:22:24,352 [INFO]     [0 | both | 1](candidate_pairs: 27/27 | new_swaps: 12 | total: 15) -> {'max_bond': 128, 'max_links': 4, 'total_elems': 270552, 'total_shapes': 3222, 'total_links': 222, 'num_tensors': 56}
2026-07-16 21:22:24,763 [INFO]     [0 | left | 0](candidate_pairs: 28/28 | new_swaps: 10 | total: 25) -> {'max_bond': 128, 'max_links': 4, 'total_elems': 201560, 'total_shapes': 2638, 'total_links': 222, 'num_tensors': 56}
2026-07-16 21:22:25,123 [INFO]     [0 | left | 1](candidate_pairs: 27/27 | new_swaps: 9 | total: 34) -> {'max_bond': 128, 'max_links': 4, 'total_elems': 115032, 'total_shapes': 2142, 'total_links': 222, 'num_tensors': 56}
2026-07-16 21:22:25,299 [INFO]     [0 | right | 0](candidate_pairs: 28/28 | new_swaps: 4 | total: 38) -> {'max_bond': 64, 'max_links': 4, 'total_elems': 87384, 'total_shapes': 1934, 'total_links': 222, 'num_tensors': 56}
2026-07-16 21:22:25,468 [INFO]     [0 | right | 1](candidate_pairs: 27/27 | new_swaps: 4 | total: 42) -> {'max_bond': 64, 'max_links': 4, 'total_elems': 80392, 'total_shapes': 1864, 'total_links': 222, 'num_tensors': 56}
2026-07-16 21:22:25,713 [INFO]     [1 | both | 0](candidate_pairs: 28/28 | new_swaps: 6 | total: 6) -> {'max_bond': 64, 'max_links': 4, 'total_elems': 70792, 'total_shapes': 1718, 'total_links': 222, 'num_tensors': 56}
2026-07-16 21:22:25,995 [INFO]     [1 | both | 1](candidate_pairs: 27/27 | new_swaps: 4 | total: 10) -> {'max_bond': 64, 'max_links': 4, 'total_elems': 66400, 'total_shapes': 1650, 'total_links': 222, 'num_tensors': 56}
2026-07-16 21:22:26,115 [INFO]     [1 | left | 0](candidate_pairs: 28/28 | new_swaps: 5 | total: 15) -> {'max_bond': 64, 'max_links': 4, 'total_elems': 53568, 'total_shapes': 1522, 'total_links': 222, 'num_tensors': 56}
2026-07-16 21:22:26,237 [INFO]     [1 | left | 1](candidate_pairs: 27/27 | new_swaps: 3 | total: 18) -> {'max_bond': 64, 'max_links': 4, 'total_elems': 39872, 'total_shapes': 1426, 'total_links': 222, 'num_tensors': 56}
2026-07-16 21:22:26,326 [INFO]     [1 | right | 0](candidate_pairs: 28/28 | new_swaps: 3 | total: 21) -> {'max_bond': 64, 'max_links': 4, 'total_elems': 36912, 'total_shapes': 1382, 'total_links': 222, 'num_tensors': 56}
2026-07-16 21:22:26,412 [INFO]     [1 | right | 1](candidate_pairs: 27/27 | new_swaps: 1 | total: 22) -> {'max_bond': 64, 'max_links': 4, 'total_elems': 35376, 'total_shapes': 1350, 'total_links': 222, 'num_tensors': 56}
2026-07-16 21:22:26,565 [INFO]     [2 | both | 0](candidate_pairs: 28/28 | new_swaps: 2 | total: 2) -> {'max_bond': 64, 'max_links': 4, 'total_elems': 34672, 'total_shapes': 1326, 'total_links': 222, 'num_tensors': 56}
2026-07-16 21:22:26,756 [INFO]     [2 | both | 1](candidate_pairs: 27/27 | new_swaps: 3 | total: 5) -> {'max_bond': 64, 'max_links': 4, 'total_elems': 32320, 'total_shapes': 1274, 'total_links': 222, 'num_tensors': 56}
2026-07-16 21:22:26,839 [INFO]     [2 | left | 0](candidate_pairs: 28/28 | new_swaps: 3 | total: 8) -> {'max_bond': 32, 'max_links': 4, 'total_elems': 22848, 'total_shapes': 1162, 'total_links': 222, 'num_tensors': 56}
2026-07-16 21:22:26,913 [INFO]     [2 | left | 1](candidate_pairs: 27/27 | new_swaps: 2 | total: 10) -> {'max_bond': 32, 'max_links': 4, 'total_elems': 21888, 'total_shapes': 1130, 'total_links': 222, 'num_tensors': 56}
2026-07-16 21:22:26,986 [INFO]     [2 | right | 0](candidate_pairs: 28/28 | new_swaps: 3 | total: 13) -> {'max_bond': 32, 'max_links': 4, 'total_elems': 19456, 'total_shapes': 1082, 'total_links': 222, 'num_tensors': 56}
2026-07-16 21:22:27,019 [INFO]     [2 | right | 1](candidate_pairs: 27/27 | new_swaps: 0 | total: 13) -> {'max_bond': 32, 'max_links': 4, 'total_elems': 19456, 'total_shapes': 1082, 'total_links': 222, 'num_tensors': 56}
2026-07-16 21:22:27,148 [INFO]     [3 | both | 0](candidate_pairs: 28/28 | new_swaps: 2 | total: 2) -> {'max_bond': 32, 'max_links': 4, 'total_elems': 19024, 'total_shapes': 1058, 'total_links': 222, 'num_tensors': 56}
2026-07-16 21:22:27,276 [INFO]     [3 | both | 1](candidate_pairs: 27/27 | new_swaps: 3 | total: 5) -> {'max_bond': 32, 'max_links': 4, 'total_elems': 15456, 'total_shapes': 998, 'total_links': 222, 'num_tensors': 56}
2026-07-16 21:22:27,341 [INFO]     [3 | left | 0](candidate_pairs: 28/28 | new_swaps: 2 | total: 7) -> {'max_bond': 32, 'max_links': 4, 'total_elems': 14424, 'total_shapes': 968, 'total_links': 222, 'num_tensors': 56}
2026-07-16 21:22:27,370 [INFO]     [3 | left | 1](candidate_pairs: 27/27 | new_swaps: 0 | total: 7) -> {'max_bond': 32, 'max_links': 4, 'total_elems': 14424, 'total_shapes': 968, 'total_links': 222, 'num_tensors': 56}
2026-07-16 21:22:27,424 [INFO]     [3 | right | 0](candidate_pairs: 28/28 | new_swaps: 1 | total: 8) -> {'max_bond': 16, 'max_links': 4, 'total_elems': 12376, 'total_shapes': 936, 'total_links': 222, 'num_tensors': 56}
2026-07-16 21:22:27,472 [INFO]     [3 | right | 1](candidate_pairs: 27/27 | new_swaps: 2 | total: 10) -> {'max_bond': 16, 'max_links': 4, 'total_elems': 11176, 'total_shapes': 900, 'total_links': 222, 'num_tensors': 56}
2026-07-16 21:22:27,579 [INFO]     [4 | both | 0](candidate_pairs: 28/28 | new_swaps: 1 | total: 1) -> {'max_bond': 16, 'max_links': 4, 'total_elems': 11016, 'total_shapes': 892, 'total_links': 222, 'num_tensors': 56}
2026-07-16 21:22:27,686 [INFO]     [4 | both | 1](candidate_pairs: 27/27 | new_swaps: 3 | total: 4) -> {'max_bond': 16, 'max_links': 4, 'total_elems': 10836, 'total_shapes': 878, 'total_links': 222, 'num_tensors': 56}
2026-07-16 21:22:27,735 [INFO]     [4 | left | 0](candidate_pairs: 28/28 | new_swaps: 1 | total: 5) -> {'max_bond': 16, 'max_links': 4, 'total_elems': 10764, 'total_shapes': 872, 'total_links': 222, 'num_tensors': 56}
2026-07-16 21:22:27,762 [INFO]     [4 | left | 1](candidate_pairs: 27/27 | new_swaps: 0 | total: 5) -> {'max_bond': 16, 'max_links': 4, 'total_elems': 10764, 'total_shapes': 872, 'total_links': 222, 'num_tensors': 56}
2026-07-16 21:22:27,790 [INFO]     [4 | right | 0](candidate_pairs: 28/28 | new_swaps: 0 | total: 5) -> {'max_bond': 16, 'max_links': 4, 'total_elems': 10764, 'total_shapes': 872, 'total_links': 222, 'num_tensors': 56}
2026-07-16 21:22:27,817 [INFO]     [4 | right | 1](candidate_pairs: 27/27 | new_swaps: 0 | total: 5) -> {'max_bond': 16, 'max_links': 4, 'total_elems': 10764, 'total_shapes': 872, 'total_links': 222, 'num_tensors': 56}
2026-07-16 21:22:27,874 [INFO]     [5 | both | 0](candidate_pairs: 28/28 | new_swaps: 0 | total: 0) -> {'max_bond': 16, 'max_links': 4, 'total_elems': 10764, 'total_shapes': 872, 'total_links': 222, 'num_tensors': 56}
2026-07-16 21:22:27,969 [INFO]     [5 | both | 1](candidate_pairs: 27/27 | new_swaps: 1 | total: 1) -> {'max_bond': 16, 'max_links': 4, 'total_elems': 10724, 'total_shapes': 868, 'total_links': 222, 'num_tensors': 56}
2026-07-16 21:22:28,018 [INFO]     [5 | left | 0](candidate_pairs: 28/28 | new_swaps: 1 | total: 2) -> {'max_bond': 16, 'max_links': 4, 'total_elems': 10692, 'total_shapes': 864, 'total_links': 222, 'num_tensors': 56}
2026-07-16 21:22:28,046 [INFO]     [5 | left | 1](candidate_pairs: 27/27 | new_swaps: 0 | total: 2) -> {'max_bond': 16, 'max_links': 4, 'total_elems': 10692, 'total_shapes': 864, 'total_links': 222, 'num_tensors': 56}
2026-07-16 21:22:28,075 [INFO]     [5 | right | 0](candidate_pairs: 28/28 | new_swaps: 0 | total: 2) -> {'max_bond': 16, 'max_links': 4, 'total_elems': 10692, 'total_shapes': 864, 'total_links': 222, 'num_tensors': 56}
2026-07-16 21:22:28,102 [INFO]     [5 | right | 1](candidate_pairs: 27/27 | new_swaps: 0 | total: 2) -> {'max_bond': 16, 'max_links': 4, 'total_elems': 10692, 'total_shapes': 864, 'total_links': 222, 'num_tensors': 56}
2026-07-16 21:22:28,159 [INFO]     [6 | both | 0](candidate_pairs: 28/28 | new_swaps: 0 | total: 0) -> {'max_bond': 16, 'max_links': 4, 'total_elems': 10692, 'total_shapes': 864, 'total_links': 222, 'num_tensors': 56}
2026-07-16 21:22:28,213 [INFO]     [6 | both | 1](candidate_pairs: 27/27 | new_swaps: 0 | total: 0) -> {'max_bond': 16, 'max_links': 4, 'total_elems': 10692, 'total_shapes': 864, 'total_links': 222, 'num_tensors': 56}
2026-07-16 21:22:28,242 [INFO]     [6 | left | 0](candidate_pairs: 28/28 | new_swaps: 0 | total: 0) -> {'max_bond': 16, 'max_links': 4, 'total_elems': 10692, 'total_shapes': 864, 'total_links': 222, 'num_tensors': 56}
2026-07-16 21:22:28,270 [INFO]     [6 | left | 1](candidate_pairs: 27/27 | new_swaps: 0 | total: 0) -> {'max_bond': 16, 'max_links': 4, 'total_elems': 10692, 'total_shapes': 864, 'total_links': 222, 'num_tensors': 56}
2026-07-16 21:22:28,298 [INFO]     [6 | right | 0](candidate_pairs: 28/28 | new_swaps: 0 | total: 0) -> {'max_bond': 16, 'max_links': 4, 'total_elems': 10692, 'total_shapes': 864, 'total_links': 222, 'num_tensors': 56}
2026-07-16 21:22:28,325 [INFO]     [6 | right | 1](candidate_pairs: 27/27 | new_swaps: 0 | total: 0) -> {'max_bond': 16, 'max_links': 4, 'total_elems': 10692, 'total_shapes': 864, 'total_links': 222, 'num_tensors': 56}
2026-07-16 21:22:28,326 [INFO]     [end unswap] -> {'max_bond': 16, 'max_links': 4, 'total_elems': 10692, 'total_shapes': 864, 'total_links': 222, 'num_tensors': 56}
2026-07-16 21:22:29,602 [INFO] [start rewire](phase=post_unswap, cycle=12, side=left, layers=1462, trials=50, seed=123, parallel=False, route_candidates=1, route_score=none)
2026-07-16 21:22:31,466 [INFO] [end rewire](phase=post_unswap, cycle=12, side=left, routed_layers=1336, elapsed_s=1.86)
2026-07-16 21:22:31,466 [INFO] [start rewire](phase=post_unswap, cycle=12, side=right, layers=1649, trials=50, seed=123, parallel=False, route_candidates=1, route_score=none)
2026-07-16 21:22:33,165 [INFO] [end rewire](phase=post_unswap, cycle=12, side=right, routed_layers=1601, elapsed_s=1.70)
2026-07-16 21:22:33,328 [INFO] [1L/1334](swap: 10, u: 2 | c_u: 2 | t_u_l: 70/942 | t_u_r: 55/943 | t_u: 125/1885) -> {'max_bond': 16, 'max_links': 4, 'total_elems': 10360, 'total_shapes': 854, 'total_links': 222, 'num_tensors': 56}
2026-07-16 21:22:33,427 [INFO] [2L/1334](swap: 14, u: 0 | c_u: 2 | t_u_l: 70/942 | t_u_r: 55/943 | t_u: 125/1885) -> {'max_bond': 16, 'max_links': 4, 'total_elems': 12364, 'total_shapes': 954, 'total_links': 222, 'num_tensors': 56}
2026-07-16 21:22:33,532 [INFO] [1R/1599](swap: 8, u: 1 | c_u: 3 | t_u_l: 70/942 | t_u_r: 56/943 | t_u: 126/1885) -> {'max_bond': 16, 'max_links': 4, 'total_elems': 15956, 'total_shapes': 1038, 'total_links': 222, 'num_tensors': 56}
2026-07-16 21:22:33,641 [INFO] [2R/1599](swap: 6, u: 0 | c_u: 3 | t_u_l: 70/942 | t_u_r: 56/943 | t_u: 126/1885) -> {'max_bond': 16, 'max_links': 4, 'total_elems': 17572, 'total_shapes': 1090, 'total_links': 222, 'num_tensors': 56}
2026-07-16 21:22:33,750 [INFO] [3R/1599](swap: 6, u: 1 | c_u: 4 | t_u_l: 70/942 | t_u_r: 57/943 | t_u: 127/1885) -> {'max_bond': 32, 'max_links': 4, 'total_elems': 24116, 'total_shapes': 1244, 'total_links': 222, 'num_tensors': 56}
2026-07-16 21:22:33,866 [INFO] [4R/1599](swap: 6, u: 0 | c_u: 4 | t_u_l: 70/942 | t_u_r: 57/943 | t_u: 127/1885) -> {'max_bond': 32, 'max_links': 4, 'total_elems': 32036, 'total_shapes': 1336, 'total_links': 222, 'num_tensors': 56}
2026-07-16 21:22:33,993 [INFO] [5R/1599](swap: 4, u: 1 | c_u: 5 | t_u_l: 70/942 | t_u_r: 58/943 | t_u: 128/1885) -> {'max_bond': 64, 'max_links': 4, 'total_elems': 48164, 'total_shapes': 1544, 'total_links': 222, 'num_tensors': 56}
2026-07-16 21:22:34,138 [INFO] [3L/1334](swap: 15, u: 1 | c_u: 6 | t_u_l: 71/942 | t_u_r: 58/943 | t_u: 129/1885) -> {'max_bond': 64, 'max_links': 4, 'total_elems': 60168, 'total_shapes': 1786, 'total_links': 222, 'num_tensors': 56}
2026-07-16 21:22:34,286 [INFO] [6R/1599](swap: 4, u: 1 | c_u: 7 | t_u_l: 71/942 | t_u_r: 59/943 | t_u: 130/1885) -> {'max_bond': 64, 'max_links': 4, 'total_elems': 90568, 'total_shapes': 1970, 'total_links': 222, 'num_tensors': 56}
2026-07-16 21:22:34,467 [INFO] [4L/1334](swap: 12, u: 1 | c_u: 8 | t_u_l: 72/942 | t_u_r: 59/943 | t_u: 131/1885) -> {'max_bond': 64, 'max_links': 4, 'total_elems': 109292, 'total_shapes': 2204, 'total_links': 222, 'num_tensors': 56}
2026-07-16 21:22:34,709 [INFO] [7R/1599](swap: 4, u: 1 | c_u: 9 | t_u_l: 72/942 | t_u_r: 60/943 | t_u: 132/1885) -> {'max_bond': 128, 'max_links': 4, 'total_elems': 158208, 'total_shapes': 2452, 'total_links': 222, 'num_tensors': 56}
2026-07-16 21:22:35,095 [INFO] [5L/1334](swap: 10, u: 1 | c_u: 10 | t_u_l: 73/942 | t_u_r: 60/943 | t_u: 133/1885) -> {'max_bond': 256, 'max_links': 4, 'total_elems': 292628, 'total_shapes': 3076, 'total_links': 222, 'num_tensors': 56}
2026-07-16 21:22:35,603 [INFO] [6L/1334](swap: 12, u: 0 | c_u: 10 | t_u_l: 73/942 | t_u_r: 60/943 | t_u: 133/1885) -> {'max_bond': 256, 'max_links': 4, 'total_elems': 300640, 'total_shapes': 3132, 'total_links': 222, 'num_tensors': 56}
2026-07-16 21:22:36,119 [INFO] [7L/1334](swap: 9, u: 4 | c_u: 14 | t_u_l: 77/942 | t_u_r: 60/943 | t_u: 137/1885) -> {'max_bond': 64, 'max_links': 4, 'total_elems': 176848, 'total_shapes': 2726, 'total_links': 222, 'num_tensors': 56}
2026-07-16 21:22:36,449 [INFO] [8L/1334](swap: 9, u: 2 | c_u: 16 | t_u_l: 79/942 | t_u_r: 60/943 | t_u: 139/1885) -> {'max_bond': 256, 'max_links': 4, 'total_elems': 264384, 'total_shapes': 3076, 'total_links': 222, 'num_tensors': 56}
2026-07-16 21:22:36,788 [INFO] [9L/1334](swap: 9, u: 0 | c_u: 16 | t_u_l: 79/942 | t_u_r: 60/943 | t_u: 139/1885) -> {'max_bond': 256, 'max_links': 4, 'total_elems': 273696, 'total_shapes': 3208, 'total_links': 222, 'num_tensors': 56}
2026-07-16 21:22:37,117 [INFO] [10L/1334](swap: 6, u: 1 | c_u: 17 | t_u_l: 80/942 | t_u_r: 60/943 | t_u: 140/1885) -> {'max_bond': 256, 'max_links': 4, 'total_elems': 276384, 'total_shapes': 3336, 'total_links': 222, 'num_tensors': 56}
2026-07-16 21:22:37,496 [INFO] [8R/1599](swap: 5, u: 1 | c_u: 18 | t_u_l: 80/942 | t_u_r: 61/943 | t_u: 141/1885) -> {'max_bond': 256, 'max_links': 4, 'total_elems': 350848, 'total_shapes': 3702, 'total_links': 222, 'num_tensors': 56}
2026-07-16 21:22:38,087 [INFO]     [start unswap] -> {'max_bond': 256, 'max_links': 4, 'total_elems': 350848, 'total_shapes': 3702, 'total_links': 222, 'num_tensors': 56}
2026-07-16 21:22:40,131 [INFO]     [0 | both | 0](candidate_pairs: 28/28 | new_swaps: 4 | total: 4) -> {'max_bond': 256, 'max_links': 4, 'total_elems': 612928, 'total_shapes': 4142, 'total_links': 222, 'num_tensors': 56}
2026-07-16 21:22:41,976 [INFO]     [0 | both | 1](candidate_pairs: 27/27 | new_swaps: 8 | total: 12) -> {'max_bond': 256, 'max_links': 4, 'total_elems': 312608, 'total_shapes': 3394, 'total_links': 222, 'num_tensors': 56}
2026-07-16 21:22:42,430 [INFO]     [0 | left | 0](candidate_pairs: 28/28 | new_swaps: 11 | total: 23) -> {'max_bond': 64, 'max_links': 4, 'total_elems': 150848, 'total_shapes': 2576, 'total_links': 222, 'num_tensors': 56}
2026-07-16 21:22:42,692 [INFO]     [0 | left | 1](candidate_pairs: 27/27 | new_swaps: 13 | total: 36) -> {'max_bond': 64, 'max_links': 4, 'total_elems': 71736, 'total_shapes': 1988, 'total_links': 222, 'num_tensors': 56}
2026-07-16 21:22:42,814 [INFO]     [0 | right | 0](candidate_pairs: 28/28 | new_swaps: 7 | total: 43) -> {'max_bond': 32, 'max_links': 4, 'total_elems': 56156, 'total_shapes': 1694, 'total_links': 222, 'num_tensors': 56}
2026-07-16 21:22:42,933 [INFO]     [0 | right | 1](candidate_pairs: 27/27 | new_swaps: 4 | total: 47) -> {'max_bond': 32, 'max_links': 4, 'total_elems': 51316, 'total_shapes': 1634, 'total_links': 222, 'num_tensors': 56}
2026-07-16 21:22:43,147 [INFO]     [1 | both | 0](candidate_pairs: 28/28 | new_swaps: 6 | total: 6) -> {'max_bond': 32, 'max_links': 4, 'total_elems': 39508, 'total_shapes': 1474, 'total_links': 222, 'num_tensors': 56}
2026-07-16 21:22:43,322 [INFO]     [1 | both | 1](candidate_pairs: 27/27 | new_swaps: 3 | total: 9) -> {'max_bond': 32, 'max_links': 4, 'total_elems': 36308, 'total_shapes': 1410, 'total_links': 222, 'num_tensors': 56}
2026-07-16 21:22:43,412 [INFO]     [1 | left | 0](candidate_pairs: 28/28 | new_swaps: 4 | total: 13) -> {'max_bond': 32, 'max_links': 4, 'total_elems': 33876, 'total_shapes': 1346, 'total_links': 222, 'num_tensors': 56}
2026-07-16 21:22:43,487 [INFO]     [1 | left | 1](candidate_pairs: 27/27 | new_swaps: 1 | total: 14) -> {'max_bond': 32, 'max_links': 4, 'total_elems': 30804, 'total_shapes': 1314, 'total_links': 222, 'num_tensors': 56}
2026-07-16 21:22:43,556 [INFO]     [1 | right | 0](candidate_pairs: 28/28 | new_swaps: 1 | total: 15) -> {'max_bond': 32, 'max_links': 4, 'total_elems': 30036, 'total_shapes': 1298, 'total_links': 222, 'num_tensors': 56}
2026-07-16 21:22:43,624 [INFO]     [1 | right | 1](candidate_pairs: 27/27 | new_swaps: 1 | total: 16) -> {'max_bond': 32, 'max_links': 4, 'total_elems': 29076, 'total_shapes': 1274, 'total_links': 222, 'num_tensors': 56}
2026-07-16 21:22:43,771 [INFO]     [2 | both | 0](candidate_pairs: 28/28 | new_swaps: 1 | total: 1) -> {'max_bond': 32, 'max_links': 4, 'total_elems': 29028, 'total_shapes': 1270, 'total_links': 222, 'num_tensors': 56}
2026-07-16 21:22:43,923 [INFO]     [2 | both | 1](candidate_pairs: 27/27 | new_swaps: 2 | total: 3) -> {'max_bond': 32, 'max_links': 4, 'total_elems': 27620, 'total_shapes': 1238, 'total_links': 222, 'num_tensors': 56}
2026-07-16 21:22:43,988 [INFO]     [2 | left | 0](candidate_pairs: 28/28 | new_swaps: 2 | total: 5) -> {'max_bond': 32, 'max_links': 4, 'total_elems': 25316, 'total_shapes': 1190, 'total_links': 222, 'num_tensors': 56}
2026-07-16 21:22:44,063 [INFO]     [2 | left | 1](candidate_pairs: 27/27 | new_swaps: 2 | total: 7) -> {'max_bond': 32, 'max_links': 4, 'total_elems': 24228, 'total_shapes': 1158, 'total_links': 222, 'num_tensors': 56}
2026-07-16 21:22:44,125 [INFO]     [2 | right | 0](candidate_pairs: 28/28 | new_swaps: 1 | total: 8) -> {'max_bond': 32, 'max_links': 4, 'total_elems': 23844, 'total_shapes': 1134, 'total_links': 222, 'num_tensors': 56}
2026-07-16 21:22:44,165 [INFO]     [2 | right | 1](candidate_pairs: 27/27 | new_swaps: 0 | total: 8) -> {'max_bond': 32, 'max_links': 4, 'total_elems': 23844, 'total_shapes': 1134, 'total_links': 222, 'num_tensors': 56}
2026-07-16 21:22:44,248 [INFO]     [3 | both | 0](candidate_pairs: 28/28 | new_swaps: 0 | total: 0) -> {'max_bond': 32, 'max_links': 4, 'total_elems': 23844, 'total_shapes': 1134, 'total_links': 222, 'num_tensors': 56}
2026-07-16 21:22:44,386 [INFO]     [3 | both | 1](candidate_pairs: 27/27 | new_swaps: 2 | total: 2) -> {'max_bond': 32, 'max_links': 4, 'total_elems': 22692, 'total_shapes': 1102, 'total_links': 222, 'num_tensors': 56}
2026-07-16 21:22:44,424 [INFO]     [3 | left | 0](candidate_pairs: 28/28 | new_swaps: 0 | total: 2) -> {'max_bond': 32, 'max_links': 4, 'total_elems': 22692, 'total_shapes': 1102, 'total_links': 222, 'num_tensors': 56}
2026-07-16 21:22:44,463 [INFO]     [3 | left | 1](candidate_pairs: 27/27 | new_swaps: 0 | total: 2) -> {'max_bond': 32, 'max_links': 4, 'total_elems': 22692, 'total_shapes': 1102, 'total_links': 222, 'num_tensors': 56}
2026-07-16 21:22:44,500 [INFO]     [3 | right | 0](candidate_pairs: 28/28 | new_swaps: 0 | total: 2) -> {'max_bond': 32, 'max_links': 4, 'total_elems': 22692, 'total_shapes': 1102, 'total_links': 222, 'num_tensors': 56}
2026-07-16 21:22:44,539 [INFO]     [3 | right | 1](candidate_pairs: 27/27 | new_swaps: 0 | total: 2) -> {'max_bond': 32, 'max_links': 4, 'total_elems': 22692, 'total_shapes': 1102, 'total_links': 222, 'num_tensors': 56}
2026-07-16 21:22:44,673 [INFO]     [4 | both | 0](candidate_pairs: 28/28 | new_swaps: 2 | total: 2) -> {'max_bond': 32, 'max_links': 4, 'total_elems': 21540, 'total_shapes': 1070, 'total_links': 222, 'num_tensors': 56}
2026-07-16 21:22:44,749 [INFO]     [4 | both | 1](candidate_pairs: 27/27 | new_swaps: 0 | total: 2) -> {'max_bond': 32, 'max_links': 4, 'total_elems': 21540, 'total_shapes': 1070, 'total_links': 222, 'num_tensors': 56}
2026-07-16 21:22:44,787 [INFO]     [4 | left | 0](candidate_pairs: 28/28 | new_swaps: 0 | total: 2) -> {'max_bond': 32, 'max_links': 4, 'total_elems': 21540, 'total_shapes': 1070, 'total_links': 222, 'num_tensors': 56}
2026-07-16 21:22:44,857 [INFO]     [4 | left | 1](candidate_pairs: 27/27 | new_swaps: 1 | total: 3) -> {'max_bond': 32, 'max_links': 4, 'total_elems': 20580, 'total_shapes': 1046, 'total_links': 222, 'num_tensors': 56}
2026-07-16 21:22:44,893 [INFO]     [4 | right | 0](candidate_pairs: 28/28 | new_swaps: 0 | total: 3) -> {'max_bond': 32, 'max_links': 4, 'total_elems': 20580, 'total_shapes': 1046, 'total_links': 222, 'num_tensors': 56}
2026-07-16 21:22:44,930 [INFO]     [4 | right | 1](candidate_pairs: 27/27 | new_swaps: 0 | total: 3) -> {'max_bond': 32, 'max_links': 4, 'total_elems': 20580, 'total_shapes': 1046, 'total_links': 222, 'num_tensors': 56}
2026-07-16 21:22:45,047 [INFO]     [5 | both | 0](candidate_pairs: 28/28 | new_swaps: 1 | total: 1) -> {'max_bond': 32, 'max_links': 4, 'total_elems': 19620, 'total_shapes': 1022, 'total_links': 222, 'num_tensors': 56}
2026-07-16 21:22:45,161 [INFO]     [5 | both | 1](candidate_pairs: 27/27 | new_swaps: 1 | total: 2) -> {'max_bond': 32, 'max_links': 4, 'total_elems': 18468, 'total_shapes': 1006, 'total_links': 222, 'num_tensors': 56}
2026-07-16 21:22:45,219 [INFO]     [5 | left | 0](candidate_pairs: 28/28 | new_swaps: 1 | total: 3) -> {'max_bond': 32, 'max_links': 4, 'total_elems': 16932, 'total_shapes': 974, 'total_links': 222, 'num_tensors': 56}
2026-07-16 21:22:45,283 [INFO]     [5 | left | 1](candidate_pairs: 27/27 | new_swaps: 1 | total: 4) -> {'max_bond': 32, 'max_links': 4, 'total_elems': 16164, 'total_shapes': 958, 'total_links': 222, 'num_tensors': 56}
2026-07-16 21:22:45,337 [INFO]     [5 | right | 0](candidate_pairs: 28/28 | new_swaps: 1 | total: 5) -> {'max_bond': 32, 'max_links': 4, 'total_elems': 15652, 'total_shapes': 942, 'total_links': 222, 'num_tensors': 56}
2026-07-16 21:22:45,368 [INFO]     [5 | right | 1](candidate_pairs: 27/27 | new_swaps: 0 | total: 5) -> {'max_bond': 32, 'max_links': 4, 'total_elems': 15652, 'total_shapes': 942, 'total_links': 222, 'num_tensors': 56}
2026-07-16 21:22:45,433 [INFO]     [6 | both | 0](candidate_pairs: 28/28 | new_swaps: 0 | total: 0) -> {'max_bond': 32, 'max_links': 4, 'total_elems': 15652, 'total_shapes': 942, 'total_links': 222, 'num_tensors': 56}
2026-07-16 21:22:45,498 [INFO]     [6 | both | 1](candidate_pairs: 27/27 | new_swaps: 0 | total: 0) -> {'max_bond': 32, 'max_links': 4, 'total_elems': 15652, 'total_shapes': 942, 'total_links': 222, 'num_tensors': 56}
2026-07-16 21:22:45,531 [INFO]     [6 | left | 0](candidate_pairs: 28/28 | new_swaps: 0 | total: 0) -> {'max_bond': 32, 'max_links': 4, 'total_elems': 15652, 'total_shapes': 942, 'total_links': 222, 'num_tensors': 56}
2026-07-16 21:22:45,563 [INFO]     [6 | left | 1](candidate_pairs: 27/27 | new_swaps: 0 | total: 0) -> {'max_bond': 32, 'max_links': 4, 'total_elems': 15652, 'total_shapes': 942, 'total_links': 222, 'num_tensors': 56}
2026-07-16 21:22:45,596 [INFO]     [6 | right | 0](candidate_pairs: 28/28 | new_swaps: 0 | total: 0) -> {'max_bond': 32, 'max_links': 4, 'total_elems': 15652, 'total_shapes': 942, 'total_links': 222, 'num_tensors': 56}
2026-07-16 21:22:45,627 [INFO]     [6 | right | 1](candidate_pairs: 27/27 | new_swaps: 0 | total: 0) -> {'max_bond': 32, 'max_links': 4, 'total_elems': 15652, 'total_shapes': 942, 'total_links': 222, 'num_tensors': 56}
2026-07-16 21:22:45,627 [INFO]     [end unswap] -> {'max_bond': 32, 'max_links': 4, 'total_elems': 15652, 'total_shapes': 942, 'total_links': 222, 'num_tensors': 56}
2026-07-16 21:22:47,022 [INFO] [start rewire](phase=post_unswap, cycle=13, side=left, layers=1326, trials=50, seed=123, parallel=False, route_candidates=1, route_score=none)
2026-07-16 21:22:49,397 [INFO] [end rewire](phase=post_unswap, cycle=13, side=left, routed_layers=1515, elapsed_s=2.38)
2026-07-16 21:22:49,397 [INFO] [start rewire](phase=post_unswap, cycle=13, side=right, layers=1593, trials=50, seed=123, parallel=False, route_candidates=1, route_score=none)
2026-07-16 21:22:51,226 [INFO] [end rewire](phase=post_unswap, cycle=13, side=right, routed_layers=1697, elapsed_s=1.83)
2026-07-16 21:22:51,398 [INFO] [1L/1513](swap: 4, u: 1 | c_u: 1 | t_u_l: 81/942 | t_u_r: 61/943 | t_u: 142/1885) -> {'max_bond': 32, 'max_links': 4, 'total_elems': 15652, 'total_shapes': 942, 'total_links': 222, 'num_tensors': 56}
2026-07-16 21:22:51,500 [INFO] [2L/1513](swap: 6, u: 0 | c_u: 1 | t_u_l: 81/942 | t_u_r: 61/943 | t_u: 142/1885) -> {'max_bond': 32, 'max_links': 4, 'total_elems': 16676, 'total_shapes': 990, 'total_links': 222, 'num_tensors': 56}
2026-07-16 21:22:51,602 [INFO] [1R/1695](swap: 11, u: 0 | c_u: 1 | t_u_l: 81/942 | t_u_r: 61/943 | t_u: 142/1885) -> {'max_bond': 32, 'max_links': 4, 'total_elems': 19252, 'total_shapes': 1108, 'total_links': 222, 'num_tensors': 56}
2026-07-16 21:22:51,707 [INFO] [3L/1513](swap: 6, u: 0 | c_u: 1 | t_u_l: 81/942 | t_u_r: 61/943 | t_u: 142/1885) -> {'max_bond': 32, 'max_links': 4, 'total_elems': 22236, 'total_shapes': 1192, 'total_links': 222, 'num_tensors': 56}
2026-07-16 21:22:51,816 [INFO] [4L/1513](swap: 7, u: 0 | c_u: 1 | t_u_l: 81/942 | t_u_r: 61/943 | t_u: 142/1885) -> {'max_bond': 64, 'max_links': 4, 'total_elems': 31064, 'total_shapes': 1350, 'total_links': 222, 'num_tensors': 56}
2026-07-16 21:22:51,933 [INFO] [2R/1695](swap: 12, u: 1 | c_u: 2 | t_u_l: 81/942 | t_u_r: 62/943 | t_u: 143/1885) -> {'max_bond': 32, 'max_links': 4, 'total_elems': 33304, 'total_shapes': 1444, 'total_links': 222, 'num_tensors': 56}
2026-07-16 21:22:52,053 [INFO] [5L/1513](swap: 8, u: 0 | c_u: 2 | t_u_l: 81/942 | t_u_r: 62/943 | t_u: 143/1885) -> {'max_bond': 64, 'max_links': 4, 'total_elems': 43480, 'total_shapes': 1604, 'total_links': 222, 'num_tensors': 56}
2026-07-16 21:22:52,184 [INFO] [6L/1513](swap: 9, u: 1 | c_u: 3 | t_u_l: 82/942 | t_u_r: 62/943 | t_u: 144/1885) -> {'max_bond': 64, 'max_links': 4, 'total_elems': 56856, 'total_shapes': 1796, 'total_links': 222, 'num_tensors': 56}
2026-07-16 21:22:52,345 [INFO] [7L/1513](swap: 5, u: 1 | c_u: 4 | t_u_l: 83/942 | t_u_r: 62/943 | t_u: 145/1885) -> {'max_bond': 64, 'max_links': 4, 'total_elems': 81368, 'total_shapes': 2036, 'total_links': 222, 'num_tensors': 56}
2026-07-16 21:22:52,515 [INFO] [3R/1695](swap: 13, u: 0 | c_u: 4 | t_u_l: 83/942 | t_u_r: 62/943 | t_u: 145/1885) -> {'max_bond': 64, 'max_links': 4, 'total_elems': 107992, 'total_shapes': 2436, 'total_links': 222, 'num_tensors': 56}
2026-07-16 21:22:52,701 [INFO] [8L/1513](swap: 6, u: 0 | c_u: 4 | t_u_l: 83/942 | t_u_r: 62/943 | t_u: 145/1885) -> {'max_bond': 64, 'max_links': 4, 'total_elems': 159128, 'total_shapes': 2716, 'total_links': 222, 'num_tensors': 56}
2026-07-16 21:22:52,998 [INFO] [4R/1695](swap: 8, u: 1 | c_u: 5 | t_u_l: 83/942 | t_u_r: 63/943 | t_u: 146/1885) -> {'max_bond': 256, 'max_links': 4, 'total_elems': 289880, 'total_shapes': 3316, 'total_links': 222, 'num_tensors': 56}
2026-07-16 21:22:53,642 [INFO] [5R/1695](swap: 10, u: 0 | c_u: 5 | t_u_l: 83/942 | t_u_r: 63/943 | t_u: 146/1885) -> {'max_bond': 256, 'max_links': 4, 'total_elems': 435672, 'total_shapes': 3748, 'total_links': 222, 'num_tensors': 56}
2026-07-16 21:22:54,359 [INFO]     [start unswap] -> {'max_bond': 256, 'max_links': 4, 'total_elems': 435672, 'total_shapes': 3748, 'total_links': 222, 'num_tensors': 56}
2026-07-16 21:22:56,846 [INFO]     [0 | both | 0](candidate_pairs: 28/28 | new_swaps: 6 | total: 6) -> {'max_bond': 256, 'max_links': 4, 'total_elems': 543064, 'total_shapes': 3692, 'total_links': 222, 'num_tensors': 56}
2026-07-16 21:22:58,029 [INFO]     [0 | both | 1](candidate_pairs: 27/27 | new_swaps: 13 | total: 19) -> {'max_bond': 256, 'max_links': 4, 'total_elems': 450040, 'total_shapes': 2936, 'total_links': 222, 'num_tensors': 56}
2026-07-16 21:22:59,124 [INFO]     [0 | left | 0](candidate_pairs: 28/28 | new_swaps: 10 | total: 29) -> {'max_bond': 256, 'max_links': 4, 'total_elems': 187832, 'total_shapes': 2272, 'total_links': 222, 'num_tensors': 56}
2026-07-16 21:22:59,397 [INFO]     [0 | left | 1](candidate_pairs: 27/27 | new_swaps: 11 | total: 40) -> {'max_bond': 64, 'max_links': 4, 'total_elems': 67816, 'total_shapes': 1644, 'total_links': 222, 'num_tensors': 56}
2026-07-16 21:22:59,521 [INFO]     [0 | right | 0](candidate_pairs: 28/28 | new_swaps: 4 | total: 44) -> {'max_bond': 64, 'max_links': 4, 'total_elems': 63400, 'total_shapes': 1532, 'total_links': 222, 'num_tensors': 56}
2026-07-16 21:22:59,647 [INFO]     [0 | right | 1](candidate_pairs: 27/27 | new_swaps: 6 | total: 50) -> {'max_bond': 64, 'max_links': 4, 'total_elems': 59784, 'total_shapes': 1436, 'total_links': 222, 'num_tensors': 56}
2026-07-16 21:22:59,872 [INFO]     [1 | both | 0](candidate_pairs: 28/28 | new_swaps: 5 | total: 5) -> {'max_bond': 64, 'max_links': 4, 'total_elems': 42588, 'total_shapes': 1282, 'total_links': 222, 'num_tensors': 56}
2026-07-16 21:23:00,059 [INFO]     [1 | both | 1](candidate_pairs: 27/27 | new_swaps: 3 | total: 8) -> {'max_bond': 64, 'max_links': 4, 'total_elems': 26268, 'total_shapes': 1162, 'total_links': 222, 'num_tensors': 56}
2026-07-16 21:23:00,142 [INFO]     [1 | left | 0](candidate_pairs: 28/28 | new_swaps: 5 | total: 13) -> {'max_bond': 32, 'max_links': 4, 'total_elems': 14072, 'total_shapes': 996, 'total_links': 222, 'num_tensors': 56}
2026-07-16 21:23:00,209 [INFO]     [1 | left | 1](candidate_pairs: 27/27 | new_swaps: 5 | total: 18) -> {'max_bond': 16, 'max_links': 4, 'total_elems': 9512, 'total_shapes': 888, 'total_links': 222, 'num_tensors': 56}
2026-07-16 21:23:00,255 [INFO]     [1 | right | 0](candidate_pairs: 28/28 | new_swaps: 1 | total: 19) -> {'max_bond': 16, 'max_links': 4, 'total_elems': 9320, 'total_shapes': 880, 'total_links': 222, 'num_tensors': 56}
2026-07-16 21:23:00,303 [INFO]     [1 | right | 1](candidate_pairs: 27/27 | new_swaps: 1 | total: 20) -> {'max_bond': 16, 'max_links': 4, 'total_elems': 8552, 'total_shapes': 864, 'total_links': 222, 'num_tensors': 56}
2026-07-16 21:23:00,409 [INFO]     [2 | both | 0](candidate_pairs: 28/28 | new_swaps: 5 | total: 5) -> {'max_bond': 16, 'max_links': 4, 'total_elems': 6620, 'total_shapes': 798, 'total_links': 222, 'num_tensors': 56}
2026-07-16 21:23:00,507 [INFO]     [2 | both | 1](candidate_pairs: 27/27 | new_swaps: 1 | total: 6) -> {'max_bond': 16, 'max_links': 4, 'total_elems': 6428, 'total_shapes': 790, 'total_links': 222, 'num_tensors': 56}
2026-07-16 21:23:00,563 [INFO]     [2 | left | 0](candidate_pairs: 28/28 | new_swaps: 2 | total: 8) -> {'max_bond': 16, 'max_links': 4, 'total_elems': 5660, 'total_shapes': 758, 'total_links': 222, 'num_tensors': 56}
2026-07-16 21:23:00,619 [INFO]     [2 | left | 1](candidate_pairs: 27/27 | new_swaps: 3 | total: 11) -> {'max_bond': 8, 'max_links': 4, 'total_elems': 5020, 'total_shapes': 718, 'total_links': 222, 'num_tensors': 56}
2026-07-16 21:23:00,643 [INFO]     [2 | right | 0](candidate_pairs: 28/28 | new_swaps: 0 | total: 11) -> {'max_bond': 8, 'max_links': 4, 'total_elems': 5020, 'total_shapes': 718, 'total_links': 222, 'num_tensors': 56}
2026-07-16 21:23:00,667 [INFO]     [2 | right | 1](candidate_pairs: 27/27 | new_swaps: 0 | total: 11) -> {'max_bond': 8, 'max_links': 4, 'total_elems': 5020, 'total_shapes': 718, 'total_links': 222, 'num_tensors': 56}
2026-07-16 21:23:00,714 [INFO]     [3 | both | 0](candidate_pairs: 28/28 | new_swaps: 0 | total: 0) -> {'max_bond': 8, 'max_links': 4, 'total_elems': 5020, 'total_shapes': 718, 'total_links': 222, 'num_tensors': 56}
2026-07-16 21:23:00,762 [INFO]     [3 | both | 1](candidate_pairs: 27/27 | new_swaps: 0 | total: 0) -> {'max_bond': 8, 'max_links': 4, 'total_elems': 5020, 'total_shapes': 718, 'total_links': 222, 'num_tensors': 56}
2026-07-16 21:23:00,786 [INFO]     [3 | left | 0](candidate_pairs: 28/28 | new_swaps: 0 | total: 0) -> {'max_bond': 8, 'max_links': 4, 'total_elems': 5020, 'total_shapes': 718, 'total_links': 222, 'num_tensors': 56}
2026-07-16 21:23:00,810 [INFO]     [3 | left | 1](candidate_pairs: 27/27 | new_swaps: 0 | total: 0) -> {'max_bond': 8, 'max_links': 4, 'total_elems': 5020, 'total_shapes': 718, 'total_links': 222, 'num_tensors': 56}
2026-07-16 21:23:00,835 [INFO]     [3 | right | 0](candidate_pairs: 28/28 | new_swaps: 0 | total: 0) -> {'max_bond': 8, 'max_links': 4, 'total_elems': 5020, 'total_shapes': 718, 'total_links': 222, 'num_tensors': 56}
2026-07-16 21:23:00,859 [INFO]     [3 | right | 1](candidate_pairs: 27/27 | new_swaps: 0 | total: 0) -> {'max_bond': 8, 'max_links': 4, 'total_elems': 5020, 'total_shapes': 718, 'total_links': 222, 'num_tensors': 56}
2026-07-16 21:23:00,859 [INFO]     [end unswap] -> {'max_bond': 8, 'max_links': 4, 'total_elems': 5020, 'total_shapes': 718, 'total_links': 222, 'num_tensors': 56}
2026-07-16 21:23:01,720 [INFO] [start rewire](phase=post_unswap, cycle=14, side=left, layers=1507, trials=50, seed=123, parallel=False, route_candidates=1, route_score=none)
2026-07-16 21:23:03,308 [INFO] [end rewire](phase=post_unswap, cycle=14, side=left, routed_layers=1356, elapsed_s=1.59)
2026-07-16 21:23:03,309 [INFO] [start rewire](phase=post_unswap, cycle=14, side=right, layers=1692, trials=50, seed=123, parallel=False, route_candidates=1, route_score=none)
2026-07-16 21:23:05,124 [INFO] [end rewire](phase=post_unswap, cycle=14, side=right, routed_layers=1670, elapsed_s=1.81)
2026-07-16 21:23:05,292 [INFO] [1L/1354](swap: 8, u: 0 | c_u: 0 | t_u_l: 83/942 | t_u_r: 63/943 | t_u: 146/1885) -> {'max_bond': 8, 'max_links': 4, 'total_elems': 5020, 'total_shapes': 718, 'total_links': 222, 'num_tensors': 56}
2026-07-16 21:23:05,390 [INFO] [1R/1668](swap: 8, u: 0 | c_u: 0 | t_u_l: 83/942 | t_u_r: 63/943 | t_u: 146/1885) -> {'max_bond': 16, 'max_links': 4, 'total_elems': 6176, 'total_shapes': 788, 'total_links': 222, 'num_tensors': 56}
2026-07-16 21:23:05,490 [INFO] [2L/1354](swap: 8, u: 0 | c_u: 0 | t_u_l: 83/942 | t_u_r: 63/943 | t_u: 146/1885) -> {'max_bond': 32, 'max_links': 4, 'total_elems': 8324, 'total_shapes': 878, 'total_links': 222, 'num_tensors': 56}
2026-07-16 21:23:05,589 [INFO] [3L/1354](swap: 8, u: 0 | c_u: 0 | t_u_l: 83/942 | t_u_r: 63/943 | t_u: 146/1885) -> {'max_bond': 32, 'max_links': 4, 'total_elems': 10084, 'total_shapes': 924, 'total_links': 222, 'num_tensors': 56}
2026-07-16 21:23:05,692 [INFO] [4L/1354](swap: 8, u: 1 | c_u: 1 | t_u_l: 84/942 | t_u_r: 63/943 | t_u: 147/1885) -> {'max_bond': 32, 'max_links': 4, 'total_elems': 12448, 'total_shapes': 1010, 'total_links': 222, 'num_tensors': 56}
2026-07-16 21:23:05,794 [INFO] [2R/1668](swap: 8, u: 0 | c_u: 1 | t_u_l: 84/942 | t_u_r: 63/943 | t_u: 147/1885) -> {'max_bond': 32, 'max_links': 4, 'total_elems': 16320, 'total_shapes': 1118, 'total_links': 222, 'num_tensors': 56}
2026-07-16 21:23:05,902 [INFO] [5L/1354](swap: 9, u: 0 | c_u: 1 | t_u_l: 84/942 | t_u_r: 63/943 | t_u: 147/1885) -> {'max_bond': 32, 'max_links': 4, 'total_elems': 20232, 'total_shapes': 1228, 'total_links': 222, 'num_tensors': 56}
2026-07-16 21:23:06,011 [INFO] [6L/1354](swap: 8, u: 2 | c_u: 3 | t_u_l: 86/942 | t_u_r: 63/943 | t_u: 149/1885) -> {'max_bond': 32, 'max_links': 4, 'total_elems': 28248, 'total_shapes': 1368, 'total_links': 222, 'num_tensors': 56}
2026-07-16 21:23:06,128 [INFO] [3R/1668](swap: 8, u: 0 | c_u: 3 | t_u_l: 86/942 | t_u_r: 63/943 | t_u: 149/1885) -> {'max_bond': 32, 'max_links': 4, 'total_elems': 33816, 'total_shapes': 1504, 'total_links': 222, 'num_tensors': 56}
2026-07-16 21:23:06,255 [INFO] [7L/1354](swap: 9, u: 1 | c_u: 4 | t_u_l: 87/942 | t_u_r: 63/943 | t_u: 150/1885) -> {'max_bond': 64, 'max_links': 4, 'total_elems': 60888, 'total_shapes': 1880, 'total_links': 222, 'num_tensors': 56}
2026-07-16 21:23:06,419 [INFO] [8L/1354](swap: 6, u: 4 | c_u: 8 | t_u_l: 91/942 | t_u_r: 63/943 | t_u: 154/1885) -> {'max_bond': 64, 'max_links': 4, 'total_elems': 95128, 'total_shapes': 2168, 'total_links': 222, 'num_tensors': 56}
2026-07-16 21:23:06,613 [INFO] [4R/1668](swap: 8, u: 0 | c_u: 8 | t_u_l: 91/942 | t_u_r: 63/943 | t_u: 154/1885) -> {'max_bond': 64, 'max_links': 4, 'total_elems': 160024, 'total_shapes': 2608, 'total_links': 222, 'num_tensors': 56}
2026-07-16 21:23:06,890 [INFO] [9L/1354](swap: 7, u: 0 | c_u: 8 | t_u_l: 91/942 | t_u_r: 63/943 | t_u: 154/1885) -> {'max_bond': 128, 'max_links': 4, 'total_elems': 232280, 'total_shapes': 3008, 'total_links': 222, 'num_tensors': 56}
2026-07-16 21:23:07,237 [INFO] [10L/1354](swap: 6, u: 1 | c_u: 9 | t_u_l: 92/942 | t_u_r: 63/943 | t_u: 155/1885) -> {'max_bond': 128, 'max_links': 4, 'total_elems': 316248, 'total_shapes': 3264, 'total_links': 222, 'num_tensors': 56}
2026-07-16 21:23:07,638 [INFO] [11L/1354](swap: 8, u: 0 | c_u: 9 | t_u_l: 92/942 | t_u_r: 63/943 | t_u: 155/1885) -> {'max_bond': 128, 'max_links': 4, 'total_elems': 316440, 'total_shapes': 3256, 'total_links': 222, 'num_tensors': 56}
2026-07-16 21:23:08,063 [INFO] [12L/1354](swap: 9, u: 1 | c_u: 10 | t_u_l: 93/942 | t_u_r: 63/943 | t_u: 156/1885) -> {'max_bond': 128, 'max_links': 4, 'total_elems': 355224, 'total_shapes': 3368, 'total_links': 222, 'num_tensors': 56}
2026-07-16 21:23:08,700 [INFO]     [start unswap] -> {'max_bond': 128, 'max_links': 4, 'total_elems': 355224, 'total_shapes': 3368, 'total_links': 222, 'num_tensors': 56}
2026-07-16 21:23:11,021 [INFO]     [0 | both | 0](candidate_pairs: 28/28 | new_swaps: 2 | total: 2) -> {'max_bond': 256, 'max_links': 4, 'total_elems': 505400, 'total_shapes': 3744, 'total_links': 222, 'num_tensors': 56}
2026-07-16 21:23:12,545 [INFO]     [0 | both | 1](candidate_pairs: 27/27 | new_swaps: 9 | total: 11) -> {'max_bond': 128, 'max_links': 4, 'total_elems': 236952, 'total_shapes': 2892, 'total_links': 222, 'num_tensors': 56}
2026-07-16 21:23:12,880 [INFO]     [0 | left | 0](candidate_pairs: 28/28 | new_swaps: 11 | total: 22) -> {'max_bond': 64, 'max_links': 4, 'total_elems': 143064, 'total_shapes': 2266, 'total_links': 222, 'num_tensors': 56}
2026-07-16 21:23:13,141 [INFO]     [0 | left | 1](candidate_pairs: 27/27 | new_swaps: 11 | total: 33) -> {'max_bond': 64, 'max_links': 4, 'total_elems': 75964, 'total_shapes': 1838, 'total_links': 222, 'num_tensors': 56}
2026-07-16 21:23:13,263 [INFO]     [0 | right | 0](candidate_pairs: 28/28 | new_swaps: 7 | total: 40) -> {'max_bond': 64, 'max_links': 4, 'total_elems': 52836, 'total_shapes': 1514, 'total_links': 222, 'num_tensors': 56}
2026-07-16 21:23:13,393 [INFO]     [0 | right | 1](candidate_pairs: 27/27 | new_swaps: 7 | total: 47) -> {'max_bond': 64, 'max_links': 4, 'total_elems': 32132, 'total_shapes': 1286, 'total_links': 222, 'num_tensors': 56}
2026-07-16 21:23:13,546 [INFO]     [1 | both | 0](candidate_pairs: 28/28 | new_swaps: 12 | total: 12) -> {'max_bond': 32, 'max_links': 4, 'total_elems': 14180, 'total_shapes': 1004, 'total_links': 222, 'num_tensors': 56}
2026-07-16 21:23:13,661 [INFO]     [1 | both | 1](candidate_pairs: 27/27 | new_swaps: 9 | total: 21) -> {'max_bond': 16, 'max_links': 4, 'total_elems': 10476, 'total_shapes': 872, 'total_links': 222, 'num_tensors': 56}
2026-07-16 21:23:13,724 [INFO]     [1 | left | 0](candidate_pairs: 28/28 | new_swaps: 5 | total: 26) -> {'max_bond': 16, 'max_links': 4, 'total_elems': 9284, 'total_shapes': 812, 'total_links': 222, 'num_tensors': 56}
2026-07-16 21:23:13,784 [INFO]     [1 | left | 1](candidate_pairs: 27/27 | new_swaps: 2 | total: 28) -> {'max_bond': 16, 'max_links': 4, 'total_elems': 7748, 'total_shapes': 780, 'total_links': 222, 'num_tensors': 56}
2026-07-16 21:23:13,842 [INFO]     [1 | right | 0](candidate_pairs: 28/28 | new_swaps: 3 | total: 31) -> {'max_bond': 16, 'max_links': 4, 'total_elems': 6420, 'total_shapes': 744, 'total_links': 222, 'num_tensors': 56}
2026-07-16 21:23:13,867 [INFO]     [1 | right | 1](candidate_pairs: 27/27 | new_swaps: 0 | total: 31) -> {'max_bond': 16, 'max_links': 4, 'total_elems': 6420, 'total_shapes': 744, 'total_links': 222, 'num_tensors': 56}
2026-07-16 21:23:13,970 [INFO]     [2 | both | 0](candidate_pairs: 28/28 | new_swaps: 4 | total: 4) -> {'max_bond': 16, 'max_links': 4, 'total_elems': 5976, 'total_shapes': 722, 'total_links': 222, 'num_tensors': 56}
2026-07-16 21:23:14,070 [INFO]     [2 | both | 1](candidate_pairs: 27/27 | new_swaps: 4 | total: 8) -> {'max_bond': 16, 'max_links': 4, 'total_elems': 5676, 'total_shapes': 704, 'total_links': 222, 'num_tensors': 56}
2026-07-16 21:23:14,095 [INFO]     [2 | left | 0](candidate_pairs: 28/28 | new_swaps: 0 | total: 8) -> {'max_bond': 16, 'max_links': 4, 'total_elems': 5676, 'total_shapes': 704, 'total_links': 222, 'num_tensors': 56}
2026-07-16 21:23:14,120 [INFO]     [2 | left | 1](candidate_pairs: 27/27 | new_swaps: 0 | total: 8) -> {'max_bond': 16, 'max_links': 4, 'total_elems': 5676, 'total_shapes': 704, 'total_links': 222, 'num_tensors': 56}
2026-07-16 21:23:14,163 [INFO]     [2 | right | 0](candidate_pairs: 28/28 | new_swaps: 1 | total: 9) -> {'max_bond': 16, 'max_links': 4, 'total_elems': 5628, 'total_shapes': 700, 'total_links': 222, 'num_tensors': 56}
2026-07-16 21:23:14,205 [INFO]     [2 | right | 1](candidate_pairs: 27/27 | new_swaps: 1 | total: 10) -> {'max_bond': 16, 'max_links': 4, 'total_elems': 5436, 'total_shapes': 692, 'total_links': 222, 'num_tensors': 56}
2026-07-16 21:23:14,292 [INFO]     [3 | both | 0](candidate_pairs: 28/28 | new_swaps: 1 | total: 1) -> {'max_bond': 16, 'max_links': 4, 'total_elems': 5424, 'total_shapes': 690, 'total_links': 222, 'num_tensors': 56}
2026-07-16 21:23:14,378 [INFO]     [3 | both | 1](candidate_pairs: 27/27 | new_swaps: 1 | total: 2) -> {'max_bond': 16, 'max_links': 4, 'total_elems': 5412, 'total_shapes': 688, 'total_links': 222, 'num_tensors': 56}
2026-07-16 21:23:14,403 [INFO]     [3 | left | 0](candidate_pairs: 28/28 | new_swaps: 0 | total: 2) -> {'max_bond': 16, 'max_links': 4, 'total_elems': 5412, 'total_shapes': 688, 'total_links': 222, 'num_tensors': 56}
2026-07-16 21:23:14,427 [INFO]     [3 | left | 1](candidate_pairs: 27/27 | new_swaps: 0 | total: 2) -> {'max_bond': 16, 'max_links': 4, 'total_elems': 5412, 'total_shapes': 688, 'total_links': 222, 'num_tensors': 56}
2026-07-16 21:23:14,470 [INFO]     [3 | right | 0](candidate_pairs: 28/28 | new_swaps: 1 | total: 3) -> {'max_bond': 16, 'max_links': 4, 'total_elems': 5220, 'total_shapes': 680, 'total_links': 222, 'num_tensors': 56}
2026-07-16 21:23:14,494 [INFO]     [3 | right | 1](candidate_pairs: 27/27 | new_swaps: 0 | total: 3) -> {'max_bond': 16, 'max_links': 4, 'total_elems': 5220, 'total_shapes': 680, 'total_links': 222, 'num_tensors': 56}
2026-07-16 21:23:14,543 [INFO]     [4 | both | 0](candidate_pairs: 28/28 | new_swaps: 0 | total: 0) -> {'max_bond': 16, 'max_links': 4, 'total_elems': 5220, 'total_shapes': 680, 'total_links': 222, 'num_tensors': 56}
2026-07-16 21:23:14,629 [INFO]     [4 | both | 1](candidate_pairs: 27/27 | new_swaps: 1 | total: 1) -> {'max_bond': 16, 'max_links': 4, 'total_elems': 5028, 'total_shapes': 672, 'total_links': 222, 'num_tensors': 56}
2026-07-16 21:23:14,653 [INFO]     [4 | left | 0](candidate_pairs: 28/28 | new_swaps: 0 | total: 1) -> {'max_bond': 16, 'max_links': 4, 'total_elems': 5028, 'total_shapes': 672, 'total_links': 222, 'num_tensors': 56}
2026-07-16 21:23:14,677 [INFO]     [4 | left | 1](candidate_pairs: 27/27 | new_swaps: 0 | total: 1) -> {'max_bond': 16, 'max_links': 4, 'total_elems': 5028, 'total_shapes': 672, 'total_links': 222, 'num_tensors': 56}
2026-07-16 21:23:14,701 [INFO]     [4 | right | 0](candidate_pairs: 28/28 | new_swaps: 0 | total: 1) -> {'max_bond': 16, 'max_links': 4, 'total_elems': 5028, 'total_shapes': 672, 'total_links': 222, 'num_tensors': 56}
2026-07-16 21:23:14,725 [INFO]     [4 | right | 1](candidate_pairs: 27/27 | new_swaps: 0 | total: 1) -> {'max_bond': 16, 'max_links': 4, 'total_elems': 5028, 'total_shapes': 672, 'total_links': 222, 'num_tensors': 56}
2026-07-16 21:23:14,813 [INFO]     [5 | both | 0](candidate_pairs: 28/28 | new_swaps: 1 | total: 1) -> {'max_bond': 16, 'max_links': 4, 'total_elems': 4836, 'total_shapes': 664, 'total_links': 222, 'num_tensors': 56}
2026-07-16 21:23:14,859 [INFO]     [5 | both | 1](candidate_pairs: 27/27 | new_swaps: 0 | total: 1) -> {'max_bond': 16, 'max_links': 4, 'total_elems': 4836, 'total_shapes': 664, 'total_links': 222, 'num_tensors': 56}
2026-07-16 21:23:14,883 [INFO]     [5 | left | 0](candidate_pairs: 28/28 | new_swaps: 0 | total: 1) -> {'max_bond': 16, 'max_links': 4, 'total_elems': 4836, 'total_shapes': 664, 'total_links': 222, 'num_tensors': 56}
2026-07-16 21:23:14,907 [INFO]     [5 | left | 1](candidate_pairs: 27/27 | new_swaps: 0 | total: 1) -> {'max_bond': 16, 'max_links': 4, 'total_elems': 4836, 'total_shapes': 664, 'total_links': 222, 'num_tensors': 56}
2026-07-16 21:23:14,931 [INFO]     [5 | right | 0](candidate_pairs: 28/28 | new_swaps: 0 | total: 1) -> {'max_bond': 16, 'max_links': 4, 'total_elems': 4836, 'total_shapes': 664, 'total_links': 222, 'num_tensors': 56}
2026-07-16 21:23:14,955 [INFO]     [5 | right | 1](candidate_pairs: 27/27 | new_swaps: 0 | total: 1) -> {'max_bond': 16, 'max_links': 4, 'total_elems': 4836, 'total_shapes': 664, 'total_links': 222, 'num_tensors': 56}
2026-07-16 21:23:15,003 [INFO]     [6 | both | 0](candidate_pairs: 28/28 | new_swaps: 0 | total: 0) -> {'max_bond': 16, 'max_links': 4, 'total_elems': 4836, 'total_shapes': 664, 'total_links': 222, 'num_tensors': 56}
2026-07-16 21:23:15,049 [INFO]     [6 | both | 1](candidate_pairs: 27/27 | new_swaps: 0 | total: 0) -> {'max_bond': 16, 'max_links': 4, 'total_elems': 4836, 'total_shapes': 664, 'total_links': 222, 'num_tensors': 56}
2026-07-16 21:23:15,074 [INFO]     [6 | left | 0](candidate_pairs: 28/28 | new_swaps: 0 | total: 0) -> {'max_bond': 16, 'max_links': 4, 'total_elems': 4836, 'total_shapes': 664, 'total_links': 222, 'num_tensors': 56}
2026-07-16 21:23:15,098 [INFO]     [6 | left | 1](candidate_pairs: 27/27 | new_swaps: 0 | total: 0) -> {'max_bond': 16, 'max_links': 4, 'total_elems': 4836, 'total_shapes': 664, 'total_links': 222, 'num_tensors': 56}
2026-07-16 21:23:15,123 [INFO]     [6 | right | 0](candidate_pairs: 28/28 | new_swaps: 0 | total: 0) -> {'max_bond': 16, 'max_links': 4, 'total_elems': 4836, 'total_shapes': 664, 'total_links': 222, 'num_tensors': 56}
2026-07-16 21:23:15,146 [INFO]     [6 | right | 1](candidate_pairs: 27/27 | new_swaps: 0 | total: 0) -> {'max_bond': 16, 'max_links': 4, 'total_elems': 4836, 'total_shapes': 664, 'total_links': 222, 'num_tensors': 56}
2026-07-16 21:23:15,147 [INFO]     [end unswap] -> {'max_bond': 16, 'max_links': 4, 'total_elems': 4836, 'total_shapes': 664, 'total_links': 222, 'num_tensors': 56}
2026-07-16 21:23:16,724 [INFO] [start rewire](phase=post_unswap, cycle=15, side=left, layers=1344, trials=50, seed=123, parallel=False, route_candidates=1, route_score=none)
2026-07-16 21:23:18,768 [INFO] [end rewire](phase=post_unswap, cycle=15, side=left, routed_layers=1364, elapsed_s=2.04)
2026-07-16 21:23:18,769 [INFO] [start rewire](phase=post_unswap, cycle=15, side=right, layers=1666, trials=50, seed=123, parallel=False, route_candidates=1, route_score=none)
2026-07-16 21:23:20,013 [INFO] [end rewire](phase=post_unswap, cycle=15, side=right, routed_layers=1514, elapsed_s=1.24)
2026-07-16 21:23:20,196 [INFO] [1L/1362](swap: 13, u: 1 | c_u: 1 | t_u_l: 94/942 | t_u_r: 63/943 | t_u: 157/1885) -> {'max_bond': 16, 'max_links': 4, 'total_elems': 4836, 'total_shapes': 664, 'total_links': 222, 'num_tensors': 56}
2026-07-16 21:23:20,298 [INFO] [1R/1512](swap: 8, u: 1 | c_u: 2 | t_u_l: 94/942 | t_u_r: 64/943 | t_u: 158/1885) -> {'max_bond': 16, 'max_links': 4, 'total_elems': 5072, 'total_shapes': 696, 'total_links': 222, 'num_tensors': 56}
2026-07-16 21:23:20,400 [INFO] [2L/1362](swap: 16, u: 0 | c_u: 2 | t_u_l: 94/942 | t_u_r: 64/943 | t_u: 158/1885) -> {'max_bond': 32, 'max_links': 4, 'total_elems': 7088, 'total_shapes': 790, 'total_links': 222, 'num_tensors': 56}
2026-07-16 21:23:20,505 [INFO] [2R/1512](swap: 7, u: 0 | c_u: 2 | t_u_l: 94/942 | t_u_r: 64/943 | t_u: 158/1885) -> {'max_bond': 32, 'max_links': 4, 'total_elems': 9876, 'total_shapes': 908, 'total_links': 222, 'num_tensors': 56}
2026-07-16 21:23:20,612 [INFO] [3L/1362](swap: 15, u: 0 | c_u: 2 | t_u_l: 94/942 | t_u_r: 64/943 | t_u: 158/1885) -> {'max_bond': 32, 'max_links': 4, 'total_elems': 22584, 'total_shapes': 1108, 'total_links': 222, 'num_tensors': 56}
2026-07-16 21:23:20,729 [INFO] [4L/1362](swap: 17, u: 0 | c_u: 2 | t_u_l: 94/942 | t_u_r: 64/943 | t_u: 158/1885) -> {'max_bond': 32, 'max_links': 4, 'total_elems': 28312, 'total_shapes': 1282, 'total_links': 222, 'num_tensors': 56}
2026-07-16 21:23:20,860 [INFO] [5L/1362](swap: 17, u: 1 | c_u: 3 | t_u_l: 95/942 | t_u_r: 64/943 | t_u: 159/1885) -> {'max_bond': 32, 'max_links': 4, 'total_elems': 43892, 'total_shapes': 1572, 'total_links': 222, 'num_tensors': 56}
2026-07-16 21:23:21,004 [INFO] [3R/1512](swap: 7, u: 0 | c_u: 3 | t_u_l: 95/942 | t_u_r: 64/943 | t_u: 159/1885) -> {'max_bond': 32, 'max_links': 4, 'total_elems': 45752, 'total_shapes': 1622, 'total_links': 222, 'num_tensors': 56}
2026-07-16 21:23:21,159 [INFO] [4R/1512](swap: 5, u: 2 | c_u: 5 | t_u_l: 95/942 | t_u_r: 66/943 | t_u: 161/1885) -> {'max_bond': 128, 'max_links': 4, 'total_elems': 73336, 'total_shapes': 1876, 'total_links': 222, 'num_tensors': 56}
2026-07-16 21:23:21,332 [INFO] [6L/1362](swap: 16, u: 1 | c_u: 6 | t_u_l: 96/942 | t_u_r: 66/943 | t_u: 162/1885) -> {'max_bond': 64, 'max_links': 4, 'total_elems': 85144, 'total_shapes': 2200, 'total_links': 222, 'num_tensors': 56}
2026-07-16 21:23:21,507 [INFO] [5R/1512](swap: 7, u: 0 | c_u: 6 | t_u_l: 96/942 | t_u_r: 66/943 | t_u: 162/1885) -> {'max_bond': 64, 'max_links': 4, 'total_elems': 107512, 'total_shapes': 2420, 'total_links': 222, 'num_tensors': 56}
2026-07-16 21:23:21,695 [INFO] [7L/1362](swap: 18, u: 1 | c_u: 7 | t_u_l: 97/942 | t_u_r: 66/943 | t_u: 163/1885) -> {'max_bond': 64, 'max_links': 4, 'total_elems': 120024, 'total_shapes': 2500, 'total_links': 222, 'num_tensors': 56}
2026-07-16 21:23:21,924 [INFO] [6R/1512](swap: 8, u: 0 | c_u: 7 | t_u_l: 97/942 | t_u_r: 66/943 | t_u: 163/1885) -> {'max_bond': 64, 'max_links': 4, 'total_elems': 145240, 'total_shapes': 2756, 'total_links': 222, 'num_tensors': 56}
2026-07-16 21:23:22,204 [INFO] [7R/1512](swap: 9, u: 0 | c_u: 7 | t_u_l: 97/942 | t_u_r: 66/943 | t_u: 163/1885) -> {'max_bond': 64, 'max_links': 4, 'total_elems': 178008, 'total_shapes': 2972, 'total_links': 222, 'num_tensors': 56}
2026-07-16 21:23:22,564 [INFO] [8L/1362](swap: 14, u: 3 | c_u: 10 | t_u_l: 100/942 | t_u_r: 66/943 | t_u: 166/1885) -> {'max_bond': 128, 'max_links': 4, 'total_elems': 274840, 'total_shapes': 3820, 'total_links': 222, 'num_tensors': 56}
2026-07-16 21:23:23,006 [INFO] [8R/1512](swap: 9, u: 0 | c_u: 10 | t_u_l: 100/942 | t_u_r: 66/943 | t_u: 166/1885) -> {'max_bond': 256, 'max_links': 4, 'total_elems': 386872, 'total_shapes': 4264, 'total_links': 222, 'num_tensors': 56}
2026-07-16 21:23:23,764 [INFO]     [start unswap] -> {'max_bond': 256, 'max_links': 4, 'total_elems': 386872, 'total_shapes': 4264, 'total_links': 222, 'num_tensors': 56}
2026-07-16 21:23:26,408 [INFO]     [0 | both | 0](candidate_pairs: 28/28 | new_swaps: 7 | total: 7) -> {'max_bond': 128, 'max_links': 4, 'total_elems': 354168, 'total_shapes': 4208, 'total_links': 222, 'num_tensors': 56}
2026-07-16 21:23:27,294 [INFO]     [0 | both | 1](candidate_pairs: 27/27 | new_swaps: 13 | total: 20) -> {'max_bond': 64, 'max_links': 4, 'total_elems': 224840, 'total_shapes': 3138, 'total_links': 222, 'num_tensors': 56}
2026-07-16 21:23:27,598 [INFO]     [0 | left | 0](candidate_pairs: 28/28 | new_swaps: 9 | total: 29) -> {'max_bond': 64, 'max_links': 4, 'total_elems': 190152, 'total_shapes': 2754, 'total_links': 222, 'num_tensors': 56}
2026-07-16 21:23:27,894 [INFO]     [0 | left | 1](candidate_pairs: 27/27 | new_swaps: 10 | total: 39) -> {'max_bond': 64, 'max_links': 4, 'total_elems': 128088, 'total_shapes': 2318, 'total_links': 222, 'num_tensors': 56}
2026-07-16 21:23:28,088 [INFO]     [0 | right | 0](candidate_pairs: 28/28 | new_swaps: 9 | total: 48) -> {'max_bond': 64, 'max_links': 4, 'total_elems': 81224, 'total_shapes': 1846, 'total_links': 222, 'num_tensors': 56}
2026-07-16 21:23:28,249 [INFO]     [0 | right | 1](candidate_pairs: 27/27 | new_swaps: 5 | total: 53) -> {'max_bond': 64, 'max_links': 4, 'total_elems': 51528, 'total_shapes': 1630, 'total_links': 222, 'num_tensors': 56}
2026-07-16 21:23:28,446 [INFO]     [1 | both | 0](candidate_pairs: 28/28 | new_swaps: 8 | total: 8) -> {'max_bond': 32, 'max_links': 4, 'total_elems': 33416, 'total_shapes': 1342, 'total_links': 222, 'num_tensors': 56}
2026-07-16 21:23:28,607 [INFO]     [1 | both | 1](candidate_pairs: 27/27 | new_swaps: 5 | total: 13) -> {'max_bond': 32, 'max_links': 4, 'total_elems': 25496, 'total_shapes': 1202, 'total_links': 222, 'num_tensors': 56}
2026-07-16 21:23:28,681 [INFO]     [1 | left | 0](candidate_pairs: 28/28 | new_swaps: 3 | total: 16) -> {'max_bond': 32, 'max_links': 4, 'total_elems': 24184, 'total_shapes': 1166, 'total_links': 222, 'num_tensors': 56}
2026-07-16 21:23:28,759 [INFO]     [1 | left | 1](candidate_pairs: 27/27 | new_swaps: 5 | total: 21) -> {'max_bond': 32, 'max_links': 4, 'total_elems': 23096, 'total_shapes': 1114, 'total_links': 222, 'num_tensors': 56}
2026-07-16 21:23:28,833 [INFO]     [1 | right | 0](candidate_pairs: 28/28 | new_swaps: 4 | total: 25) -> {'max_bond': 32, 'max_links': 4, 'total_elems': 19256, 'total_shapes': 1054, 'total_links': 222, 'num_tensors': 56}
2026-07-16 21:23:28,902 [INFO]     [1 | right | 1](candidate_pairs: 27/27 | new_swaps: 3 | total: 28) -> {'max_bond': 32, 'max_links': 4, 'total_elems': 17768, 'total_shapes': 1014, 'total_links': 222, 'num_tensors': 56}
2026-07-16 21:23:29,035 [INFO]     [2 | both | 0](candidate_pairs: 28/28 | new_swaps: 7 | total: 7) -> {'max_bond': 32, 'max_links': 4, 'total_elems': 12488, 'total_shapes': 916, 'total_links': 222, 'num_tensors': 56}
2026-07-16 21:23:29,149 [INFO]     [2 | both | 1](candidate_pairs: 27/27 | new_swaps: 7 | total: 14) -> {'max_bond': 16, 'max_links': 4, 'total_elems': 8216, 'total_shapes': 808, 'total_links': 222, 'num_tensors': 56}
2026-07-16 21:23:29,209 [INFO]     [2 | left | 0](candidate_pairs: 28/28 | new_swaps: 5 | total: 19) -> {'max_bond': 16, 'max_links': 4, 'total_elems': 7128, 'total_shapes': 756, 'total_links': 222, 'num_tensors': 56}
2026-07-16 21:23:29,267 [INFO]     [2 | left | 1](candidate_pairs: 27/27 | new_swaps: 3 | total: 22) -> {'max_bond': 16, 'max_links': 4, 'total_elems': 6904, 'total_shapes': 738, 'total_links': 222, 'num_tensors': 56}
2026-07-16 21:23:29,324 [INFO]     [2 | right | 0](candidate_pairs: 28/28 | new_swaps: 3 | total: 25) -> {'max_bond': 16, 'max_links': 4, 'total_elems': 6648, 'total_shapes': 722, 'total_links': 222, 'num_tensors': 56}
2026-07-16 21:23:29,379 [INFO]     [2 | right | 1](candidate_pairs: 27/27 | new_swaps: 1 | total: 26) -> {'max_bond': 16, 'max_links': 4, 'total_elems': 6456, 'total_shapes': 710, 'total_links': 222, 'num_tensors': 56}
2026-07-16 21:23:29,480 [INFO]     [3 | both | 0](candidate_pairs: 28/28 | new_swaps: 3 | total: 3) -> {'max_bond': 16, 'max_links': 4, 'total_elems': 5436, 'total_shapes': 680, 'total_links': 222, 'num_tensors': 56}
2026-07-16 21:23:29,577 [INFO]     [3 | both | 1](candidate_pairs: 27/27 | new_swaps: 3 | total: 6) -> {'max_bond': 16, 'max_links': 4, 'total_elems': 5328, 'total_shapes': 670, 'total_links': 222, 'num_tensors': 56}
2026-07-16 21:23:29,601 [INFO]     [3 | left | 0](candidate_pairs: 28/28 | new_swaps: 0 | total: 6) -> {'max_bond': 16, 'max_links': 4, 'total_elems': 5328, 'total_shapes': 670, 'total_links': 222, 'num_tensors': 56}
2026-07-16 21:23:29,644 [INFO]     [3 | left | 1](candidate_pairs: 27/27 | new_swaps: 1 | total: 7) -> {'max_bond': 16, 'max_links': 4, 'total_elems': 5280, 'total_shapes': 666, 'total_links': 222, 'num_tensors': 56}
2026-07-16 21:23:29,698 [INFO]     [3 | right | 0](candidate_pairs: 28/28 | new_swaps: 2 | total: 9) -> {'max_bond': 16, 'max_links': 4, 'total_elems': 5160, 'total_shapes': 656, 'total_links': 222, 'num_tensors': 56}
2026-07-16 21:23:29,752 [INFO]     [3 | right | 1](candidate_pairs: 27/27 | new_swaps: 1 | total: 10) -> {'max_bond': 16, 'max_links': 4, 'total_elems': 4520, 'total_shapes': 640, 'total_links': 222, 'num_tensors': 56}
2026-07-16 21:23:29,799 [INFO]     [4 | both | 0](candidate_pairs: 28/28 | new_swaps: 0 | total: 0) -> {'max_bond': 16, 'max_links': 4, 'total_elems': 4520, 'total_shapes': 640, 'total_links': 222, 'num_tensors': 56}
2026-07-16 21:23:29,894 [INFO]     [4 | both | 1](candidate_pairs: 27/27 | new_swaps: 2 | total: 2) -> {'max_bond': 16, 'max_links': 4, 'total_elems': 4448, 'total_shapes': 632, 'total_links': 222, 'num_tensors': 56}
2026-07-16 21:23:29,917 [INFO]     [4 | left | 0](candidate_pairs: 28/28 | new_swaps: 0 | total: 2) -> {'max_bond': 16, 'max_links': 4, 'total_elems': 4448, 'total_shapes': 632, 'total_links': 222, 'num_tensors': 56}
2026-07-16 21:23:29,941 [INFO]     [4 | left | 1](candidate_pairs: 27/27 | new_swaps: 0 | total: 2) -> {'max_bond': 16, 'max_links': 4, 'total_elems': 4448, 'total_shapes': 632, 'total_links': 222, 'num_tensors': 56}
2026-07-16 21:23:29,965 [INFO]     [4 | right | 0](candidate_pairs: 28/28 | new_swaps: 0 | total: 2) -> {'max_bond': 16, 'max_links': 4, 'total_elems': 4448, 'total_shapes': 632, 'total_links': 222, 'num_tensors': 56}
2026-07-16 21:23:29,988 [INFO]     [4 | right | 1](candidate_pairs: 27/27 | new_swaps: 0 | total: 2) -> {'max_bond': 16, 'max_links': 4, 'total_elems': 4448, 'total_shapes': 632, 'total_links': 222, 'num_tensors': 56}
2026-07-16 21:23:30,084 [INFO]     [5 | both | 0](candidate_pairs: 28/28 | new_swaps: 2 | total: 2) -> {'max_bond': 16, 'max_links': 4, 'total_elems': 4376, 'total_shapes': 624, 'total_links': 222, 'num_tensors': 56}
2026-07-16 21:23:30,168 [INFO]     [5 | both | 1](candidate_pairs: 27/27 | new_swaps: 1 | total: 3) -> {'max_bond': 16, 'max_links': 4, 'total_elems': 4364, 'total_shapes': 622, 'total_links': 222, 'num_tensors': 56}
2026-07-16 21:23:30,191 [INFO]     [5 | left | 0](candidate_pairs: 28/28 | new_swaps: 0 | total: 3) -> {'max_bond': 16, 'max_links': 4, 'total_elems': 4364, 'total_shapes': 622, 'total_links': 222, 'num_tensors': 56}
2026-07-16 21:23:30,233 [INFO]     [5 | left | 1](candidate_pairs: 27/27 | new_swaps: 1 | total: 4) -> {'max_bond': 16, 'max_links': 4, 'total_elems': 4304, 'total_shapes': 616, 'total_links': 222, 'num_tensors': 56}
2026-07-16 21:23:30,256 [INFO]     [5 | right | 0](candidate_pairs: 28/28 | new_swaps: 0 | total: 4) -> {'max_bond': 16, 'max_links': 4, 'total_elems': 4304, 'total_shapes': 616, 'total_links': 222, 'num_tensors': 56}
2026-07-16 21:23:30,280 [INFO]     [5 | right | 1](candidate_pairs: 27/27 | new_swaps: 0 | total: 4) -> {'max_bond': 16, 'max_links': 4, 'total_elems': 4304, 'total_shapes': 616, 'total_links': 222, 'num_tensors': 56}
2026-07-16 21:23:30,364 [INFO]     [6 | both | 0](candidate_pairs: 28/28 | new_swaps: 1 | total: 1) -> {'max_bond': 16, 'max_links': 4, 'total_elems': 4244, 'total_shapes': 610, 'total_links': 222, 'num_tensors': 56}
2026-07-16 21:23:30,409 [INFO]     [6 | both | 1](candidate_pairs: 27/27 | new_swaps: 0 | total: 1) -> {'max_bond': 16, 'max_links': 4, 'total_elems': 4244, 'total_shapes': 610, 'total_links': 222, 'num_tensors': 56}
2026-07-16 21:23:30,433 [INFO]     [6 | left | 0](candidate_pairs: 28/28 | new_swaps: 0 | total: 1) -> {'max_bond': 16, 'max_links': 4, 'total_elems': 4244, 'total_shapes': 610, 'total_links': 222, 'num_tensors': 56}
2026-07-16 21:23:30,475 [INFO]     [6 | left | 1](candidate_pairs: 27/27 | new_swaps: 1 | total: 2) -> {'max_bond': 16, 'max_links': 4, 'total_elems': 4204, 'total_shapes': 606, 'total_links': 222, 'num_tensors': 56}
2026-07-16 21:23:30,498 [INFO]     [6 | right | 0](candidate_pairs: 28/28 | new_swaps: 0 | total: 2) -> {'max_bond': 16, 'max_links': 4, 'total_elems': 4204, 'total_shapes': 606, 'total_links': 222, 'num_tensors': 56}
2026-07-16 21:23:30,520 [INFO]     [6 | right | 1](candidate_pairs: 27/27 | new_swaps: 0 | total: 2) -> {'max_bond': 16, 'max_links': 4, 'total_elems': 4204, 'total_shapes': 606, 'total_links': 222, 'num_tensors': 56}
2026-07-16 21:23:30,566 [INFO]     [7 | both | 0](candidate_pairs: 28/28 | new_swaps: 0 | total: 0) -> {'max_bond': 16, 'max_links': 4, 'total_elems': 4204, 'total_shapes': 606, 'total_links': 222, 'num_tensors': 56}
2026-07-16 21:23:30,617 [INFO]     [7 | both | 1](candidate_pairs: 27/27 | new_swaps: 0 | total: 0) -> {'max_bond': 16, 'max_links': 4, 'total_elems': 4204, 'total_shapes': 606, 'total_links': 222, 'num_tensors': 56}
2026-07-16 21:23:30,660 [INFO]     [7 | left | 0](candidate_pairs: 28/28 | new_swaps: 1 | total: 1) -> {'max_bond': 16, 'max_links': 4, 'total_elems': 4156, 'total_shapes': 600, 'total_links': 222, 'num_tensors': 56}
2026-07-16 21:23:30,683 [INFO]     [7 | left | 1](candidate_pairs: 27/27 | new_swaps: 0 | total: 1) -> {'max_bond': 16, 'max_links': 4, 'total_elems': 4156, 'total_shapes': 600, 'total_links': 222, 'num_tensors': 56}
2026-07-16 21:23:30,707 [INFO]     [7 | right | 0](candidate_pairs: 28/28 | new_swaps: 0 | total: 1) -> {'max_bond': 16, 'max_links': 4, 'total_elems': 4156, 'total_shapes': 600, 'total_links': 222, 'num_tensors': 56}
2026-07-16 21:23:30,730 [INFO]     [7 | right | 1](candidate_pairs: 27/27 | new_swaps: 0 | total: 1) -> {'max_bond': 16, 'max_links': 4, 'total_elems': 4156, 'total_shapes': 600, 'total_links': 222, 'num_tensors': 56}
2026-07-16 21:23:30,775 [INFO]     [8 | both | 0](candidate_pairs: 28/28 | new_swaps: 0 | total: 0) -> {'max_bond': 16, 'max_links': 4, 'total_elems': 4156, 'total_shapes': 600, 'total_links': 222, 'num_tensors': 56}
2026-07-16 21:23:30,859 [INFO]     [8 | both | 1](candidate_pairs: 27/27 | new_swaps: 1 | total: 1) -> {'max_bond': 16, 'max_links': 4, 'total_elems': 4144, 'total_shapes': 598, 'total_links': 222, 'num_tensors': 56}
2026-07-16 21:23:30,883 [INFO]     [8 | left | 0](candidate_pairs: 28/28 | new_swaps: 0 | total: 1) -> {'max_bond': 16, 'max_links': 4, 'total_elems': 4144, 'total_shapes': 598, 'total_links': 222, 'num_tensors': 56}
2026-07-16 21:23:30,907 [INFO]     [8 | left | 1](candidate_pairs: 27/27 | new_swaps: 0 | total: 1) -> {'max_bond': 16, 'max_links': 4, 'total_elems': 4144, 'total_shapes': 598, 'total_links': 222, 'num_tensors': 56}
2026-07-16 21:23:30,930 [INFO]     [8 | right | 0](candidate_pairs: 28/28 | new_swaps: 0 | total: 1) -> {'max_bond': 16, 'max_links': 4, 'total_elems': 4144, 'total_shapes': 598, 'total_links': 222, 'num_tensors': 56}
2026-07-16 21:23:30,953 [INFO]     [8 | right | 1](candidate_pairs: 27/27 | new_swaps: 0 | total: 1) -> {'max_bond': 16, 'max_links': 4, 'total_elems': 4144, 'total_shapes': 598, 'total_links': 222, 'num_tensors': 56}
2026-07-16 21:23:30,997 [INFO]     [9 | both | 0](candidate_pairs: 28/28 | new_swaps: 0 | total: 0) -> {'max_bond': 16, 'max_links': 4, 'total_elems': 4144, 'total_shapes': 598, 'total_links': 222, 'num_tensors': 56}
2026-07-16 21:23:31,043 [INFO]     [9 | both | 1](candidate_pairs: 27/27 | new_swaps: 0 | total: 0) -> {'max_bond': 16, 'max_links': 4, 'total_elems': 4144, 'total_shapes': 598, 'total_links': 222, 'num_tensors': 56}
2026-07-16 21:23:31,066 [INFO]     [9 | left | 0](candidate_pairs: 28/28 | new_swaps: 0 | total: 0) -> {'max_bond': 16, 'max_links': 4, 'total_elems': 4144, 'total_shapes': 598, 'total_links': 222, 'num_tensors': 56}
2026-07-16 21:23:31,090 [INFO]     [9 | left | 1](candidate_pairs: 27/27 | new_swaps: 0 | total: 0) -> {'max_bond': 16, 'max_links': 4, 'total_elems': 4144, 'total_shapes': 598, 'total_links': 222, 'num_tensors': 56}
2026-07-16 21:23:31,113 [INFO]     [9 | right | 0](candidate_pairs: 28/28 | new_swaps: 0 | total: 0) -> {'max_bond': 16, 'max_links': 4, 'total_elems': 4144, 'total_shapes': 598, 'total_links': 222, 'num_tensors': 56}
2026-07-16 21:23:31,136 [INFO]     [9 | right | 1](candidate_pairs: 27/27 | new_swaps: 0 | total: 0) -> {'max_bond': 16, 'max_links': 4, 'total_elems': 4144, 'total_shapes': 598, 'total_links': 222, 'num_tensors': 56}
2026-07-16 21:23:31,137 [INFO]     [end unswap] -> {'max_bond': 16, 'max_links': 4, 'total_elems': 4144, 'total_shapes': 598, 'total_links': 222, 'num_tensors': 56}
2026-07-16 21:23:33,596 [INFO] [start rewire](phase=post_unswap, cycle=16, side=left, layers=1356, trials=50, seed=123, parallel=False, route_candidates=1, route_score=none)
2026-07-16 21:23:36,069 [INFO] [end rewire](phase=post_unswap, cycle=16, side=left, routed_layers=1504, elapsed_s=2.47)
2026-07-16 21:23:36,070 [INFO] [start rewire](phase=post_unswap, cycle=16, side=right, layers=1506, trials=50, seed=123, parallel=False, route_candidates=1, route_score=none)
2026-07-16 21:23:37,937 [INFO] [end rewire](phase=post_unswap, cycle=16, side=right, routed_layers=1648, elapsed_s=1.87)
2026-07-16 21:23:38,132 [INFO] [1L/1502](swap: 14, u: 1 | c_u: 1 | t_u_l: 101/942 | t_u_r: 66/943 | t_u: 167/1885) -> {'max_bond': 16, 'max_links': 4, 'total_elems': 4144, 'total_shapes': 598, 'total_links': 222, 'num_tensors': 56}
2026-07-16 21:23:38,239 [INFO] [1R/1646](swap: 6, u: 3 | c_u: 4 | t_u_l: 101/942 | t_u_r: 69/943 | t_u: 170/1885) -> {'max_bond': 16, 'max_links': 4, 'total_elems': 4884, 'total_shapes': 640, 'total_links': 222, 'num_tensors': 56}
2026-07-16 21:23:38,345 [INFO] [2L/1502](swap: 13, u: 0 | c_u: 4 | t_u_l: 101/942 | t_u_r: 69/943 | t_u: 170/1885) -> {'max_bond': 16, 'max_links': 4, 'total_elems': 6912, 'total_shapes': 722, 'total_links': 222, 'num_tensors': 56}
2026-07-16 21:23:38,453 [INFO] [2R/1646](swap: 7, u: 1 | c_u: 5 | t_u_l: 101/942 | t_u_r: 70/943 | t_u: 171/1885) -> {'max_bond': 32, 'max_links': 4, 'total_elems': 10024, 'total_shapes': 818, 'total_links': 222, 'num_tensors': 56}
2026-07-16 21:23:38,564 [INFO] [3R/1646](swap: 5, u: 1 | c_u: 6 | t_u_l: 101/942 | t_u_r: 71/943 | t_u: 172/1885) -> {'max_bond': 32, 'max_links': 4, 'total_elems': 11744, 'total_shapes': 868, 'total_links': 222, 'num_tensors': 56}
2026-07-16 21:23:38,675 [INFO] [4R/1646](swap: 7, u: 0 | c_u: 6 | t_u_l: 101/942 | t_u_r: 71/943 | t_u: 172/1885) -> {'max_bond': 32, 'max_links': 4, 'total_elems': 13324, 'total_shapes': 924, 'total_links': 222, 'num_tensors': 56}
2026-07-16 21:23:38,787 [INFO] [5R/1646](swap: 6, u: 0 | c_u: 6 | t_u_l: 101/942 | t_u_r: 71/943 | t_u: 172/1885) -> {'max_bond': 32, 'max_links': 4, 'total_elems': 14716, 'total_shapes': 968, 'total_links': 222, 'num_tensors': 56}
2026-07-16 21:23:38,901 [INFO] [3L/1502](swap: 11, u: 1 | c_u: 7 | t_u_l: 102/942 | t_u_r: 71/943 | t_u: 173/1885) -> {'max_bond': 32, 'max_links': 4, 'total_elems': 21872, 'total_shapes': 1112, 'total_links': 222, 'num_tensors': 56}
2026-07-16 21:23:39,017 [INFO] [6R/1646](swap: 5, u: 0 | c_u: 7 | t_u_l: 102/942 | t_u_r: 71/943 | t_u: 173/1885) -> {'max_bond': 32, 'max_links': 4, 'total_elems': 22160, 'total_shapes': 1124, 'total_links': 222, 'num_tensors': 56}
2026-07-16 21:23:39,133 [INFO] [7R/1646](swap: 4, u: 0 | c_u: 7 | t_u_l: 102/942 | t_u_r: 71/943 | t_u: 173/1885) -> {'max_bond': 64, 'max_links': 4, 'total_elems': 28880, 'total_shapes': 1244, 'total_links': 222, 'num_tensors': 56}
2026-07-16 21:23:39,254 [INFO] [8R/1646](swap: 4, u: 0 | c_u: 7 | t_u_l: 102/942 | t_u_r: 71/943 | t_u: 173/1885) -> {'max_bond': 64, 'max_links': 4, 'total_elems': 31320, 'total_shapes': 1302, 'total_links': 222, 'num_tensors': 56}
2026-07-16 21:23:39,373 [INFO] [4L/1502](swap: 10, u: 0 | c_u: 7 | t_u_l: 102/942 | t_u_r: 71/943 | t_u: 173/1885) -> {'max_bond': 64, 'max_links': 4, 'total_elems': 33632, 'total_shapes': 1396, 'total_links': 222, 'num_tensors': 56}
2026-07-16 21:23:39,502 [INFO] [9R/1646](swap: 3, u: 1 | c_u: 8 | t_u_l: 102/942 | t_u_r: 72/943 | t_u: 174/1885) -> {'max_bond': 64, 'max_links': 4, 'total_elems': 38044, 'total_shapes': 1482, 'total_links': 222, 'num_tensors': 56}
2026-07-16 21:23:39,633 [INFO] [10R/1646](swap: 4, u: 0 | c_u: 8 | t_u_l: 102/942 | t_u_r: 72/943 | t_u: 174/1885) -> {'max_bond': 64, 'max_links': 4, 'total_elems': 40444, 'total_shapes': 1528, 'total_links': 222, 'num_tensors': 56}
2026-07-16 21:23:39,764 [INFO] [11R/1646](swap: 3, u: 0 | c_u: 8 | t_u_l: 102/942 | t_u_r: 72/943 | t_u: 174/1885) -> {'max_bond': 64, 'max_links': 4, 'total_elems': 42044, 'total_shapes': 1568, 'total_links': 222, 'num_tensors': 56}
2026-07-16 21:23:39,899 [INFO] [12R/1646](swap: 4, u: 0 | c_u: 8 | t_u_l: 102/942 | t_u_r: 72/943 | t_u: 174/1885) -> {'max_bond': 64, 'max_links': 4, 'total_elems': 44412, 'total_shapes': 1608, 'total_links': 222, 'num_tensors': 56}
2026-07-16 21:23:40,034 [INFO] [13R/1646](swap: 4, u: 0 | c_u: 8 | t_u_l: 102/942 | t_u_r: 72/943 | t_u: 174/1885) -> {'max_bond': 64, 'max_links': 4, 'total_elems': 47228, 'total_shapes': 1648, 'total_links': 222, 'num_tensors': 56}
2026-07-16 21:23:40,169 [INFO] [14R/1646](swap: 4, u: 0 | c_u: 8 | t_u_l: 102/942 | t_u_r: 72/943 | t_u: 174/1885) -> {'max_bond': 64, 'max_links': 4, 'total_elems': 51964, 'total_shapes': 1720, 'total_links': 222, 'num_tensors': 56}
2026-07-16 21:23:40,308 [INFO] [15R/1646](swap: 5, u: 0 | c_u: 8 | t_u_l: 102/942 | t_u_r: 72/943 | t_u: 174/1885) -> {'max_bond': 64, 'max_links': 4, 'total_elems': 55612, 'total_shapes': 1808, 'total_links': 222, 'num_tensors': 56}
2026-07-16 21:23:40,453 [INFO] [5L/1502](swap: 8, u: 1 | c_u: 9 | t_u_l: 103/942 | t_u_r: 72/943 | t_u: 175/1885) -> {'max_bond': 64, 'max_links': 4, 'total_elems': 72760, 'total_shapes': 1958, 'total_links': 222, 'num_tensors': 56}
2026-07-16 21:23:40,609 [INFO] [6L/1502](swap: 8, u: 0 | c_u: 9 | t_u_l: 103/942 | t_u_r: 72/943 | t_u: 175/1885) -> {'max_bond': 64, 'max_links': 4, 'total_elems': 95128, 'total_shapes': 2300, 'total_links': 222, 'num_tensors': 56}
2026-07-16 21:23:40,789 [INFO] [7L/1502](swap: 4, u: 0 | c_u: 9 | t_u_l: 103/942 | t_u_r: 72/943 | t_u: 175/1885) -> {'max_bond': 64, 'max_links': 4, 'total_elems': 134560, 'total_shapes': 2496, 'total_links': 222, 'num_tensors': 56}
2026-07-16 21:23:41,000 [INFO] [8L/1502](swap: 3, u: 1 | c_u: 10 | t_u_l: 104/942 | t_u_r: 72/943 | t_u: 176/1885) -> {'max_bond': 64, 'max_links': 4, 'total_elems': 140320, 'total_shapes': 2576, 'total_links': 222, 'num_tensors': 56}
2026-07-16 21:23:41,219 [INFO] [9L/1502](swap: 3, u: 0 | c_u: 10 | t_u_l: 104/942 | t_u_r: 72/943 | t_u: 176/1885) -> {'max_bond': 64, 'max_links': 4, 'total_elems': 166048, 'total_shapes': 2696, 'total_links': 222, 'num_tensors': 56}
2026-07-16 21:23:41,448 [INFO] [10L/1502](swap: 2, u: 1 | c_u: 11 | t_u_l: 105/942 | t_u_r: 72/943 | t_u: 177/1885) -> {'max_bond': 64, 'max_links': 4, 'total_elems': 175136, 'total_shapes': 2800, 'total_links': 222, 'num_tensors': 56}
2026-07-16 21:23:41,693 [INFO] [11L/1502](swap: 4, u: 0 | c_u: 11 | t_u_l: 105/942 | t_u_r: 72/943 | t_u: 177/1885) -> {'max_bond': 128, 'max_links': 4, 'total_elems': 213152, 'total_shapes': 3016, 'total_links': 222, 'num_tensors': 56}
2026-07-16 21:23:41,981 [INFO] [12L/1502](swap: 4, u: 0 | c_u: 11 | t_u_l: 105/942 | t_u_r: 72/943 | t_u: 177/1885) -> {'max_bond': 128, 'max_links': 4, 'total_elems': 235552, 'total_shapes': 3104, 'total_links': 222, 'num_tensors': 56}
2026-07-16 21:23:42,267 [INFO] [13L/1502](swap: 5, u: 0 | c_u: 11 | t_u_l: 105/942 | t_u_r: 72/943 | t_u: 177/1885) -> {'max_bond': 128, 'max_links': 4, 'total_elems': 240352, 'total_shapes': 3176, 'total_links': 222, 'num_tensors': 56}
2026-07-16 21:23:42,563 [INFO] [14L/1502](swap: 6, u: 1 | c_u: 12 | t_u_l: 106/942 | t_u_r: 72/943 | t_u: 178/1885) -> {'max_bond': 128, 'max_links': 4, 'total_elems': 253792, 'total_shapes': 3352, 'total_links': 222, 'num_tensors': 56}
2026-07-16 21:23:42,880 [INFO] [15L/1502](swap: 7, u: 1 | c_u: 13 | t_u_l: 107/942 | t_u_r: 72/943 | t_u: 179/1885) -> {'max_bond': 128, 'max_links': 4, 'total_elems': 318752, 'total_shapes': 3656, 'total_links': 222, 'num_tensors': 56}
2026-07-16 21:23:43,296 [INFO] [16L/1502](swap: 8, u: 0 | c_u: 13 | t_u_l: 107/942 | t_u_r: 72/943 | t_u: 179/1885) -> {'max_bond': 128, 'max_links': 4, 'total_elems': 425760, 'total_shapes': 4144, 'total_links': 222, 'num_tensors': 56}
2026-07-16 21:23:43,889 [INFO] [17L/1502](swap: 10, u: 0 | c_u: 13 | t_u_l: 107/942 | t_u_r: 72/943 | t_u: 179/1885) -> {'max_bond': 128, 'max_links': 4, 'total_elems': 481056, 'total_shapes': 4432, 'total_links': 222, 'num_tensors': 56}
2026-07-16 21:23:44,545 [INFO]     [start unswap] -> {'max_bond': 128, 'max_links': 4, 'total_elems': 481056, 'total_shapes': 4432, 'total_links': 222, 'num_tensors': 56}
2026-07-16 21:23:48,322 [INFO]     [0 | both | 0](candidate_pairs: 28/28 | new_swaps: 4 | total: 4) -> {'max_bond': 256, 'max_links': 4, 'total_elems': 564000, 'total_shapes': 4864, 'total_links': 222, 'num_tensors': 56}
2026-07-16 21:23:49,614 [INFO]     [0 | both | 1](candidate_pairs: 27/27 | new_swaps: 13 | total: 17) -> {'max_bond': 128, 'max_links': 4, 'total_elems': 209728, 'total_shapes': 2986, 'total_links': 222, 'num_tensors': 56}
2026-07-16 21:23:49,898 [INFO]     [0 | left | 0](candidate_pairs: 28/28 | new_swaps: 9 | total: 26) -> {'max_bond': 64, 'max_links': 4, 'total_elems': 153400, 'total_shapes': 2470, 'total_links': 222, 'num_tensors': 56}
2026-07-16 21:23:50,191 [INFO]     [0 | left | 1](candidate_pairs: 27/27 | new_swaps: 13 | total: 39) -> {'max_bond': 64, 'max_links': 4, 'total_elems': 61960, 'total_shapes': 1914, 'total_links': 222, 'num_tensors': 56}
2026-07-16 21:23:50,300 [INFO]     [0 | right | 0](candidate_pairs: 28/28 | new_swaps: 13 | total: 52) -> {'max_bond': 32, 'max_links': 4, 'total_elems': 29692, 'total_shapes': 1354, 'total_links': 222, 'num_tensors': 56}
2026-07-16 21:23:50,390 [INFO]     [0 | right | 1](candidate_pairs: 27/27 | new_swaps: 7 | total: 59) -> {'max_bond': 32, 'max_links': 4, 'total_elems': 23476, 'total_shapes': 1240, 'total_links': 222, 'num_tensors': 56}
2026-07-16 21:23:50,537 [INFO]     [1 | both | 0](candidate_pairs: 28/28 | new_swaps: 11 | total: 11) -> {'max_bond': 16, 'max_links': 4, 'total_elems': 16820, 'total_shapes': 1052, 'total_links': 222, 'num_tensors': 56}
2026-07-16 21:23:50,667 [INFO]     [1 | both | 1](candidate_pairs: 27/27 | new_swaps: 10 | total: 21) -> {'max_bond': 16, 'max_links': 4, 'total_elems': 12252, 'total_shapes': 916, 'total_links': 222, 'num_tensors': 56}
2026-07-16 21:23:50,730 [INFO]     [1 | left | 0](candidate_pairs: 28/28 | new_swaps: 3 | total: 24) -> {'max_bond': 16, 'max_links': 4, 'total_elems': 11164, 'total_shapes': 868, 'total_links': 222, 'num_tensors': 56}
2026-07-16 21:23:50,780 [INFO]     [1 | left | 1](candidate_pairs: 27/27 | new_swaps: 1 | total: 25) -> {'max_bond': 16, 'max_links': 4, 'total_elems': 11092, 'total_shapes': 862, 'total_links': 222, 'num_tensors': 56}
2026-07-16 21:23:50,841 [INFO]     [1 | right | 0](candidate_pairs: 28/28 | new_swaps: 4 | total: 29) -> {'max_bond': 16, 'max_links': 4, 'total_elems': 9240, 'total_shapes': 808, 'total_links': 222, 'num_tensors': 56}
2026-07-16 21:23:50,900 [INFO]     [1 | right | 1](candidate_pairs: 27/27 | new_swaps: 3 | total: 32) -> {'max_bond': 16, 'max_links': 4, 'total_elems': 8104, 'total_shapes': 780, 'total_links': 222, 'num_tensors': 56}
2026-07-16 21:23:51,010 [INFO]     [2 | both | 0](candidate_pairs: 28/28 | new_swaps: 8 | total: 8) -> {'max_bond': 16, 'max_links': 4, 'total_elems': 5436, 'total_shapes': 706, 'total_links': 222, 'num_tensors': 56}
2026-07-16 21:23:51,111 [INFO]     [2 | both | 1](candidate_pairs: 27/27 | new_swaps: 7 | total: 15) -> {'max_bond': 16, 'max_links': 4, 'total_elems': 4872, 'total_shapes': 672, 'total_links': 222, 'num_tensors': 56}
2026-07-16 21:23:51,155 [INFO]     [2 | left | 0](candidate_pairs: 28/28 | new_swaps: 1 | total: 16) -> {'max_bond': 16, 'max_links': 4, 'total_elems': 4812, 'total_shapes': 666, 'total_links': 222, 'num_tensors': 56}
2026-07-16 21:23:51,211 [INFO]     [2 | left | 1](candidate_pairs: 27/27 | new_swaps: 3 | total: 19) -> {'max_bond': 8, 'max_links': 4, 'total_elems': 3596, 'total_shapes': 618, 'total_links': 222, 'num_tensors': 56}
2026-07-16 21:23:51,234 [INFO]     [2 | right | 0](candidate_pairs: 28/28 | new_swaps: 0 | total: 19) -> {'max_bond': 8, 'max_links': 4, 'total_elems': 3596, 'total_shapes': 618, 'total_links': 222, 'num_tensors': 56}
2026-07-16 21:23:51,276 [INFO]     [2 | right | 1](candidate_pairs: 27/27 | new_swaps: 1 | total: 20) -> {'max_bond': 8, 'max_links': 4, 'total_elems': 3548, 'total_shapes': 614, 'total_links': 222, 'num_tensors': 56}
2026-07-16 21:23:51,371 [INFO]     [3 | both | 0](candidate_pairs: 28/28 | new_swaps: 5 | total: 5) -> {'max_bond': 8, 'max_links': 4, 'total_elems': 3404, 'total_shapes': 598, 'total_links': 222, 'num_tensors': 56}
2026-07-16 21:23:51,466 [INFO]     [3 | both | 1](candidate_pairs: 27/27 | new_swaps: 3 | total: 8) -> {'max_bond': 8, 'max_links': 4, 'total_elems': 3320, 'total_shapes': 588, 'total_links': 222, 'num_tensors': 56}
2026-07-16 21:23:51,508 [INFO]     [3 | left | 0](candidate_pairs: 28/28 | new_swaps: 1 | total: 9) -> {'max_bond': 8, 'max_links': 4, 'total_elems': 3260, 'total_shapes': 582, 'total_links': 222, 'num_tensors': 56}
2026-07-16 21:23:51,561 [INFO]     [3 | left | 1](candidate_pairs: 27/27 | new_swaps: 1 | total: 10) -> {'max_bond': 8, 'max_links': 4, 'total_elems': 3200, 'total_shapes': 576, 'total_links': 222, 'num_tensors': 56}
2026-07-16 21:23:51,584 [INFO]     [3 | right | 0](candidate_pairs: 28/28 | new_swaps: 0 | total: 10) -> {'max_bond': 8, 'max_links': 4, 'total_elems': 3200, 'total_shapes': 576, 'total_links': 222, 'num_tensors': 56}
2026-07-16 21:23:51,606 [INFO]     [3 | right | 1](candidate_pairs: 27/27 | new_swaps: 0 | total: 10) -> {'max_bond': 8, 'max_links': 4, 'total_elems': 3200, 'total_shapes': 576, 'total_links': 222, 'num_tensors': 56}
2026-07-16 21:23:51,651 [INFO]     [4 | both | 0](candidate_pairs: 28/28 | new_swaps: 0 | total: 0) -> {'max_bond': 8, 'max_links': 4, 'total_elems': 3200, 'total_shapes': 576, 'total_links': 222, 'num_tensors': 56}
2026-07-16 21:23:51,743 [INFO]     [4 | both | 1](candidate_pairs: 27/27 | new_swaps: 1 | total: 1) -> {'max_bond': 8, 'max_links': 4, 'total_elems': 3140, 'total_shapes': 570, 'total_links': 222, 'num_tensors': 56}
2026-07-16 21:23:51,796 [INFO]     [4 | left | 0](candidate_pairs: 28/28 | new_swaps: 1 | total: 2) -> {'max_bond': 8, 'max_links': 4, 'total_elems': 3100, 'total_shapes': 566, 'total_links': 222, 'num_tensors': 56}
2026-07-16 21:23:51,818 [INFO]     [4 | left | 1](candidate_pairs: 27/27 | new_swaps: 0 | total: 2) -> {'max_bond': 8, 'max_links': 4, 'total_elems': 3100, 'total_shapes': 566, 'total_links': 222, 'num_tensors': 56}
2026-07-16 21:23:51,841 [INFO]     [4 | right | 0](candidate_pairs: 28/28 | new_swaps: 0 | total: 2) -> {'max_bond': 8, 'max_links': 4, 'total_elems': 3100, 'total_shapes': 566, 'total_links': 222, 'num_tensors': 56}
2026-07-16 21:23:51,863 [INFO]     [4 | right | 1](candidate_pairs: 27/27 | new_swaps: 0 | total: 2) -> {'max_bond': 8, 'max_links': 4, 'total_elems': 3100, 'total_shapes': 566, 'total_links': 222, 'num_tensors': 56}
2026-07-16 21:23:51,944 [INFO]     [5 | both | 0](candidate_pairs: 28/28 | new_swaps: 1 | total: 1) -> {'max_bond': 8, 'max_links': 4, 'total_elems': 3040, 'total_shapes': 560, 'total_links': 222, 'num_tensors': 56}
2026-07-16 21:23:51,988 [INFO]     [5 | both | 1](candidate_pairs: 27/27 | new_swaps: 0 | total: 1) -> {'max_bond': 8, 'max_links': 4, 'total_elems': 3040, 'total_shapes': 560, 'total_links': 222, 'num_tensors': 56}
2026-07-16 21:23:52,011 [INFO]     [5 | left | 0](candidate_pairs: 28/28 | new_swaps: 0 | total: 1) -> {'max_bond': 8, 'max_links': 4, 'total_elems': 3040, 'total_shapes': 560, 'total_links': 222, 'num_tensors': 56}
2026-07-16 21:23:52,053 [INFO]     [5 | left | 1](candidate_pairs: 27/27 | new_swaps: 1 | total: 2) -> {'max_bond': 8, 'max_links': 4, 'total_elems': 3000, 'total_shapes': 556, 'total_links': 222, 'num_tensors': 56}
2026-07-16 21:23:52,075 [INFO]     [5 | right | 0](candidate_pairs: 28/28 | new_swaps: 0 | total: 2) -> {'max_bond': 8, 'max_links': 4, 'total_elems': 3000, 'total_shapes': 556, 'total_links': 222, 'num_tensors': 56}
2026-07-16 21:23:52,098 [INFO]     [5 | right | 1](candidate_pairs: 27/27 | new_swaps: 0 | total: 2) -> {'max_bond': 8, 'max_links': 4, 'total_elems': 3000, 'total_shapes': 556, 'total_links': 222, 'num_tensors': 56}
2026-07-16 21:23:52,180 [INFO]     [6 | both | 0](candidate_pairs: 28/28 | new_swaps: 1 | total: 1) -> {'max_bond': 8, 'max_links': 4, 'total_elems': 2952, 'total_shapes': 552, 'total_links': 222, 'num_tensors': 56}
2026-07-16 21:23:52,261 [INFO]     [6 | both | 1](candidate_pairs: 27/27 | new_swaps: 1 | total: 2) -> {'max_bond': 8, 'max_links': 4, 'total_elems': 2940, 'total_shapes': 550, 'total_links': 222, 'num_tensors': 56}
2026-07-16 21:23:52,284 [INFO]     [6 | left | 0](candidate_pairs: 28/28 | new_swaps: 0 | total: 2) -> {'max_bond': 8, 'max_links': 4, 'total_elems': 2940, 'total_shapes': 550, 'total_links': 222, 'num_tensors': 56}
2026-07-16 21:23:52,307 [INFO]     [6 | left | 1](candidate_pairs: 27/27 | new_swaps: 0 | total: 2) -> {'max_bond': 8, 'max_links': 4, 'total_elems': 2940, 'total_shapes': 550, 'total_links': 222, 'num_tensors': 56}
2026-07-16 21:23:52,330 [INFO]     [6 | right | 0](candidate_pairs: 28/28 | new_swaps: 0 | total: 2) -> {'max_bond': 8, 'max_links': 4, 'total_elems': 2940, 'total_shapes': 550, 'total_links': 222, 'num_tensors': 56}
2026-07-16 21:23:52,352 [INFO]     [6 | right | 1](candidate_pairs: 27/27 | new_swaps: 0 | total: 2) -> {'max_bond': 8, 'max_links': 4, 'total_elems': 2940, 'total_shapes': 550, 'total_links': 222, 'num_tensors': 56}
2026-07-16 21:23:52,396 [INFO]     [7 | both | 0](candidate_pairs: 28/28 | new_swaps: 0 | total: 0) -> {'max_bond': 8, 'max_links': 4, 'total_elems': 2940, 'total_shapes': 550, 'total_links': 222, 'num_tensors': 56}
2026-07-16 21:23:52,439 [INFO]     [7 | both | 1](candidate_pairs: 27/27 | new_swaps: 0 | total: 0) -> {'max_bond': 8, 'max_links': 4, 'total_elems': 2940, 'total_shapes': 550, 'total_links': 222, 'num_tensors': 56}
2026-07-16 21:23:52,462 [INFO]     [7 | left | 0](candidate_pairs: 28/28 | new_swaps: 0 | total: 0) -> {'max_bond': 8, 'max_links': 4, 'total_elems': 2940, 'total_shapes': 550, 'total_links': 222, 'num_tensors': 56}
2026-07-16 21:23:52,485 [INFO]     [7 | left | 1](candidate_pairs: 27/27 | new_swaps: 0 | total: 0) -> {'max_bond': 8, 'max_links': 4, 'total_elems': 2940, 'total_shapes': 550, 'total_links': 222, 'num_tensors': 56}
2026-07-16 21:23:52,508 [INFO]     [7 | right | 0](candidate_pairs: 28/28 | new_swaps: 0 | total: 0) -> {'max_bond': 8, 'max_links': 4, 'total_elems': 2940, 'total_shapes': 550, 'total_links': 222, 'num_tensors': 56}
2026-07-16 21:23:52,531 [INFO]     [7 | right | 1](candidate_pairs: 27/27 | new_swaps: 0 | total: 0) -> {'max_bond': 8, 'max_links': 4, 'total_elems': 2940, 'total_shapes': 550, 'total_links': 222, 'num_tensors': 56}
2026-07-16 21:23:52,531 [INFO]     [end unswap] -> {'max_bond': 8, 'max_links': 4, 'total_elems': 2940, 'total_shapes': 550, 'total_links': 222, 'num_tensors': 56}
2026-07-16 21:23:54,660 [INFO] [start rewire](phase=post_unswap, cycle=17, side=left, layers=1487, trials=50, seed=123, parallel=False, route_candidates=1, route_score=none)
2026-07-16 21:23:56,266 [INFO] [end rewire](phase=post_unswap, cycle=17, side=left, routed_layers=1377, elapsed_s=1.61)
2026-07-16 21:23:56,266 [INFO] [start rewire](phase=post_unswap, cycle=17, side=right, layers=1633, trials=50, seed=123, parallel=False, route_candidates=1, route_score=none)
2026-07-16 21:23:58,089 [INFO] [end rewire](phase=post_unswap, cycle=17, side=right, routed_layers=1613, elapsed_s=1.82)
2026-07-16 21:23:58,288 [INFO] [1L/1375](swap: 15, u: 1 | c_u: 1 | t_u_l: 108/942 | t_u_r: 72/943 | t_u: 180/1885) -> {'max_bond': 8, 'max_links': 4, 'total_elems': 2748, 'total_shapes': 542, 'total_links': 222, 'num_tensors': 56}
2026-07-16 21:23:58,396 [INFO] [2L/1375](swap: 11, u: 0 | c_u: 1 | t_u_l: 108/942 | t_u_r: 72/943 | t_u: 180/1885) -> {'max_bond': 16, 'max_links': 4, 'total_elems': 4904, 'total_shapes': 682, 'total_links': 222, 'num_tensors': 56}
2026-07-16 21:23:58,503 [INFO] [3L/1375](swap: 9, u: 0 | c_u: 1 | t_u_l: 108/942 | t_u_r: 72/943 | t_u: 180/1885) -> {'max_bond': 16, 'max_links': 4, 'total_elems': 6684, 'total_shapes': 776, 'total_links': 222, 'num_tensors': 56}
2026-07-16 21:23:58,612 [INFO] [4L/1375](swap: 7, u: 0 | c_u: 1 | t_u_l: 108/942 | t_u_r: 72/943 | t_u: 180/1885) -> {'max_bond': 16, 'max_links': 4, 'total_elems': 10320, 'total_shapes': 890, 'total_links': 222, 'num_tensors': 56}
2026-07-16 21:23:58,726 [INFO] [5L/1375](swap: 6, u: 1 | c_u: 2 | t_u_l: 109/942 | t_u_r: 72/943 | t_u: 181/1885) -> {'max_bond': 32, 'max_links': 4, 'total_elems': 13544, 'total_shapes': 972, 'total_links': 222, 'num_tensors': 56}
2026-07-16 21:23:58,841 [INFO] [1R/1611](swap: 9, u: 0 | c_u: 2 | t_u_l: 109/942 | t_u_r: 72/943 | t_u: 181/1885) -> {'max_bond': 64, 'max_links': 4, 'total_elems': 20828, 'total_shapes': 1104, 'total_links': 222, 'num_tensors': 56}
2026-07-16 21:23:58,966 [INFO] [2R/1611](swap: 9, u: 0 | c_u: 2 | t_u_l: 109/942 | t_u_r: 72/943 | t_u: 181/1885) -> {'max_bond': 64, 'max_links': 4, 'total_elems': 33440, 'total_shapes': 1274, 'total_links': 222, 'num_tensors': 56}
2026-07-16 21:23:59,099 [INFO] [3R/1611](swap: 8, u: 0 | c_u: 2 | t_u_l: 109/942 | t_u_r: 72/943 | t_u: 181/1885) -> {'max_bond': 64, 'max_links': 4, 'total_elems': 52452, 'total_shapes': 1540, 'total_links': 222, 'num_tensors': 56}
2026-07-16 21:23:59,249 [INFO] [4R/1611](swap: 8, u: 1 | c_u: 3 | t_u_l: 109/942 | t_u_r: 73/943 | t_u: 182/1885) -> {'max_bond': 64, 'max_links': 4, 'total_elems': 56132, 'total_shapes': 1546, 'total_links': 222, 'num_tensors': 56}
2026-07-16 21:23:59,415 [INFO] [5R/1611](swap: 6, u: 2 | c_u: 5 | t_u_l: 109/942 | t_u_r: 75/943 | t_u: 184/1885) -> {'max_bond': 128, 'max_links': 4, 'total_elems': 61508, 'total_shapes': 1546, 'total_links': 222, 'num_tensors': 56}
2026-07-16 21:23:59,617 [INFO] [6R/1611](swap: 8, u: 0 | c_u: 5 | t_u_l: 109/942 | t_u_r: 75/943 | t_u: 184/1885) -> {'max_bond': 128, 'max_links': 4, 'total_elems': 82564, 'total_shapes': 1632, 'total_links': 222, 'num_tensors': 56}
2026-07-16 21:23:59,812 [INFO] [7R/1611](swap: 7, u: 1 | c_u: 6 | t_u_l: 109/942 | t_u_r: 76/943 | t_u: 185/1885) -> {'max_bond': 64, 'max_links': 4, 'total_elems': 76460, 'total_shapes': 1690, 'total_links': 222, 'num_tensors': 56}
2026-07-16 21:23:59,997 [INFO] [8R/1611](swap: 7, u: 2 | c_u: 8 | t_u_l: 109/942 | t_u_r: 78/943 | t_u: 187/1885) -> {'max_bond': 64, 'max_links': 4, 'total_elems': 94116, 'total_shapes': 1892, 'total_links': 222, 'num_tensors': 56}
2026-07-16 21:24:00,205 [INFO] [9R/1611](swap: 6, u: 0 | c_u: 8 | t_u_l: 109/942 | t_u_r: 78/943 | t_u: 187/1885) -> {'max_bond': 64, 'max_links': 4, 'total_elems': 109412, 'total_shapes': 1984, 'total_links': 222, 'num_tensors': 56}
2026-07-16 21:24:00,435 [INFO] [10R/1611](swap: 6, u: 1 | c_u: 9 | t_u_l: 109/942 | t_u_r: 79/943 | t_u: 188/1885) -> {'max_bond': 64, 'max_links': 4, 'total_elems': 105796, 'total_shapes': 1950, 'total_links': 222, 'num_tensors': 56}
2026-07-16 21:24:00,644 [INFO] [6L/1375](swap: 7, u: 0 | c_u: 9 | t_u_l: 109/942 | t_u_r: 79/943 | t_u: 188/1885) -> {'max_bond': 64, 'max_links': 4, 'total_elems': 106240, 'total_shapes': 1980, 'total_links': 222, 'num_tensors': 56}
2026-07-16 21:24:00,832 [INFO] [7L/1375](swap: 8, u: 0 | c_u: 9 | t_u_l: 109/942 | t_u_r: 79/943 | t_u: 188/1885) -> {'max_bond': 64, 'max_links': 4, 'total_elems': 107452, 'total_shapes': 1986, 'total_links': 222, 'num_tensors': 56}
2026-07-16 21:24:01,015 [INFO] [11R/1611](swap: 7, u: 0 | c_u: 9 | t_u_l: 109/942 | t_u_r: 79/943 | t_u: 188/1885) -> {'max_bond': 64, 'max_links': 4, 'total_elems': 101116, 'total_shapes': 2058, 'total_links': 222, 'num_tensors': 56}
2026-07-16 21:24:01,198 [INFO] [8L/1375](swap: 10, u: 0 | c_u: 9 | t_u_l: 109/942 | t_u_r: 79/943 | t_u: 188/1885) -> {'max_bond': 64, 'max_links': 4, 'total_elems': 101176, 'total_shapes': 2064, 'total_links': 222, 'num_tensors': 56}
2026-07-16 21:24:01,380 [INFO] [9L/1375](swap: 10, u: 1 | c_u: 10 | t_u_l: 110/942 | t_u_r: 79/943 | t_u: 189/1885) -> {'max_bond': 64, 'max_links': 4, 'total_elems': 105560, 'total_shapes': 2118, 'total_links': 222, 'num_tensors': 56}
2026-07-16 21:24:01,596 [INFO] [12R/1611](swap: 7, u: 1 | c_u: 11 | t_u_l: 110/942 | t_u_r: 80/943 | t_u: 190/1885) -> {'max_bond': 64, 'max_links': 4, 'total_elems': 135704, 'total_shapes': 2454, 'total_links': 222, 'num_tensors': 56}
2026-07-16 21:24:01,844 [INFO] [10L/1375](swap: 12, u: 1 | c_u: 12 | t_u_l: 111/942 | t_u_r: 80/943 | t_u: 191/1885) -> {'max_bond': 64, 'max_links': 4, 'total_elems': 178392, 'total_shapes': 2806, 'total_links': 222, 'num_tensors': 56}
2026-07-16 21:24:02,187 [INFO] [13R/1611](swap: 9, u: 0 | c_u: 12 | t_u_l: 111/942 | t_u_r: 80/943 | t_u: 191/1885) -> {'max_bond': 64, 'max_links': 4, 'total_elems': 261848, 'total_shapes': 3294, 'total_links': 222, 'num_tensors': 56}
2026-07-16 21:24:02,743 [INFO]     [start unswap] -> {'max_bond': 64, 'max_links': 4, 'total_elems': 261848, 'total_shapes': 3294, 'total_links': 222, 'num_tensors': 56}
2026-07-16 21:24:06,271 [INFO]     [0 | both | 0](candidate_pairs: 28/28 | new_swaps: 4 | total: 4) -> {'max_bond': 256, 'max_links': 4, 'total_elems': 512216, 'total_shapes': 4246, 'total_links': 222, 'num_tensors': 56}
2026-07-16 21:24:07,250 [INFO]     [0 | both | 1](candidate_pairs: 27/27 | new_swaps: 14 | total: 18) -> {'max_bond': 64, 'max_links': 4, 'total_elems': 73944, 'total_shapes': 2094, 'total_links': 222, 'num_tensors': 56}
2026-07-16 21:24:07,383 [INFO]     [0 | left | 0](candidate_pairs: 28/28 | new_swaps: 10 | total: 28) -> {'max_bond': 32, 'max_links': 4, 'total_elems': 36096, 'total_shapes': 1512, 'total_links': 222, 'num_tensors': 56}
2026-07-16 21:24:07,482 [INFO]     [0 | left | 1](candidate_pairs: 27/27 | new_swaps: 11 | total: 39) -> {'max_bond': 16, 'max_links': 4, 'total_elems': 24496, 'total_shapes': 1270, 'total_links': 222, 'num_tensors': 56}
2026-07-16 21:24:07,561 [INFO]     [0 | right | 0](candidate_pairs: 28/28 | new_swaps: 8 | total: 47) -> {'max_bond': 16, 'max_links': 4, 'total_elems': 20256, 'total_shapes': 1154, 'total_links': 222, 'num_tensors': 56}
2026-07-16 21:24:07,632 [INFO]     [0 | right | 1](candidate_pairs: 27/27 | new_swaps: 3 | total: 50) -> {'max_bond': 16, 'max_links': 4, 'total_elems': 18288, 'total_shapes': 1102, 'total_links': 222, 'num_tensors': 56}
2026-07-16 21:24:07,765 [INFO]     [1 | both | 0](candidate_pairs: 28/28 | new_swaps: 7 | total: 7) -> {'max_bond': 16, 'max_links': 4, 'total_elems': 14160, 'total_shapes': 990, 'total_links': 222, 'num_tensors': 56}
2026-07-16 21:24:07,882 [INFO]     [1 | both | 1](candidate_pairs: 27/27 | new_swaps: 7 | total: 14) -> {'max_bond': 16, 'max_links': 4, 'total_elems': 9120, 'total_shapes': 842, 'total_links': 222, 'num_tensors': 56}
2026-07-16 21:24:07,940 [INFO]     [1 | left | 0](candidate_pairs: 28/28 | new_swaps: 3 | total: 17) -> {'max_bond': 16, 'max_links': 4, 'total_elems': 7648, 'total_shapes': 794, 'total_links': 222, 'num_tensors': 56}
2026-07-16 21:24:08,000 [INFO]     [1 | left | 1](candidate_pairs: 27/27 | new_swaps: 4 | total: 21) -> {'max_bond': 16, 'max_links': 4, 'total_elems': 6400, 'total_shapes': 754, 'total_links': 222, 'num_tensors': 56}
2026-07-16 21:24:08,057 [INFO]     [1 | right | 0](candidate_pairs: 28/28 | new_swaps: 4 | total: 25) -> {'max_bond': 16, 'max_links': 4, 'total_elems': 4944, 'total_shapes': 698, 'total_links': 222, 'num_tensors': 56}
2026-07-16 21:24:08,111 [INFO]     [1 | right | 1](candidate_pairs: 27/27 | new_swaps: 2 | total: 27) -> {'max_bond': 16, 'max_links': 4, 'total_elems': 4816, 'total_shapes': 690, 'total_links': 222, 'num_tensors': 56}
2026-07-16 21:24:08,209 [INFO]     [2 | both | 0](candidate_pairs: 28/28 | new_swaps: 5 | total: 5) -> {'max_bond': 16, 'max_links': 4, 'total_elems': 3400, 'total_shapes': 636, 'total_links': 222, 'num_tensors': 56}
2026-07-16 21:24:08,304 [INFO]     [2 | both | 1](candidate_pairs: 27/27 | new_swaps: 3 | total: 8) -> {'max_bond': 8, 'max_links': 4, 'total_elems': 2908, 'total_shapes': 602, 'total_links': 222, 'num_tensors': 56}
2026-07-16 21:24:08,347 [INFO]     [2 | left | 0](candidate_pairs: 28/28 | new_swaps: 1 | total: 9) -> {'max_bond': 8, 'max_links': 4, 'total_elems': 2812, 'total_shapes': 596, 'total_links': 222, 'num_tensors': 56}
2026-07-16 21:24:08,400 [INFO]     [2 | left | 1](candidate_pairs: 27/27 | new_swaps: 3 | total: 12) -> {'max_bond': 8, 'max_links': 4, 'total_elems': 2620, 'total_shapes': 578, 'total_links': 222, 'num_tensors': 56}
2026-07-16 21:24:08,453 [INFO]     [2 | right | 0](candidate_pairs: 28/28 | new_swaps: 2 | total: 14) -> {'max_bond': 8, 'max_links': 4, 'total_elems': 2548, 'total_shapes': 570, 'total_links': 222, 'num_tensors': 56}
2026-07-16 21:24:08,504 [INFO]     [2 | right | 1](candidate_pairs: 27/27 | new_swaps: 1 | total: 15) -> {'max_bond': 8, 'max_links': 4, 'total_elems': 2500, 'total_shapes': 566, 'total_links': 222, 'num_tensors': 56}
2026-07-16 21:24:08,599 [INFO]     [3 | both | 0](candidate_pairs: 28/28 | new_swaps: 5 | total: 5) -> {'max_bond': 8, 'max_links': 4, 'total_elems': 2308, 'total_shapes': 546, 'total_links': 222, 'num_tensors': 56}
2026-07-16 21:24:08,692 [INFO]     [3 | both | 1](candidate_pairs: 27/27 | new_swaps: 3 | total: 8) -> {'max_bond': 8, 'max_links': 4, 'total_elems': 2224, 'total_shapes': 536, 'total_links': 222, 'num_tensors': 56}
2026-07-16 21:24:08,733 [INFO]     [3 | left | 0](candidate_pairs: 28/28 | new_swaps: 1 | total: 9) -> {'max_bond': 8, 'max_links': 4, 'total_elems': 2164, 'total_shapes': 530, 'total_links': 222, 'num_tensors': 56}
2026-07-16 21:24:08,774 [INFO]     [3 | left | 1](candidate_pairs: 27/27 | new_swaps: 1 | total: 10) -> {'max_bond': 8, 'max_links': 4, 'total_elems': 2140, 'total_shapes': 524, 'total_links': 222, 'num_tensors': 56}
2026-07-16 21:24:08,796 [INFO]     [3 | right | 0](candidate_pairs: 28/28 | new_swaps: 0 | total: 10) -> {'max_bond': 8, 'max_links': 4, 'total_elems': 2140, 'total_shapes': 524, 'total_links': 222, 'num_tensors': 56}
2026-07-16 21:24:08,819 [INFO]     [3 | right | 1](candidate_pairs: 27/27 | new_swaps: 0 | total: 10) -> {'max_bond': 8, 'max_links': 4, 'total_elems': 2140, 'total_shapes': 524, 'total_links': 222, 'num_tensors': 56}
2026-07-16 21:24:08,910 [INFO]     [4 | both | 0](candidate_pairs: 28/28 | new_swaps: 3 | total: 3) -> {'max_bond': 8, 'max_links': 4, 'total_elems': 2076, 'total_shapes': 516, 'total_links': 222, 'num_tensors': 56}
2026-07-16 21:24:09,002 [INFO]     [4 | both | 1](candidate_pairs: 27/27 | new_swaps: 3 | total: 6) -> {'max_bond': 8, 'max_links': 4, 'total_elems': 2004, 'total_shapes': 508, 'total_links': 222, 'num_tensors': 56}
2026-07-16 21:24:09,025 [INFO]     [4 | left | 0](candidate_pairs: 28/28 | new_swaps: 0 | total: 6) -> {'max_bond': 8, 'max_links': 4, 'total_elems': 2004, 'total_shapes': 508, 'total_links': 222, 'num_tensors': 56}
2026-07-16 21:24:09,047 [INFO]     [4 | left | 1](candidate_pairs: 27/27 | new_swaps: 0 | total: 6) -> {'max_bond': 8, 'max_links': 4, 'total_elems': 2004, 'total_shapes': 508, 'total_links': 222, 'num_tensors': 56}
2026-07-16 21:24:09,069 [INFO]     [4 | right | 0](candidate_pairs: 28/28 | new_swaps: 0 | total: 6) -> {'max_bond': 8, 'max_links': 4, 'total_elems': 2004, 'total_shapes': 508, 'total_links': 222, 'num_tensors': 56}
2026-07-16 21:24:09,091 [INFO]     [4 | right | 1](candidate_pairs: 27/27 | new_swaps: 0 | total: 6) -> {'max_bond': 8, 'max_links': 4, 'total_elems': 2004, 'total_shapes': 508, 'total_links': 222, 'num_tensors': 56}
2026-07-16 21:24:09,182 [INFO]     [5 | both | 0](candidate_pairs: 28/28 | new_swaps: 2 | total: 2) -> {'max_bond': 8, 'max_links': 4, 'total_elems': 1980, 'total_shapes': 504, 'total_links': 222, 'num_tensors': 56}
2026-07-16 21:24:09,224 [INFO]     [5 | both | 1](candidate_pairs: 27/27 | new_swaps: 0 | total: 2) -> {'max_bond': 8, 'max_links': 4, 'total_elems': 1980, 'total_shapes': 504, 'total_links': 222, 'num_tensors': 56}
2026-07-16 21:24:09,247 [INFO]     [5 | left | 0](candidate_pairs: 28/28 | new_swaps: 0 | total: 2) -> {'max_bond': 8, 'max_links': 4, 'total_elems': 1980, 'total_shapes': 504, 'total_links': 222, 'num_tensors': 56}
2026-07-16 21:24:09,269 [INFO]     [5 | left | 1](candidate_pairs: 27/27 | new_swaps: 0 | total: 2) -> {'max_bond': 8, 'max_links': 4, 'total_elems': 1980, 'total_shapes': 504, 'total_links': 222, 'num_tensors': 56}
2026-07-16 21:24:09,291 [INFO]     [5 | right | 0](candidate_pairs: 28/28 | new_swaps: 0 | total: 2) -> {'max_bond': 8, 'max_links': 4, 'total_elems': 1980, 'total_shapes': 504, 'total_links': 222, 'num_tensors': 56}
2026-07-16 21:24:09,313 [INFO]     [5 | right | 1](candidate_pairs: 27/27 | new_swaps: 0 | total: 2) -> {'max_bond': 8, 'max_links': 4, 'total_elems': 1980, 'total_shapes': 504, 'total_links': 222, 'num_tensors': 56}
2026-07-16 21:24:09,356 [INFO]     [6 | both | 0](candidate_pairs: 28/28 | new_swaps: 0 | total: 0) -> {'max_bond': 8, 'max_links': 4, 'total_elems': 1980, 'total_shapes': 504, 'total_links': 222, 'num_tensors': 56}
2026-07-16 21:24:09,398 [INFO]     [6 | both | 1](candidate_pairs: 27/27 | new_swaps: 0 | total: 0) -> {'max_bond': 8, 'max_links': 4, 'total_elems': 1980, 'total_shapes': 504, 'total_links': 222, 'num_tensors': 56}
2026-07-16 21:24:09,420 [INFO]     [6 | left | 0](candidate_pairs: 28/28 | new_swaps: 0 | total: 0) -> {'max_bond': 8, 'max_links': 4, 'total_elems': 1980, 'total_shapes': 504, 'total_links': 222, 'num_tensors': 56}
2026-07-16 21:24:09,442 [INFO]     [6 | left | 1](candidate_pairs: 27/27 | new_swaps: 0 | total: 0) -> {'max_bond': 8, 'max_links': 4, 'total_elems': 1980, 'total_shapes': 504, 'total_links': 222, 'num_tensors': 56}
2026-07-16 21:24:09,464 [INFO]     [6 | right | 0](candidate_pairs: 28/28 | new_swaps: 0 | total: 0) -> {'max_bond': 8, 'max_links': 4, 'total_elems': 1980, 'total_shapes': 504, 'total_links': 222, 'num_tensors': 56}
2026-07-16 21:24:09,486 [INFO]     [6 | right | 1](candidate_pairs: 27/27 | new_swaps: 0 | total: 0) -> {'max_bond': 8, 'max_links': 4, 'total_elems': 1980, 'total_shapes': 504, 'total_links': 222, 'num_tensors': 56}
2026-07-16 21:24:09,486 [INFO]     [end unswap] -> {'max_bond': 8, 'max_links': 4, 'total_elems': 1980, 'total_shapes': 504, 'total_links': 222, 'num_tensors': 56}
2026-07-16 21:24:11,490 [INFO] [start rewire](phase=post_unswap, cycle=18, side=left, layers=1367, trials=50, seed=123, parallel=False, route_candidates=1, route_score=none)
2026-07-16 21:24:13,534 [INFO] [end rewire](phase=post_unswap, cycle=18, side=left, routed_layers=1292, elapsed_s=2.04)
2026-07-16 21:24:13,534 [INFO] [start rewire](phase=post_unswap, cycle=18, side=right, layers=1600, trials=50, seed=123, parallel=False, route_candidates=1, route_score=none)
2026-07-16 21:24:14,794 [INFO] [end rewire](phase=post_unswap, cycle=18, side=right, routed_layers=1490, elapsed_s=1.26)
2026-07-16 21:24:15,002 [INFO] [1L/1290](swap: 13, u: 1 | c_u: 1 | t_u_l: 112/942 | t_u_r: 80/943 | t_u: 192/1885) -> {'max_bond': 8, 'max_links': 4, 'total_elems': 1980, 'total_shapes': 504, 'total_links': 222, 'num_tensors': 56}
2026-07-16 21:24:15,113 [INFO] [1R/1488](swap: 6, u: 0 | c_u: 1 | t_u_l: 112/942 | t_u_r: 80/943 | t_u: 192/1885) -> {'max_bond': 8, 'max_links': 4, 'total_elems': 2248, 'total_shapes': 534, 'total_links': 222, 'num_tensors': 56}
2026-07-16 21:24:15,225 [INFO] [2L/1290](swap: 13, u: 1 | c_u: 2 | t_u_l: 113/942 | t_u_r: 80/943 | t_u: 193/1885) -> {'max_bond': 16, 'max_links': 4, 'total_elems': 3620, 'total_shapes': 608, 'total_links': 222, 'num_tensors': 56}
2026-07-16 21:24:15,337 [INFO] [2R/1488](swap: 8, u: 0 | c_u: 2 | t_u_l: 113/942 | t_u_r: 80/943 | t_u: 193/1885) -> {'max_bond': 16, 'max_links': 4, 'total_elems': 4916, 'total_shapes': 682, 'total_links': 222, 'num_tensors': 56}
2026-07-16 21:24:15,450 [INFO] [3R/1488](swap: 7, u: 0 | c_u: 2 | t_u_l: 113/942 | t_u_r: 80/943 | t_u: 193/1885) -> {'max_bond': 16, 'max_links': 4, 'total_elems': 7376, 'total_shapes': 750, 'total_links': 222, 'num_tensors': 56}
2026-07-16 21:24:15,563 [INFO] [4R/1488](swap: 7, u: 0 | c_u: 2 | t_u_l: 113/942 | t_u_r: 80/943 | t_u: 193/1885) -> {'max_bond': 16, 'max_links': 4, 'total_elems': 8876, 'total_shapes': 810, 'total_links': 222, 'num_tensors': 56}
2026-07-16 21:24:15,680 [INFO] [5R/1488](swap: 6, u: 0 | c_u: 2 | t_u_l: 113/942 | t_u_r: 80/943 | t_u: 193/1885) -> {'max_bond': 16, 'max_links': 4, 'total_elems': 10904, 'total_shapes': 868, 'total_links': 222, 'num_tensors': 56}
2026-07-16 21:24:15,796 [INFO] [6R/1488](swap: 7, u: 0 | c_u: 2 | t_u_l: 113/942 | t_u_r: 80/943 | t_u: 193/1885) -> {'max_bond': 16, 'max_links': 4, 'total_elems': 13028, 'total_shapes': 932, 'total_links': 222, 'num_tensors': 56}
2026-07-16 21:24:15,917 [INFO] [7R/1488](swap: 5, u: 0 | c_u: 2 | t_u_l: 113/942 | t_u_r: 80/943 | t_u: 193/1885) -> {'max_bond': 16, 'max_links': 4, 'total_elems': 15296, 'total_shapes': 1010, 'total_links': 222, 'num_tensors': 56}
2026-07-16 21:24:16,037 [INFO] [3L/1290](swap: 8, u: 1 | c_u: 3 | t_u_l: 114/942 | t_u_r: 80/943 | t_u: 194/1885) -> {'max_bond': 16, 'max_links': 4, 'total_elems': 18192, 'total_shapes': 1106, 'total_links': 222, 'num_tensors': 56}
2026-07-16 21:24:16,158 [INFO] [8R/1488](swap: 4, u: 0 | c_u: 3 | t_u_l: 114/942 | t_u_r: 80/943 | t_u: 194/1885) -> {'max_bond': 16, 'max_links': 4, 'total_elems': 20144, 'total_shapes': 1156, 'total_links': 222, 'num_tensors': 56}
2026-07-16 21:24:16,280 [INFO] [4L/1290](swap: 9, u: 0 | c_u: 3 | t_u_l: 114/942 | t_u_r: 80/943 | t_u: 194/1885) -> {'max_bond': 32, 'max_links': 4, 'total_elems': 25148, 'total_shapes': 1256, 'total_links': 222, 'num_tensors': 56}
2026-07-16 21:24:16,405 [INFO] [9R/1488](swap: 4, u: 1 | c_u: 4 | t_u_l: 114/942 | t_u_r: 81/943 | t_u: 195/1885) -> {'max_bond': 64, 'max_links': 4, 'total_elems': 31980, 'total_shapes': 1370, 'total_links': 222, 'num_tensors': 56}
2026-07-16 21:24:16,536 [INFO] [10R/1488](swap: 6, u: 0 | c_u: 4 | t_u_l: 114/942 | t_u_r: 81/943 | t_u: 195/1885) -> {'max_bond': 64, 'max_links': 4, 'total_elems': 32748, 'total_shapes': 1378, 'total_links': 222, 'num_tensors': 56}
2026-07-16 21:24:16,667 [INFO] [11R/1488](swap: 7, u: 0 | c_u: 4 | t_u_l: 114/942 | t_u_r: 81/943 | t_u: 195/1885) -> {'max_bond': 64, 'max_links': 4, 'total_elems': 41580, 'total_shapes': 1538, 'total_links': 222, 'num_tensors': 56}
2026-07-16 21:24:16,816 [INFO] [5L/1290](swap: 9, u: 0 | c_u: 4 | t_u_l: 114/942 | t_u_r: 81/943 | t_u: 195/1885) -> {'max_bond': 64, 'max_links': 4, 'total_elems': 63540, 'total_shapes': 1760, 'total_links': 222, 'num_tensors': 56}
2026-07-16 21:24:17,839 [INFO] [6L/1290](swap: 8, u: 0 | c_u: 4 | t_u_l: 114/942 | t_u_r: 81/943 | t_u: 195/1885) -> {'max_bond': 64, 'max_links': 4, 'total_elems': 89316, 'total_shapes': 1994, 'total_links': 222, 'num_tensors': 56}
2026-07-16 21:24:18,025 [INFO] [7L/1290](swap: 8, u: 0 | c_u: 4 | t_u_l: 114/942 | t_u_r: 81/943 | t_u: 195/1885) -> {'max_bond': 64, 'max_links': 4, 'total_elems': 117012, 'total_shapes': 2174, 'total_links': 222, 'num_tensors': 56}
2026-07-16 21:24:18,238 [INFO] [8L/1290](swap: 10, u: 0 | c_u: 4 | t_u_l: 114/942 | t_u_r: 81/943 | t_u: 195/1885) -> {'max_bond': 64, 'max_links': 4, 'total_elems': 131460, 'total_shapes': 2306, 'total_links': 222, 'num_tensors': 56}
2026-07-16 21:24:18,510 [INFO] [9L/1290](swap: 9, u: 0 | c_u: 4 | t_u_l: 114/942 | t_u_r: 81/943 | t_u: 195/1885) -> {'max_bond': 128, 'max_links': 4, 'total_elems': 199428, 'total_shapes': 2650, 'total_links': 222, 'num_tensors': 56}
2026-07-16 21:24:18,806 [INFO] [12R/1488](swap: 6, u: 0 | c_u: 4 | t_u_l: 114/942 | t_u_r: 81/943 | t_u: 195/1885) -> {'max_bond': 128, 'max_links': 4, 'total_elems': 204996, 'total_shapes': 2730, 'total_links': 222, 'num_tensors': 56}
2026-07-16 21:24:19,132 [INFO] [13R/1488](swap: 7, u: 0 | c_u: 4 | t_u_l: 114/942 | t_u_r: 81/943 | t_u: 195/1885) -> {'max_bond': 128, 'max_links': 4, 'total_elems': 229572, 'total_shapes': 2954, 'total_links': 222, 'num_tensors': 56}
2026-07-16 21:24:19,469 [INFO] [10L/1290](swap: 8, u: 0 | c_u: 4 | t_u_l: 114/942 | t_u_r: 81/943 | t_u: 195/1885) -> {'max_bond': 128, 'max_links': 4, 'total_elems': 249988, 'total_shapes': 3126, 'total_links': 222, 'num_tensors': 56}
2026-07-16 21:24:19,843 [INFO] [11L/1290](swap: 9, u: 0 | c_u: 4 | t_u_l: 114/942 | t_u_r: 81/943 | t_u: 195/1885) -> {'max_bond': 128, 'max_links': 4, 'total_elems': 280132, 'total_shapes': 3294, 'total_links': 222, 'num_tensors': 56}
2026-07-16 21:24:20,213 [INFO] [14R/1488](swap: 7, u: 1 | c_u: 5 | t_u_l: 114/942 | t_u_r: 82/943 | t_u: 196/1885) -> {'max_bond': 128, 'max_links': 4, 'total_elems': 274084, 'total_shapes': 3298, 'total_links': 222, 'num_tensors': 56}
2026-07-16 21:24:20,526 [INFO] [15R/1488](swap: 7, u: 0 | c_u: 5 | t_u_l: 114/942 | t_u_r: 82/943 | t_u: 196/1885) -> {'max_bond': 128, 'max_links': 4, 'total_elems': 271012, 'total_shapes': 3266, 'total_links': 222, 'num_tensors': 56}
2026-07-16 21:24:20,873 [INFO] [12L/1290](swap: 9, u: 0 | c_u: 5 | t_u_l: 114/942 | t_u_r: 82/943 | t_u: 196/1885) -> {'max_bond': 128, 'max_links': 4, 'total_elems': 289764, 'total_shapes': 3526, 'total_links': 222, 'num_tensors': 56}
2026-07-16 21:24:21,262 [INFO] [13L/1290](swap: 7, u: 1 | c_u: 6 | t_u_l: 115/942 | t_u_r: 82/943 | t_u: 197/1885) -> {'max_bond': 128, 'max_links': 4, 'total_elems': 357796, 'total_shapes': 4022, 'total_links': 222, 'num_tensors': 56}
2026-07-16 21:24:21,717 [INFO]     [start unswap] -> {'max_bond': 128, 'max_links': 4, 'total_elems': 357796, 'total_shapes': 4022, 'total_links': 222, 'num_tensors': 56}
2026-07-16 21:24:23,819 [INFO]     [0 | both | 0](candidate_pairs: 28/28 | new_swaps: 3 | total: 3) -> {'max_bond': 256, 'max_links': 4, 'total_elems': 476004, 'total_shapes': 4442, 'total_links': 222, 'num_tensors': 56}
2026-07-16 21:24:24,957 [INFO]     [0 | both | 1](candidate_pairs: 27/27 | new_swaps: 11 | total: 14) -> {'max_bond': 64, 'max_links': 4, 'total_elems': 247464, 'total_shapes': 3284, 'total_links': 222, 'num_tensors': 56}
2026-07-16 21:24:25,334 [INFO]     [0 | left | 0](candidate_pairs: 28/28 | new_swaps: 6 | total: 20) -> {'max_bond': 64, 'max_links': 4, 'total_elems': 183936, 'total_shapes': 2832, 'total_links': 222, 'num_tensors': 56}
2026-07-16 21:24:25,668 [INFO]     [0 | left | 1](candidate_pairs: 27/27 | new_swaps: 12 | total: 32) -> {'max_bond': 64, 'max_links': 4, 'total_elems': 102720, 'total_shapes': 2260, 'total_links': 222, 'num_tensors': 56}
2026-07-16 21:24:25,832 [INFO]     [0 | right | 0](candidate_pairs: 28/28 | new_swaps: 6 | total: 38) -> {'max_bond': 64, 'max_links': 4, 'total_elems': 80576, 'total_shapes': 1932, 'total_links': 222, 'num_tensors': 56}
2026-07-16 21:24:26,003 [INFO]     [0 | right | 1](candidate_pairs: 27/27 | new_swaps: 7 | total: 45) -> {'max_bond': 64, 'max_links': 4, 'total_elems': 62848, 'total_shapes': 1772, 'total_links': 222, 'num_tensors': 56}
2026-07-16 21:24:26,224 [INFO]     [1 | both | 0](candidate_pairs: 28/28 | new_swaps: 11 | total: 11) -> {'max_bond': 32, 'max_links': 4, 'total_elems': 43480, 'total_shapes': 1460, 'total_links': 222, 'num_tensors': 56}
2026-07-16 21:24:26,410 [INFO]     [1 | both | 1](candidate_pairs: 27/27 | new_swaps: 4 | total: 15) -> {'max_bond': 32, 'max_links': 4, 'total_elems': 39960, 'total_shapes': 1364, 'total_links': 222, 'num_tensors': 56}
2026-07-16 21:24:26,508 [INFO]     [1 | left | 0](candidate_pairs: 28/28 | new_swaps: 5 | total: 20) -> {'max_bond': 32, 'max_links': 4, 'total_elems': 37448, 'total_shapes': 1280, 'total_links': 222, 'num_tensors': 56}
2026-07-16 21:24:26,607 [INFO]     [1 | left | 1](candidate_pairs: 27/27 | new_swaps: 7 | total: 27) -> {'max_bond': 32, 'max_links': 4, 'total_elems': 31336, 'total_shapes': 1148, 'total_links': 222, 'num_tensors': 56}
2026-07-16 21:24:26,691 [INFO]     [1 | right | 0](candidate_pairs: 28/28 | new_swaps: 2 | total: 29) -> {'max_bond': 32, 'max_links': 4, 'total_elems': 31176, 'total_shapes': 1136, 'total_links': 222, 'num_tensors': 56}
2026-07-16 21:24:26,739 [INFO]     [1 | right | 1](candidate_pairs: 27/27 | new_swaps: 0 | total: 29) -> {'max_bond': 32, 'max_links': 4, 'total_elems': 31176, 'total_shapes': 1136, 'total_links': 222, 'num_tensors': 56}
2026-07-16 21:24:26,904 [INFO]     [2 | both | 0](candidate_pairs: 28/28 | new_swaps: 8 | total: 8) -> {'max_bond': 32, 'max_links': 4, 'total_elems': 26072, 'total_shapes': 1036, 'total_links': 222, 'num_tensors': 56}
2026-07-16 21:24:27,040 [INFO]     [2 | both | 1](candidate_pairs: 27/27 | new_swaps: 2 | total: 10) -> {'max_bond': 32, 'max_links': 4, 'total_elems': 25976, 'total_shapes': 1028, 'total_links': 222, 'num_tensors': 56}
2026-07-16 21:24:27,111 [INFO]     [2 | left | 0](candidate_pairs: 28/28 | new_swaps: 1 | total: 11) -> {'max_bond': 32, 'max_links': 4, 'total_elems': 25944, 'total_shapes': 1024, 'total_links': 222, 'num_tensors': 56}
2026-07-16 21:24:27,193 [INFO]     [2 | left | 1](candidate_pairs: 27/27 | new_swaps: 3 | total: 14) -> {'max_bond': 32, 'max_links': 4, 'total_elems': 21816, 'total_shapes': 958, 'total_links': 222, 'num_tensors': 56}
2026-07-16 21:24:27,234 [INFO]     [2 | right | 0](candidate_pairs: 28/28 | new_swaps: 0 | total: 14) -> {'max_bond': 32, 'max_links': 4, 'total_elems': 21816, 'total_shapes': 958, 'total_links': 222, 'num_tensors': 56}
2026-07-16 21:24:27,296 [INFO]     [2 | right | 1](candidate_pairs: 27/27 | new_swaps: 1 | total: 15) -> {'max_bond': 32, 'max_links': 4, 'total_elems': 20664, 'total_shapes': 934, 'total_links': 222, 'num_tensors': 56}
2026-07-16 21:24:27,432 [INFO]     [3 | both | 0](candidate_pairs: 28/28 | new_swaps: 5 | total: 5) -> {'max_bond': 32, 'max_links': 4, 'total_elems': 19312, 'total_shapes': 886, 'total_links': 222, 'num_tensors': 56}
2026-07-16 21:24:27,556 [INFO]     [3 | both | 1](candidate_pairs: 27/27 | new_swaps: 1 | total: 6) -> {'max_bond': 32, 'max_links': 4, 'total_elems': 19300, 'total_shapes': 884, 'total_links': 222, 'num_tensors': 56}
2026-07-16 21:24:27,630 [INFO]     [3 | left | 0](candidate_pairs: 28/28 | new_swaps: 1 | total: 7) -> {'max_bond': 32, 'max_links': 4, 'total_elems': 15460, 'total_shapes': 836, 'total_links': 222, 'num_tensors': 56}
2026-07-16 21:24:27,661 [INFO]     [3 | left | 1](candidate_pairs: 27/27 | new_swaps: 0 | total: 7) -> {'max_bond': 32, 'max_links': 4, 'total_elems': 15460, 'total_shapes': 836, 'total_links': 222, 'num_tensors': 56}
2026-07-16 21:24:27,698 [INFO]     [3 | right | 0](candidate_pairs: 28/28 | new_swaps: 0 | total: 7) -> {'max_bond': 32, 'max_links': 4, 'total_elems': 15460, 'total_shapes': 836, 'total_links': 222, 'num_tensors': 56}
2026-07-16 21:24:27,751 [INFO]     [3 | right | 1](candidate_pairs: 27/27 | new_swaps: 1 | total: 8) -> {'max_bond': 32, 'max_links': 4, 'total_elems': 14500, 'total_shapes': 812, 'total_links': 222, 'num_tensors': 56}
2026-07-16 21:24:27,821 [INFO]     [4 | both | 0](candidate_pairs: 28/28 | new_swaps: 0 | total: 0) -> {'max_bond': 32, 'max_links': 4, 'total_elems': 14500, 'total_shapes': 812, 'total_links': 222, 'num_tensors': 56}
2026-07-16 21:24:27,940 [INFO]     [4 | both | 1](candidate_pairs: 27/27 | new_swaps: 2 | total: 2) -> {'max_bond': 32, 'max_links': 4, 'total_elems': 10420, 'total_shapes': 752, 'total_links': 222, 'num_tensors': 56}
2026-07-16 21:24:28,000 [INFO]     [4 | left | 0](candidate_pairs: 28/28 | new_swaps: 1 | total: 3) -> {'max_bond': 32, 'max_links': 4, 'total_elems': 7860, 'total_shapes': 720, 'total_links': 222, 'num_tensors': 56}
2026-07-16 21:24:28,049 [INFO]     [4 | left | 1](candidate_pairs: 27/27 | new_swaps: 1 | total: 4) -> {'max_bond': 16, 'max_links': 4, 'total_elems': 4788, 'total_shapes': 672, 'total_links': 222, 'num_tensors': 56}
2026-07-16 21:24:28,104 [INFO]     [4 | right | 0](candidate_pairs: 28/28 | new_swaps: 2 | total: 6) -> {'max_bond': 8, 'max_links': 4, 'total_elems': 3892, 'total_shapes': 640, 'total_links': 222, 'num_tensors': 56}
2026-07-16 21:24:28,127 [INFO]     [4 | right | 1](candidate_pairs: 27/27 | new_swaps: 0 | total: 6) -> {'max_bond': 8, 'max_links': 4, 'total_elems': 3892, 'total_shapes': 640, 'total_links': 222, 'num_tensors': 56}
2026-07-16 21:24:28,224 [INFO]     [5 | both | 0](candidate_pairs: 28/28 | new_swaps: 2 | total: 2) -> {'max_bond': 8, 'max_links': 4, 'total_elems': 3460, 'total_shapes': 620, 'total_links': 222, 'num_tensors': 56}
2026-07-16 21:24:28,319 [INFO]     [5 | both | 1](candidate_pairs: 27/27 | new_swaps: 2 | total: 4) -> {'max_bond': 8, 'max_links': 4, 'total_elems': 3028, 'total_shapes': 600, 'total_links': 222, 'num_tensors': 56}
2026-07-16 21:24:28,362 [INFO]     [5 | left | 0](candidate_pairs: 28/28 | new_swaps: 1 | total: 5) -> {'max_bond': 8, 'max_links': 4, 'total_elems': 2932, 'total_shapes': 592, 'total_links': 222, 'num_tensors': 56}
2026-07-16 21:24:28,385 [INFO]     [5 | left | 1](candidate_pairs: 27/27 | new_swaps: 0 | total: 5) -> {'max_bond': 8, 'max_links': 4, 'total_elems': 2932, 'total_shapes': 592, 'total_links': 222, 'num_tensors': 56}
2026-07-16 21:24:28,426 [INFO]     [5 | right | 0](candidate_pairs: 28/28 | new_swaps: 1 | total: 6) -> {'max_bond': 8, 'max_links': 4, 'total_elems': 2860, 'total_shapes': 586, 'total_links': 222, 'num_tensors': 56}
2026-07-16 21:24:28,449 [INFO]     [5 | right | 1](candidate_pairs: 27/27 | new_swaps: 0 | total: 6) -> {'max_bond': 8, 'max_links': 4, 'total_elems': 2860, 'total_shapes': 586, 'total_links': 222, 'num_tensors': 56}
2026-07-16 21:24:28,492 [INFO]     [6 | both | 0](candidate_pairs: 28/28 | new_swaps: 0 | total: 0) -> {'max_bond': 8, 'max_links': 4, 'total_elems': 2860, 'total_shapes': 586, 'total_links': 222, 'num_tensors': 56}
2026-07-16 21:24:28,574 [INFO]     [6 | both | 1](candidate_pairs: 27/27 | new_swaps: 1 | total: 1) -> {'max_bond': 8, 'max_links': 4, 'total_elems': 2800, 'total_shapes': 580, 'total_links': 222, 'num_tensors': 56}
2026-07-16 21:24:28,597 [INFO]     [6 | left | 0](candidate_pairs: 28/28 | new_swaps: 0 | total: 1) -> {'max_bond': 8, 'max_links': 4, 'total_elems': 2800, 'total_shapes': 580, 'total_links': 222, 'num_tensors': 56}
2026-07-16 21:24:28,620 [INFO]     [6 | left | 1](candidate_pairs: 27/27 | new_swaps: 0 | total: 1) -> {'max_bond': 8, 'max_links': 4, 'total_elems': 2800, 'total_shapes': 580, 'total_links': 222, 'num_tensors': 56}
2026-07-16 21:24:28,643 [INFO]     [6 | right | 0](candidate_pairs: 28/28 | new_swaps: 0 | total: 1) -> {'max_bond': 8, 'max_links': 4, 'total_elems': 2800, 'total_shapes': 580, 'total_links': 222, 'num_tensors': 56}
2026-07-16 21:24:28,665 [INFO]     [6 | right | 1](candidate_pairs: 27/27 | new_swaps: 0 | total: 1) -> {'max_bond': 8, 'max_links': 4, 'total_elems': 2800, 'total_shapes': 580, 'total_links': 222, 'num_tensors': 56}
2026-07-16 21:24:28,747 [INFO]     [7 | both | 0](candidate_pairs: 28/28 | new_swaps: 1 | total: 1) -> {'max_bond': 8, 'max_links': 4, 'total_elems': 2740, 'total_shapes': 574, 'total_links': 222, 'num_tensors': 56}
2026-07-16 21:24:28,828 [INFO]     [7 | both | 1](candidate_pairs: 27/27 | new_swaps: 1 | total: 2) -> {'max_bond': 8, 'max_links': 4, 'total_elems': 2680, 'total_shapes': 568, 'total_links': 222, 'num_tensors': 56}
2026-07-16 21:24:28,851 [INFO]     [7 | left | 0](candidate_pairs: 28/28 | new_swaps: 0 | total: 2) -> {'max_bond': 8, 'max_links': 4, 'total_elems': 2680, 'total_shapes': 568, 'total_links': 222, 'num_tensors': 56}
2026-07-16 21:24:28,874 [INFO]     [7 | left | 1](candidate_pairs: 27/27 | new_swaps: 0 | total: 2) -> {'max_bond': 8, 'max_links': 4, 'total_elems': 2680, 'total_shapes': 568, 'total_links': 222, 'num_tensors': 56}
2026-07-16 21:24:28,896 [INFO]     [7 | right | 0](candidate_pairs: 28/28 | new_swaps: 0 | total: 2) -> {'max_bond': 8, 'max_links': 4, 'total_elems': 2680, 'total_shapes': 568, 'total_links': 222, 'num_tensors': 56}
2026-07-16 21:24:28,919 [INFO]     [7 | right | 1](candidate_pairs: 27/27 | new_swaps: 0 | total: 2) -> {'max_bond': 8, 'max_links': 4, 'total_elems': 2680, 'total_shapes': 568, 'total_links': 222, 'num_tensors': 56}
2026-07-16 21:24:29,000 [INFO]     [8 | both | 0](candidate_pairs: 28/28 | new_swaps: 1 | total: 1) -> {'max_bond': 8, 'max_links': 4, 'total_elems': 2620, 'total_shapes': 562, 'total_links': 222, 'num_tensors': 56}
2026-07-16 21:24:29,082 [INFO]     [8 | both | 1](candidate_pairs: 27/27 | new_swaps: 1 | total: 2) -> {'max_bond': 8, 'max_links': 4, 'total_elems': 2580, 'total_shapes': 558, 'total_links': 222, 'num_tensors': 56}
2026-07-16 21:24:29,105 [INFO]     [8 | left | 0](candidate_pairs: 28/28 | new_swaps: 0 | total: 2) -> {'max_bond': 8, 'max_links': 4, 'total_elems': 2580, 'total_shapes': 558, 'total_links': 222, 'num_tensors': 56}
2026-07-16 21:24:29,128 [INFO]     [8 | left | 1](candidate_pairs: 27/27 | new_swaps: 0 | total: 2) -> {'max_bond': 8, 'max_links': 4, 'total_elems': 2580, 'total_shapes': 558, 'total_links': 222, 'num_tensors': 56}
2026-07-16 21:24:29,151 [INFO]     [8 | right | 0](candidate_pairs: 28/28 | new_swaps: 0 | total: 2) -> {'max_bond': 8, 'max_links': 4, 'total_elems': 2580, 'total_shapes': 558, 'total_links': 222, 'num_tensors': 56}
2026-07-16 21:24:29,174 [INFO]     [8 | right | 1](candidate_pairs: 27/27 | new_swaps: 0 | total: 2) -> {'max_bond': 8, 'max_links': 4, 'total_elems': 2580, 'total_shapes': 558, 'total_links': 222, 'num_tensors': 56}
2026-07-16 21:24:29,217 [INFO]     [9 | both | 0](candidate_pairs: 28/28 | new_swaps: 0 | total: 0) -> {'max_bond': 8, 'max_links': 4, 'total_elems': 2580, 'total_shapes': 558, 'total_links': 222, 'num_tensors': 56}
2026-07-16 21:24:29,261 [INFO]     [9 | both | 1](candidate_pairs: 27/27 | new_swaps: 0 | total: 0) -> {'max_bond': 8, 'max_links': 4, 'total_elems': 2580, 'total_shapes': 558, 'total_links': 222, 'num_tensors': 56}
2026-07-16 21:24:29,284 [INFO]     [9 | left | 0](candidate_pairs: 28/28 | new_swaps: 0 | total: 0) -> {'max_bond': 8, 'max_links': 4, 'total_elems': 2580, 'total_shapes': 558, 'total_links': 222, 'num_tensors': 56}
2026-07-16 21:24:29,307 [INFO]     [9 | left | 1](candidate_pairs: 27/27 | new_swaps: 0 | total: 0) -> {'max_bond': 8, 'max_links': 4, 'total_elems': 2580, 'total_shapes': 558, 'total_links': 222, 'num_tensors': 56}
2026-07-16 21:24:29,329 [INFO]     [9 | right | 0](candidate_pairs: 28/28 | new_swaps: 0 | total: 0) -> {'max_bond': 8, 'max_links': 4, 'total_elems': 2580, 'total_shapes': 558, 'total_links': 222, 'num_tensors': 56}
2026-07-16 21:24:29,352 [INFO]     [9 | right | 1](candidate_pairs: 27/27 | new_swaps: 0 | total: 0) -> {'max_bond': 8, 'max_links': 4, 'total_elems': 2580, 'total_shapes': 558, 'total_links': 222, 'num_tensors': 56}
2026-07-16 21:24:29,353 [INFO]     [end unswap] -> {'max_bond': 8, 'max_links': 4, 'total_elems': 2580, 'total_shapes': 558, 'total_links': 222, 'num_tensors': 56}
2026-07-16 21:24:32,420 [INFO] [start rewire](phase=post_unswap, cycle=19, side=left, layers=1279, trials=50, seed=123, parallel=False, route_candidates=1, route_score=none)
2026-07-16 21:24:33,882 [INFO] [end rewire](phase=post_unswap, cycle=19, side=left, routed_layers=1261, elapsed_s=1.46)
2026-07-16 21:24:33,882 [INFO] [start rewire](phase=post_unswap, cycle=19, side=right, layers=1475, trials=50, seed=123, parallel=False, route_candidates=1, route_score=none)
2026-07-16 21:24:35,657 [INFO] [end rewire](phase=post_unswap, cycle=19, side=right, routed_layers=1499, elapsed_s=1.77)
2026-07-16 21:24:35,880 [INFO] [1L/1259](swap: 11, u: 1 | c_u: 1 | t_u_l: 116/942 | t_u_r: 82/943 | t_u: 198/1885) -> {'max_bond': 8, 'max_links': 4, 'total_elems': 2548, 'total_shapes': 554, 'total_links': 222, 'num_tensors': 56}
2026-07-16 21:24:35,993 [INFO] [1R/1497](swap: 5, u: 0 | c_u: 1 | t_u_l: 116/942 | t_u_r: 82/943 | t_u: 198/1885) -> {'max_bond': 16, 'max_links': 4, 'total_elems': 3636, 'total_shapes': 610, 'total_links': 222, 'num_tensors': 56}
2026-07-16 21:24:36,107 [INFO] [2R/1497](swap: 4, u: 0 | c_u: 1 | t_u_l: 116/942 | t_u_r: 82/943 | t_u: 198/1885) -> {'max_bond': 16, 'max_links': 4, 'total_elems': 4140, 'total_shapes': 646, 'total_links': 222, 'num_tensors': 56}
2026-07-16 21:24:36,222 [INFO] [3R/1497](swap: 4, u: 0 | c_u: 1 | t_u_l: 116/942 | t_u_r: 82/943 | t_u: 198/1885) -> {'max_bond': 16, 'max_links': 4, 'total_elems': 5160, 'total_shapes': 684, 'total_links': 222, 'num_tensors': 56}
2026-07-16 21:24:36,339 [INFO] [4R/1497](swap: 4, u: 0 | c_u: 1 | t_u_l: 116/942 | t_u_r: 82/943 | t_u: 198/1885) -> {'max_bond': 16, 'max_links': 4, 'total_elems': 7332, 'total_shapes': 738, 'total_links': 222, 'num_tensors': 56}
2026-07-16 21:24:36,456 [INFO] [5R/1497](swap: 4, u: 0 | c_u: 1 | t_u_l: 116/942 | t_u_r: 82/943 | t_u: 198/1885) -> {'max_bond': 16, 'max_links': 4, 'total_elems': 8448, 'total_shapes': 768, 'total_links': 222, 'num_tensors': 56}
2026-07-16 21:24:36,574 [INFO] [6R/1497](swap: 3, u: 0 | c_u: 1 | t_u_l: 116/942 | t_u_r: 82/943 | t_u: 198/1885) -> {'max_bond': 16, 'max_links': 4, 'total_elems': 9720, 'total_shapes': 810, 'total_links': 222, 'num_tensors': 56}
2026-07-16 21:24:36,695 [INFO] [7R/1497](swap: 4, u: 0 | c_u: 1 | t_u_l: 116/942 | t_u_r: 82/943 | t_u: 198/1885) -> {'max_bond': 16, 'max_links': 4, 'total_elems': 10536, 'total_shapes': 830, 'total_links': 222, 'num_tensors': 56}
2026-07-16 21:24:36,819 [INFO] [8R/1497](swap: 4, u: 0 | c_u: 1 | t_u_l: 116/942 | t_u_r: 82/943 | t_u: 198/1885) -> {'max_bond': 16, 'max_links': 4, 'total_elems': 11448, 'total_shapes': 890, 'total_links': 222, 'num_tensors': 56}
2026-07-16 21:24:36,964 [INFO] [2L/1259](swap: 13, u: 0 | c_u: 1 | t_u_l: 116/942 | t_u_r: 82/943 | t_u: 198/1885) -> {'max_bond': 32, 'max_links': 4, 'total_elems': 15620, 'total_shapes': 998, 'total_links': 222, 'num_tensors': 56}
2026-07-16 21:24:37,092 [INFO] [9R/1497](swap: 5, u: 0 | c_u: 1 | t_u_l: 116/942 | t_u_r: 82/943 | t_u: 198/1885) -> {'max_bond': 32, 'max_links': 4, 'total_elems': 19844, 'total_shapes': 1070, 'total_links': 222, 'num_tensors': 56}
2026-07-16 21:24:37,226 [INFO] [10R/1497](swap: 6, u: 0 | c_u: 1 | t_u_l: 116/942 | t_u_r: 82/943 | t_u: 198/1885) -> {'max_bond': 64, 'max_links': 4, 'total_elems': 36212, 'total_shapes': 1346, 'total_links': 222, 'num_tensors': 56}
2026-07-16 21:24:37,387 [INFO] [3L/1259](swap: 11, u: 0 | c_u: 1 | t_u_l: 116/942 | t_u_r: 82/943 | t_u: 198/1885) -> {'max_bond': 64, 'max_links': 4, 'total_elems': 68672, 'total_shapes': 1708, 'total_links': 222, 'num_tensors': 56}
2026-07-16 21:24:37,568 [INFO] [11R/1497](swap: 6, u: 0 | c_u: 1 | t_u_l: 116/942 | t_u_r: 82/943 | t_u: 198/1885) -> {'max_bond': 64, 'max_links': 4, 'total_elems': 117296, 'total_shapes': 2056, 'total_links': 222, 'num_tensors': 56}
2026-07-16 21:24:37,848 [INFO] [4L/1259](swap: 12, u: 0 | c_u: 1 | t_u_l: 116/942 | t_u_r: 82/943 | t_u: 198/1885) -> {'max_bond': 64, 'max_links': 4, 'total_elems': 170192, 'total_shapes': 2446, 'total_links': 222, 'num_tensors': 56}
2026-07-16 21:24:38,208 [INFO] [5L/1259](swap: 11, u: 1 | c_u: 2 | t_u_l: 117/942 | t_u_r: 82/943 | t_u: 199/1885) -> {'max_bond': 64, 'max_links': 4, 'total_elems': 214208, 'total_shapes': 2790, 'total_links': 222, 'num_tensors': 56}
2026-07-16 21:24:38,673 [INFO] [12R/1497](swap: 7, u: 0 | c_u: 2 | t_u_l: 117/942 | t_u_r: 82/943 | t_u: 199/1885) -> {'max_bond': 256, 'max_links': 4, 'total_elems': 448688, 'total_shapes': 3810, 'total_links': 222, 'num_tensors': 56}
2026-07-16 21:24:39,633 [INFO]     [start unswap] -> {'max_bond': 256, 'max_links': 4, 'total_elems': 448688, 'total_shapes': 3810, 'total_links': 222, 'num_tensors': 56}
2026-07-16 21:24:41,613 [INFO]     [0 | both | 0](candidate_pairs: 28/28 | new_swaps: 8 | total: 8) -> {'max_bond': 256, 'max_links': 4, 'total_elems': 538800, 'total_shapes': 3474, 'total_links': 222, 'num_tensors': 56}
2026-07-16 21:24:43,006 [INFO]     [0 | both | 1](candidate_pairs: 27/27 | new_swaps: 5 | total: 13) -> {'max_bond': 256, 'max_links': 4, 'total_elems': 505776, 'total_shapes': 3194, 'total_links': 222, 'num_tensors': 56}
2026-07-16 21:24:43,608 [INFO]     [0 | left | 0](candidate_pairs: 28/28 | new_swaps: 4 | total: 17) -> {'max_bond': 256, 'max_links': 4, 'total_elems': 466200, 'total_shapes': 2924, 'total_links': 222, 'num_tensors': 56}
2026-07-16 21:24:44,720 [INFO]     [0 | left | 1](candidate_pairs: 27/27 | new_swaps: 8 | total: 25) -> {'max_bond': 256, 'max_links': 4, 'total_elems': 192088, 'total_shapes': 2256, 'total_links': 222, 'num_tensors': 56}
2026-07-16 21:24:44,975 [INFO]     [0 | right | 0](candidate_pairs: 28/28 | new_swaps: 8 | total: 33) -> {'max_bond': 64, 'max_links': 4, 'total_elems': 82136, 'total_shapes': 1664, 'total_links': 222, 'num_tensors': 56}
2026-07-16 21:24:45,114 [INFO]     [0 | right | 1](candidate_pairs: 27/27 | new_swaps: 3 | total: 36) -> {'max_bond': 64, 'max_links': 4, 'total_elems': 81416, 'total_shapes': 1628, 'total_links': 222, 'num_tensors': 56}
2026-07-16 21:24:45,431 [INFO]     [1 | both | 0](candidate_pairs: 28/28 | new_swaps: 6 | total: 6) -> {'max_bond': 64, 'max_links': 4, 'total_elems': 63848, 'total_shapes': 1468, 'total_links': 222, 'num_tensors': 56}
2026-07-16 21:24:45,666 [INFO]     [1 | both | 1](candidate_pairs: 27/27 | new_swaps: 10 | total: 16) -> {'max_bond': 64, 'max_links': 4, 'total_elems': 26648, 'total_shapes': 1144, 'total_links': 222, 'num_tensors': 56}
2026-07-16 21:24:45,744 [INFO]     [1 | left | 0](candidate_pairs: 28/28 | new_swaps: 4 | total: 20) -> {'max_bond': 32, 'max_links': 4, 'total_elems': 19304, 'total_shapes': 1000, 'total_links': 222, 'num_tensors': 56}
2026-07-16 21:24:45,818 [INFO]     [1 | left | 1](candidate_pairs: 27/27 | new_swaps: 3 | total: 23) -> {'max_bond': 32, 'max_links': 4, 'total_elems': 16928, 'total_shapes': 954, 'total_links': 222, 'num_tensors': 56}
2026-07-16 21:24:45,883 [INFO]     [1 | right | 0](candidate_pairs: 28/28 | new_swaps: 3 | total: 26) -> {'max_bond': 32, 'max_links': 4, 'total_elems': 15688, 'total_shapes': 910, 'total_links': 222, 'num_tensors': 56}
2026-07-16 21:24:45,939 [INFO]     [1 | right | 1](candidate_pairs: 27/27 | new_swaps: 1 | total: 27) -> {'max_bond': 32, 'max_links': 4, 'total_elems': 15640, 'total_shapes': 906, 'total_links': 222, 'num_tensors': 56}
2026-07-16 21:24:46,060 [INFO]     [2 | both | 0](candidate_pairs: 28/28 | new_swaps: 7 | total: 7) -> {'max_bond': 32, 'max_links': 4, 'total_elems': 12384, 'total_shapes': 838, 'total_links': 222, 'num_tensors': 56}
2026-07-16 21:24:46,178 [INFO]     [2 | both | 1](candidate_pairs: 27/27 | new_swaps: 4 | total: 11) -> {'max_bond': 16, 'max_links': 4, 'total_elems': 7488, 'total_shapes': 742, 'total_links': 222, 'num_tensors': 56}
2026-07-16 21:24:46,235 [INFO]     [2 | left | 0](candidate_pairs: 28/28 | new_swaps: 2 | total: 13) -> {'max_bond': 16, 'max_links': 4, 'total_elems': 5760, 'total_shapes': 694, 'total_links': 222, 'num_tensors': 56}
2026-07-16 21:24:46,278 [INFO]     [2 | left | 1](candidate_pairs: 27/27 | new_swaps: 1 | total: 14) -> {'max_bond': 16, 'max_links': 4, 'total_elems': 5712, 'total_shapes': 690, 'total_links': 222, 'num_tensors': 56}
2026-07-16 21:24:46,303 [INFO]     [2 | right | 0](candidate_pairs: 28/28 | new_swaps: 0 | total: 14) -> {'max_bond': 16, 'max_links': 4, 'total_elems': 5712, 'total_shapes': 690, 'total_links': 222, 'num_tensors': 56}
2026-07-16 21:24:46,327 [INFO]     [2 | right | 1](candidate_pairs: 27/27 | new_swaps: 0 | total: 14) -> {'max_bond': 16, 'max_links': 4, 'total_elems': 5712, 'total_shapes': 690, 'total_links': 222, 'num_tensors': 56}
2026-07-16 21:24:46,431 [INFO]     [3 | both | 0](candidate_pairs: 28/28 | new_swaps: 3 | total: 3) -> {'max_bond': 16, 'max_links': 4, 'total_elems': 4704, 'total_shapes': 662, 'total_links': 222, 'num_tensors': 56}
2026-07-16 21:24:46,515 [INFO]     [3 | both | 1](candidate_pairs: 27/27 | new_swaps: 1 | total: 4) -> {'max_bond': 16, 'max_links': 4, 'total_elems': 4512, 'total_shapes': 654, 'total_links': 222, 'num_tensors': 56}
2026-07-16 21:24:46,558 [INFO]     [3 | left | 0](candidate_pairs: 28/28 | new_swaps: 1 | total: 5) -> {'max_bond': 16, 'max_links': 4, 'total_elems': 4192, 'total_shapes': 646, 'total_links': 222, 'num_tensors': 56}
2026-07-16 21:24:46,601 [INFO]     [3 | left | 1](candidate_pairs: 27/27 | new_swaps: 1 | total: 6) -> {'max_bond': 16, 'max_links': 4, 'total_elems': 3808, 'total_shapes': 622, 'total_links': 222, 'num_tensors': 56}
2026-07-16 21:24:46,625 [INFO]     [3 | right | 0](candidate_pairs: 28/28 | new_swaps: 0 | total: 6) -> {'max_bond': 16, 'max_links': 4, 'total_elems': 3808, 'total_shapes': 622, 'total_links': 222, 'num_tensors': 56}
2026-07-16 21:24:46,648 [INFO]     [3 | right | 1](candidate_pairs: 27/27 | new_swaps: 0 | total: 6) -> {'max_bond': 16, 'max_links': 4, 'total_elems': 3808, 'total_shapes': 622, 'total_links': 222, 'num_tensors': 56}
2026-07-16 21:24:46,694 [INFO]     [4 | both | 0](candidate_pairs: 28/28 | new_swaps: 0 | total: 0) -> {'max_bond': 16, 'max_links': 4, 'total_elems': 3808, 'total_shapes': 622, 'total_links': 222, 'num_tensors': 56}
2026-07-16 21:24:46,739 [INFO]     [4 | both | 1](candidate_pairs: 27/27 | new_swaps: 0 | total: 0) -> {'max_bond': 16, 'max_links': 4, 'total_elems': 3808, 'total_shapes': 622, 'total_links': 222, 'num_tensors': 56}
2026-07-16 21:24:46,763 [INFO]     [4 | left | 0](candidate_pairs: 28/28 | new_swaps: 0 | total: 0) -> {'max_bond': 16, 'max_links': 4, 'total_elems': 3808, 'total_shapes': 622, 'total_links': 222, 'num_tensors': 56}
2026-07-16 21:24:46,786 [INFO]     [4 | left | 1](candidate_pairs: 27/27 | new_swaps: 0 | total: 0) -> {'max_bond': 16, 'max_links': 4, 'total_elems': 3808, 'total_shapes': 622, 'total_links': 222, 'num_tensors': 56}
2026-07-16 21:24:46,809 [INFO]     [4 | right | 0](candidate_pairs: 28/28 | new_swaps: 0 | total: 0) -> {'max_bond': 16, 'max_links': 4, 'total_elems': 3808, 'total_shapes': 622, 'total_links': 222, 'num_tensors': 56}
2026-07-16 21:24:46,832 [INFO]     [4 | right | 1](candidate_pairs: 27/27 | new_swaps: 0 | total: 0) -> {'max_bond': 16, 'max_links': 4, 'total_elems': 3808, 'total_shapes': 622, 'total_links': 222, 'num_tensors': 56}
2026-07-16 21:24:46,833 [INFO]     [end unswap] -> {'max_bond': 16, 'max_links': 4, 'total_elems': 3808, 'total_shapes': 622, 'total_links': 222, 'num_tensors': 56}
2026-07-16 21:24:48,468 [INFO] [start rewire](phase=post_unswap, cycle=20, side=left, layers=1256, trials=50, seed=123, parallel=False, route_candidates=1, route_score=none)
2026-07-16 21:24:49,985 [INFO] [end rewire](phase=post_unswap, cycle=20, side=left, routed_layers=1250, elapsed_s=1.52)
2026-07-16 21:24:49,985 [INFO] [start rewire](phase=post_unswap, cycle=20, side=right, layers=1487, trials=50, seed=123, parallel=False, route_candidates=1, route_score=none)
2026-07-16 21:24:51,747 [INFO] [end rewire](phase=post_unswap, cycle=20, side=right, routed_layers=1529, elapsed_s=1.76)
2026-07-16 21:24:51,974 [INFO] [1L/1248](swap: 9, u: 2 | c_u: 2 | t_u_l: 119/942 | t_u_r: 82/943 | t_u: 201/1885) -> {'max_bond': 16, 'max_links': 4, 'total_elems': 4384, 'total_shapes': 646, 'total_links': 222, 'num_tensors': 56}
2026-07-16 21:24:52,090 [INFO] [1R/1527](swap: 7, u: 0 | c_u: 2 | t_u_l: 119/942 | t_u_r: 82/943 | t_u: 201/1885) -> {'max_bond': 16, 'max_links': 4, 'total_elems': 6008, 'total_shapes': 730, 'total_links': 222, 'num_tensors': 56}
2026-07-16 21:24:52,207 [INFO] [2R/1527](swap: 6, u: 0 | c_u: 2 | t_u_l: 119/942 | t_u_r: 82/943 | t_u: 201/1885) -> {'max_bond': 32, 'max_links': 4, 'total_elems': 10136, 'total_shapes': 834, 'total_links': 222, 'num_tensors': 56}
2026-07-16 21:24:52,328 [INFO] [2L/1248](swap: 7, u: 0 | c_u: 2 | t_u_l: 119/942 | t_u_r: 82/943 | t_u: 201/1885) -> {'max_bond': 32, 'max_links': 4, 'total_elems': 14972, 'total_shapes': 962, 'total_links': 222, 'num_tensors': 56}
2026-07-16 21:24:52,456 [INFO] [3R/1527](swap: 5, u: 0 | c_u: 2 | t_u_l: 119/942 | t_u_r: 82/943 | t_u: 201/1885) -> {'max_bond': 64, 'max_links': 4, 'total_elems': 26988, 'total_shapes': 1118, 'total_links': 222, 'num_tensors': 56}
2026-07-16 21:24:52,593 [INFO] [4R/1527](swap: 5, u: 0 | c_u: 2 | t_u_l: 119/942 | t_u_r: 82/943 | t_u: 201/1885) -> {'max_bond': 64, 'max_links': 4, 'total_elems': 28764, 'total_shapes': 1178, 'total_links': 222, 'num_tensors': 56}
2026-07-16 21:24:52,733 [INFO] [5R/1527](swap: 6, u: 0 | c_u: 2 | t_u_l: 119/942 | t_u_r: 82/943 | t_u: 201/1885) -> {'max_bond': 64, 'max_links': 4, 'total_elems': 41292, 'total_shapes': 1366, 'total_links': 222, 'num_tensors': 56}
2026-07-16 21:24:52,885 [INFO] [3L/1248](swap: 9, u: 0 | c_u: 2 | t_u_l: 119/942 | t_u_r: 82/943 | t_u: 201/1885) -> {'max_bond': 64, 'max_links': 4, 'total_elems': 57108, 'total_shapes': 1492, 'total_links': 222, 'num_tensors': 56}
2026-07-16 21:24:53,066 [INFO] [6R/1527](swap: 6, u: 0 | c_u: 2 | t_u_l: 119/942 | t_u_r: 82/943 | t_u: 201/1885) -> {'max_bond': 64, 'max_links': 4, 'total_elems': 76292, 'total_shapes': 1696, 'total_links': 222, 'num_tensors': 56}
2026-07-16 21:24:53,273 [INFO] [4L/1248](swap: 7, u: 0 | c_u: 2 | t_u_l: 119/942 | t_u_r: 82/943 | t_u: 201/1885) -> {'max_bond': 64, 'max_links': 4, 'total_elems': 80436, 'total_shapes': 1828, 'total_links': 222, 'num_tensors': 56}
2026-07-16 21:24:53,475 [INFO] [7R/1527](swap: 5, u: 0 | c_u: 2 | t_u_l: 119/942 | t_u_r: 82/943 | t_u: 201/1885) -> {'max_bond': 64, 'max_links': 4, 'total_elems': 113444, 'total_shapes': 2000, 'total_links': 222, 'num_tensors': 56}
2026-07-16 21:24:53,709 [INFO] [8R/1527](swap: 5, u: 0 | c_u: 2 | t_u_l: 119/942 | t_u_r: 82/943 | t_u: 201/1885) -> {'max_bond': 64, 'max_links': 4, 'total_elems': 119060, 'total_shapes': 2108, 'total_links': 222, 'num_tensors': 56}
2026-07-16 21:24:53,950 [INFO] [9R/1527](swap: 6, u: 0 | c_u: 2 | t_u_l: 119/942 | t_u_r: 82/943 | t_u: 201/1885) -> {'max_bond': 64, 'max_links': 4, 'total_elems': 130564, 'total_shapes': 2232, 'total_links': 222, 'num_tensors': 56}
2026-07-16 21:24:54,296 [INFO] [10R/1527](swap: 7, u: 0 | c_u: 2 | t_u_l: 119/942 | t_u_r: 82/943 | t_u: 201/1885) -> {'max_bond': 128, 'max_links': 4, 'total_elems': 165172, 'total_shapes': 2546, 'total_links': 222, 'num_tensors': 56}
2026-07-16 21:24:54,624 [INFO] [5L/1248](swap: 7, u: 0 | c_u: 2 | t_u_l: 119/942 | t_u_r: 82/943 | t_u: 201/1885) -> {'max_bond': 256, 'max_links': 4, 'total_elems': 273620, 'total_shapes': 2968, 'total_links': 222, 'num_tensors': 56}
2026-07-16 21:24:54,994 [INFO] [6L/1248](swap: 6, u: 0 | c_u: 2 | t_u_l: 119/942 | t_u_r: 82/943 | t_u: 201/1885) -> {'max_bond': 256, 'max_links': 4, 'total_elems': 351428, 'total_shapes': 3482, 'total_links': 222, 'num_tensors': 56}
2026-07-16 21:24:55,511 [INFO]     [start unswap] -> {'max_bond': 256, 'max_links': 4, 'total_elems': 351428, 'total_shapes': 3482, 'total_links': 222, 'num_tensors': 56}
2026-07-16 21:24:57,100 [INFO]     [0 | both | 0](candidate_pairs: 28/28 | new_swaps: 5 | total: 5) -> {'max_bond': 128, 'max_links': 4, 'total_elems': 387744, 'total_shapes': 3282, 'total_links': 222, 'num_tensors': 56}
2026-07-16 21:24:58,211 [INFO]     [0 | both | 1](candidate_pairs: 27/27 | new_swaps: 9 | total: 14) -> {'max_bond': 128, 'max_links': 4, 'total_elems': 231268, 'total_shapes': 2570, 'total_links': 222, 'num_tensors': 56}
2026-07-16 21:24:58,583 [INFO]     [0 | left | 0](candidate_pairs: 28/28 | new_swaps: 8 | total: 22) -> {'max_bond': 128, 'max_links': 4, 'total_elems': 95908, 'total_shapes': 1936, 'total_links': 222, 'num_tensors': 56}
2026-07-16 21:24:58,759 [INFO]     [0 | left | 1](candidate_pairs: 27/27 | new_swaps: 10 | total: 32) -> {'max_bond': 32, 'max_links': 4, 'total_elems': 35356, 'total_shapes': 1364, 'total_links': 222, 'num_tensors': 56}
2026-07-16 21:24:58,842 [INFO]     [0 | right | 0](candidate_pairs: 28/28 | new_swaps: 5 | total: 37) -> {'max_bond': 32, 'max_links': 4, 'total_elems': 30796, 'total_shapes': 1242, 'total_links': 222, 'num_tensors': 56}
2026-07-16 21:24:58,927 [INFO]     [0 | right | 1](candidate_pairs: 27/27 | new_swaps: 3 | total: 40) -> {'max_bond': 32, 'max_links': 4, 'total_elems': 29548, 'total_shapes': 1202, 'total_links': 222, 'num_tensors': 56}
2026-07-16 21:24:59,077 [INFO]     [1 | both | 0](candidate_pairs: 28/28 | new_swaps: 6 | total: 6) -> {'max_bond': 32, 'max_links': 4, 'total_elems': 20812, 'total_shapes': 1068, 'total_links': 222, 'num_tensors': 56}
2026-07-16 21:24:59,217 [INFO]     [1 | both | 1](candidate_pairs: 27/27 | new_swaps: 4 | total: 10) -> {'max_bond': 32, 'max_links': 4, 'total_elems': 14464, 'total_shapes': 962, 'total_links': 222, 'num_tensors': 56}
2026-07-16 21:24:59,282 [INFO]     [1 | left | 0](candidate_pairs: 28/28 | new_swaps: 3 | total: 13) -> {'max_bond': 32, 'max_links': 4, 'total_elems': 11648, 'total_shapes': 882, 'total_links': 222, 'num_tensors': 56}
2026-07-16 21:24:59,345 [INFO]     [1 | left | 1](candidate_pairs: 27/27 | new_swaps: 3 | total: 16) -> {'max_bond': 32, 'max_links': 4, 'total_elems': 10448, 'total_shapes': 844, 'total_links': 222, 'num_tensors': 56}
2026-07-16 21:24:59,406 [INFO]     [1 | right | 0](candidate_pairs: 28/28 | new_swaps: 3 | total: 19) -> {'max_bond': 32, 'max_links': 4, 'total_elems': 9440, 'total_shapes': 800, 'total_links': 222, 'num_tensors': 56}
2026-07-16 21:24:59,433 [INFO]     [1 | right | 1](candidate_pairs: 27/27 | new_swaps: 0 | total: 19) -> {'max_bond': 32, 'max_links': 4, 'total_elems': 9440, 'total_shapes': 800, 'total_links': 222, 'num_tensors': 56}
2026-07-16 21:24:59,542 [INFO]     [2 | both | 0](candidate_pairs: 28/28 | new_swaps: 2 | total: 2) -> {'max_bond': 32, 'max_links': 4, 'total_elems': 9236, 'total_shapes': 790, 'total_links': 222, 'num_tensors': 56}
2026-07-16 21:24:59,648 [INFO]     [2 | both | 1](candidate_pairs: 27/27 | new_swaps: 3 | total: 5) -> {'max_bond': 32, 'max_links': 4, 'total_elems': 7688, 'total_shapes': 756, 'total_links': 222, 'num_tensors': 56}
2026-07-16 21:24:59,674 [INFO]     [2 | left | 0](candidate_pairs: 28/28 | new_swaps: 0 | total: 5) -> {'max_bond': 32, 'max_links': 4, 'total_elems': 7688, 'total_shapes': 756, 'total_links': 222, 'num_tensors': 56}
2026-07-16 21:24:59,732 [INFO]     [2 | left | 1](candidate_pairs: 27/27 | new_swaps: 1 | total: 6) -> {'max_bond': 32, 'max_links': 4, 'total_elems': 7496, 'total_shapes': 748, 'total_links': 222, 'num_tensors': 56}
2026-07-16 21:24:59,756 [INFO]     [2 | right | 0](candidate_pairs: 28/28 | new_swaps: 0 | total: 6) -> {'max_bond': 32, 'max_links': 4, 'total_elems': 7496, 'total_shapes': 748, 'total_links': 222, 'num_tensors': 56}
2026-07-16 21:24:59,785 [INFO]     [2 | right | 1](candidate_pairs: 27/27 | new_swaps: 0 | total: 6) -> {'max_bond': 32, 'max_links': 4, 'total_elems': 7496, 'total_shapes': 748, 'total_links': 222, 'num_tensors': 56}
2026-07-16 21:24:59,888 [INFO]     [3 | both | 0](candidate_pairs: 28/28 | new_swaps: 3 | total: 3) -> {'max_bond': 16, 'max_links': 4, 'total_elems': 5528, 'total_shapes': 696, 'total_links': 222, 'num_tensors': 56}
2026-07-16 21:24:59,987 [INFO]     [3 | both | 1](candidate_pairs: 27/27 | new_swaps: 2 | total: 5) -> {'max_bond': 16, 'max_links': 4, 'total_elems': 4844, 'total_shapes': 674, 'total_links': 222, 'num_tensors': 56}
2026-07-16 21:25:00,032 [INFO]     [3 | left | 0](candidate_pairs: 28/28 | new_swaps: 1 | total: 6) -> {'max_bond': 16, 'max_links': 4, 'total_elems': 4368, 'total_shapes': 660, 'total_links': 222, 'num_tensors': 56}
2026-07-16 21:25:00,088 [INFO]     [3 | left | 1](candidate_pairs: 27/27 | new_swaps: 2 | total: 8) -> {'max_bond': 16, 'max_links': 4, 'total_elems': 4008, 'total_shapes': 644, 'total_links': 222, 'num_tensors': 56}
2026-07-16 21:25:00,111 [INFO]     [3 | right | 0](candidate_pairs: 28/28 | new_swaps: 0 | total: 8) -> {'max_bond': 16, 'max_links': 4, 'total_elems': 4008, 'total_shapes': 644, 'total_links': 222, 'num_tensors': 56}
2026-07-16 21:25:00,135 [INFO]     [3 | right | 1](candidate_pairs: 27/27 | new_swaps: 0 | total: 8) -> {'max_bond': 16, 'max_links': 4, 'total_elems': 4008, 'total_shapes': 644, 'total_links': 222, 'num_tensors': 56}
2026-07-16 21:25:00,229 [INFO]     [4 | both | 0](candidate_pairs: 28/28 | new_swaps: 1 | total: 1) -> {'max_bond': 16, 'max_links': 4, 'total_elems': 3860, 'total_shapes': 636, 'total_links': 222, 'num_tensors': 56}
2026-07-16 21:25:00,314 [INFO]     [4 | both | 1](candidate_pairs: 27/27 | new_swaps: 1 | total: 2) -> {'max_bond': 16, 'max_links': 4, 'total_elems': 3812, 'total_shapes': 632, 'total_links': 222, 'num_tensors': 56}
2026-07-16 21:25:00,338 [INFO]     [4 | left | 0](candidate_pairs: 28/28 | new_swaps: 0 | total: 2) -> {'max_bond': 16, 'max_links': 4, 'total_elems': 3812, 'total_shapes': 632, 'total_links': 222, 'num_tensors': 56}
2026-07-16 21:25:00,361 [INFO]     [4 | left | 1](candidate_pairs: 27/27 | new_swaps: 0 | total: 2) -> {'max_bond': 16, 'max_links': 4, 'total_elems': 3812, 'total_shapes': 632, 'total_links': 222, 'num_tensors': 56}
2026-07-16 21:25:00,384 [INFO]     [4 | right | 0](candidate_pairs: 28/28 | new_swaps: 0 | total: 2) -> {'max_bond': 16, 'max_links': 4, 'total_elems': 3812, 'total_shapes': 632, 'total_links': 222, 'num_tensors': 56}
2026-07-16 21:25:00,407 [INFO]     [4 | right | 1](candidate_pairs: 27/27 | new_swaps: 0 | total: 2) -> {'max_bond': 16, 'max_links': 4, 'total_elems': 3812, 'total_shapes': 632, 'total_links': 222, 'num_tensors': 56}
2026-07-16 21:25:00,489 [INFO]     [5 | both | 0](candidate_pairs: 28/28 | new_swaps: 1 | total: 1) -> {'max_bond': 16, 'max_links': 4, 'total_elems': 3764, 'total_shapes': 628, 'total_links': 222, 'num_tensors': 56}
2026-07-16 21:25:00,536 [INFO]     [5 | both | 1](candidate_pairs: 27/27 | new_swaps: 0 | total: 1) -> {'max_bond': 16, 'max_links': 4, 'total_elems': 3764, 'total_shapes': 628, 'total_links': 222, 'num_tensors': 56}
2026-07-16 21:25:00,560 [INFO]     [5 | left | 0](candidate_pairs: 28/28 | new_swaps: 0 | total: 1) -> {'max_bond': 16, 'max_links': 4, 'total_elems': 3764, 'total_shapes': 628, 'total_links': 222, 'num_tensors': 56}
2026-07-16 21:25:00,584 [INFO]     [5 | left | 1](candidate_pairs: 27/27 | new_swaps: 0 | total: 1) -> {'max_bond': 16, 'max_links': 4, 'total_elems': 3764, 'total_shapes': 628, 'total_links': 222, 'num_tensors': 56}
2026-07-16 21:25:00,607 [INFO]     [5 | right | 0](candidate_pairs: 28/28 | new_swaps: 0 | total: 1) -> {'max_bond': 16, 'max_links': 4, 'total_elems': 3764, 'total_shapes': 628, 'total_links': 222, 'num_tensors': 56}
2026-07-16 21:25:00,631 [INFO]     [5 | right | 1](candidate_pairs: 27/27 | new_swaps: 0 | total: 1) -> {'max_bond': 16, 'max_links': 4, 'total_elems': 3764, 'total_shapes': 628, 'total_links': 222, 'num_tensors': 56}
2026-07-16 21:25:00,676 [INFO]     [6 | both | 0](candidate_pairs: 28/28 | new_swaps: 0 | total: 0) -> {'max_bond': 16, 'max_links': 4, 'total_elems': 3764, 'total_shapes': 628, 'total_links': 222, 'num_tensors': 56}
2026-07-16 21:25:00,722 [INFO]     [6 | both | 1](candidate_pairs: 27/27 | new_swaps: 0 | total: 0) -> {'max_bond': 16, 'max_links': 4, 'total_elems': 3764, 'total_shapes': 628, 'total_links': 222, 'num_tensors': 56}
2026-07-16 21:25:00,751 [INFO]     [6 | left | 0](candidate_pairs: 28/28 | new_swaps: 0 | total: 0) -> {'max_bond': 16, 'max_links': 4, 'total_elems': 3764, 'total_shapes': 628, 'total_links': 222, 'num_tensors': 56}
2026-07-16 21:25:00,775 [INFO]     [6 | left | 1](candidate_pairs: 27/27 | new_swaps: 0 | total: 0) -> {'max_bond': 16, 'max_links': 4, 'total_elems': 3764, 'total_shapes': 628, 'total_links': 222, 'num_tensors': 56}
2026-07-16 21:25:00,798 [INFO]     [6 | right | 0](candidate_pairs: 28/28 | new_swaps: 0 | total: 0) -> {'max_bond': 16, 'max_links': 4, 'total_elems': 3764, 'total_shapes': 628, 'total_links': 222, 'num_tensors': 56}
2026-07-16 21:25:00,821 [INFO]     [6 | right | 1](candidate_pairs: 27/27 | new_swaps: 0 | total: 0) -> {'max_bond': 16, 'max_links': 4, 'total_elems': 3764, 'total_shapes': 628, 'total_links': 222, 'num_tensors': 56}
2026-07-16 21:25:00,822 [INFO]     [end unswap] -> {'max_bond': 16, 'max_links': 4, 'total_elems': 3764, 'total_shapes': 628, 'total_links': 222, 'num_tensors': 56}
2026-07-16 21:25:03,193 [INFO] [start rewire](phase=post_unswap, cycle=21, side=left, layers=1244, trials=50, seed=123, parallel=False, route_candidates=1, route_score=none)
2026-07-16 21:25:05,153 [INFO] [end rewire](phase=post_unswap, cycle=21, side=left, routed_layers=1257, elapsed_s=1.96)
2026-07-16 21:25:05,153 [INFO] [start rewire](phase=post_unswap, cycle=21, side=right, layers=1519, trials=50, seed=123, parallel=False, route_candidates=1, route_score=none)
2026-07-16 21:25:06,939 [INFO] [end rewire](phase=post_unswap, cycle=21, side=right, routed_layers=1417, elapsed_s=1.79)
2026-07-16 21:25:07,178 [INFO] [1L/1255](swap: 11, u: 0 | c_u: 0 | t_u_l: 119/942 | t_u_r: 82/943 | t_u: 201/1885) -> {'max_bond': 16, 'max_links': 4, 'total_elems': 3764, 'total_shapes': 628, 'total_links': 222, 'num_tensors': 56}
2026-07-16 21:25:07,297 [INFO] [1R/1415](swap: 8, u: 0 | c_u: 0 | t_u_l: 119/942 | t_u_r: 82/943 | t_u: 201/1885) -> {'max_bond': 16, 'max_links': 4, 'total_elems': 4940, 'total_shapes': 704, 'total_links': 222, 'num_tensors': 56}
2026-07-16 21:25:07,417 [INFO] [2L/1255](swap: 9, u: 0 | c_u: 0 | t_u_l: 119/942 | t_u_r: 82/943 | t_u: 201/1885) -> {'max_bond': 16, 'max_links': 4, 'total_elems': 6376, 'total_shapes': 770, 'total_links': 222, 'num_tensors': 56}
2026-07-16 21:25:07,538 [INFO] [2R/1415](swap: 7, u: 0 | c_u: 0 | t_u_l: 119/942 | t_u_r: 82/943 | t_u: 201/1885) -> {'max_bond': 16, 'max_links': 4, 'total_elems': 8856, 'total_shapes': 852, 'total_links': 222, 'num_tensors': 56}
2026-07-16 21:25:07,664 [INFO] [3L/1255](swap: 10, u: 0 | c_u: 0 | t_u_l: 119/942 | t_u_r: 82/943 | t_u: 201/1885) -> {'max_bond': 32, 'max_links': 4, 'total_elems': 13904, 'total_shapes': 996, 'total_links': 222, 'num_tensors': 56}
2026-07-16 21:25:07,799 [INFO] [4L/1255](swap: 10, u: 1 | c_u: 1 | t_u_l: 120/942 | t_u_r: 82/943 | t_u: 202/1885) -> {'max_bond': 32, 'max_links': 4, 'total_elems': 25360, 'total_shapes': 1168, 'total_links': 222, 'num_tensors': 56}
2026-07-16 21:25:07,949 [INFO] [3R/1415](swap: 7, u: 0 | c_u: 1 | t_u_l: 120/942 | t_u_r: 82/943 | t_u: 202/1885) -> {'max_bond': 64, 'max_links': 4, 'total_elems': 37376, 'total_shapes': 1340, 'total_links': 222, 'num_tensors': 56}
2026-07-16 21:25:08,124 [INFO] [4R/1415](swap: 6, u: 0 | c_u: 1 | t_u_l: 120/942 | t_u_r: 82/943 | t_u: 202/1885) -> {'max_bond': 64, 'max_links': 4, 'total_elems': 53744, 'total_shapes': 1464, 'total_links': 222, 'num_tensors': 56}
2026-07-16 21:25:08,440 [INFO] [5R/1415](swap: 6, u: 0 | c_u: 1 | t_u_l: 120/942 | t_u_r: 82/943 | t_u: 202/1885) -> {'max_bond': 64, 'max_links': 4, 'total_elems': 56880, 'total_shapes': 1548, 'total_links': 222, 'num_tensors': 56}
2026-07-16 21:25:08,734 [INFO] [6R/1415](swap: 3, u: 0 | c_u: 1 | t_u_l: 120/942 | t_u_r: 82/943 | t_u: 202/1885) -> {'max_bond': 64, 'max_links': 4, 'total_elems': 65072, 'total_shapes': 1612, 'total_links': 222, 'num_tensors': 56}
2026-07-16 21:25:08,972 [INFO] [7R/1415](swap: 4, u: 0 | c_u: 1 | t_u_l: 120/942 | t_u_r: 82/943 | t_u: 202/1885) -> {'max_bond': 64, 'max_links': 4, 'total_elems': 65072, 'total_shapes': 1612, 'total_links': 222, 'num_tensors': 56}
2026-07-16 21:25:09,134 [INFO] [8R/1415](swap: 5, u: 0 | c_u: 1 | t_u_l: 120/942 | t_u_r: 82/943 | t_u: 202/1885) -> {'max_bond': 64, 'max_links': 4, 'total_elems': 72752, 'total_shapes': 1708, 'total_links': 222, 'num_tensors': 56}
2026-07-16 21:25:09,313 [INFO] [9R/1415](swap: 5, u: 0 | c_u: 1 | t_u_l: 120/942 | t_u_r: 82/943 | t_u: 202/1885) -> {'max_bond': 64, 'max_links': 4, 'total_elems': 77312, 'total_shapes': 1776, 'total_links': 222, 'num_tensors': 56}
2026-07-16 21:25:09,502 [INFO] [10R/1415](swap: 6, u: 0 | c_u: 1 | t_u_l: 120/942 | t_u_r: 82/943 | t_u: 202/1885) -> {'max_bond': 128, 'max_links': 4, 'total_elems': 107632, 'total_shapes': 2068, 'total_links': 222, 'num_tensors': 56}
2026-07-16 21:25:09,773 [INFO] [5L/1255](swap: 9, u: 0 | c_u: 1 | t_u_l: 120/942 | t_u_r: 82/943 | t_u: 202/1885) -> {'max_bond': 128, 'max_links': 4, 'total_elems': 187152, 'total_shapes': 2452, 'total_links': 222, 'num_tensors': 56}
2026-07-16 21:25:10,118 [INFO] [11R/1415](swap: 6, u: 0 | c_u: 1 | t_u_l: 120/942 | t_u_r: 82/943 | t_u: 202/1885) -> {'max_bond': 128, 'max_links': 4, 'total_elems': 256528, 'total_shapes': 2724, 'total_links': 222, 'num_tensors': 56}
2026-07-16 21:25:10,768 [INFO] [6L/1255](swap: 8, u: 0 | c_u: 1 | t_u_l: 120/942 | t_u_r: 82/943 | t_u: 202/1885) -> {'max_bond': 256, 'max_links': 4, 'total_elems': 376384, 'total_shapes': 3248, 'total_links': 222, 'num_tensors': 56}
2026-07-16 21:25:11,495 [INFO] [12R/1415](swap: 5, u: 1 | c_u: 2 | t_u_l: 120/942 | t_u_r: 83/943 | t_u: 203/1885) -> {'max_bond': 256, 'max_links': 4, 'total_elems': 465472, 'total_shapes': 3656, 'total_links': 222, 'num_tensors': 56}
2026-07-16 21:25:12,493 [INFO]     [start unswap] -> {'max_bond': 256, 'max_links': 4, 'total_elems': 465472, 'total_shapes': 3656, 'total_links': 222, 'num_tensors': 56}
2026-07-16 21:25:18,161 [INFO]     [0 | both | 0](candidate_pairs: 28/28 | new_swaps: 4 | total: 4) -> {'max_bond': 256, 'max_links': 4, 'total_elems': 489936, 'total_shapes': 3716, 'total_links': 222, 'num_tensors': 56}
2026-07-16 21:25:19,381 [INFO]     [0 | both | 1](candidate_pairs: 27/27 | new_swaps: 5 | total: 9) -> {'max_bond': 128, 'max_links': 4, 'total_elems': 203216, 'total_shapes': 2708, 'total_links': 222, 'num_tensors': 56}
2026-07-16 21:25:19,680 [INFO]     [0 | left | 0](candidate_pairs: 28/28 | new_swaps: 10 | total: 19) -> {'max_bond': 128, 'max_links': 4, 'total_elems': 98544, 'total_shapes': 2068, 'total_links': 222, 'num_tensors': 56}
2026-07-16 21:25:19,861 [INFO]     [0 | left | 1](candidate_pairs: 27/27 | new_swaps: 10 | total: 29) -> {'max_bond': 64, 'max_links': 4, 'total_elems': 48464, 'total_shapes': 1572, 'total_links': 222, 'num_tensors': 56}
2026-07-16 21:25:19,955 [INFO]     [0 | right | 0](candidate_pairs: 28/28 | new_swaps: 3 | total: 32) -> {'max_bond': 64, 'max_links': 4, 'total_elems': 45920, 'total_shapes': 1504, 'total_links': 222, 'num_tensors': 56}
2026-07-16 21:25:20,060 [INFO]     [0 | right | 1](candidate_pairs: 27/27 | new_swaps: 6 | total: 38) -> {'max_bond': 64, 'max_links': 4, 'total_elems': 39536, 'total_shapes': 1400, 'total_links': 222, 'num_tensors': 56}
2026-07-16 21:25:20,219 [INFO]     [1 | both | 0](candidate_pairs: 28/28 | new_swaps: 9 | total: 9) -> {'max_bond': 32, 'max_links': 4, 'total_elems': 23540, 'total_shapes': 1154, 'total_links': 222, 'num_tensors': 56}
2026-07-16 21:25:20,350 [INFO]     [1 | both | 1](candidate_pairs: 27/27 | new_swaps: 5 | total: 14) -> {'max_bond': 32, 'max_links': 4, 'total_elems': 17540, 'total_shapes': 1046, 'total_links': 222, 'num_tensors': 56}
2026-07-16 21:25:20,418 [INFO]     [1 | left | 0](candidate_pairs: 28/28 | new_swaps: 5 | total: 19) -> {'max_bond': 32, 'max_links': 4, 'total_elems': 12292, 'total_shapes': 930, 'total_links': 222, 'num_tensors': 56}
2026-07-16 21:25:20,480 [INFO]     [1 | left | 1](candidate_pairs: 27/27 | new_swaps: 3 | total: 22) -> {'max_bond': 32, 'max_links': 4, 'total_elems': 9604, 'total_shapes': 846, 'total_links': 222, 'num_tensors': 56}
2026-07-16 21:25:20,537 [INFO]     [1 | right | 0](candidate_pairs: 28/28 | new_swaps: 2 | total: 24) -> {'max_bond': 16, 'max_links': 4, 'total_elems': 7684, 'total_shapes': 790, 'total_links': 222, 'num_tensors': 56}
2026-07-16 21:25:20,593 [INFO]     [1 | right | 1](candidate_pairs: 27/27 | new_swaps: 1 | total: 25) -> {'max_bond': 16, 'max_links': 4, 'total_elems': 7492, 'total_shapes': 782, 'total_links': 222, 'num_tensors': 56}
2026-07-16 21:25:20,644 [INFO]     [2 | both | 0](candidate_pairs: 28/28 | new_swaps: 0 | total: 0) -> {'max_bond': 16, 'max_links': 4, 'total_elems': 7492, 'total_shapes': 782, 'total_links': 222, 'num_tensors': 56}
2026-07-16 21:25:20,749 [INFO]     [2 | both | 1](candidate_pairs: 27/27 | new_swaps: 1 | total: 1) -> {'max_bond': 16, 'max_links': 4, 'total_elems': 7204, 'total_shapes': 774, 'total_links': 222, 'num_tensors': 56}
2026-07-16 21:25:20,805 [INFO]     [2 | left | 0](candidate_pairs: 28/28 | new_swaps: 2 | total: 3) -> {'max_bond': 16, 'max_links': 4, 'total_elems': 6372, 'total_shapes': 750, 'total_links': 222, 'num_tensors': 56}
2026-07-16 21:25:20,851 [INFO]     [2 | left | 1](candidate_pairs: 27/27 | new_swaps: 1 | total: 4) -> {'max_bond': 16, 'max_links': 4, 'total_elems': 5860, 'total_shapes': 734, 'total_links': 222, 'num_tensors': 56}
2026-07-16 21:25:20,893 [INFO]     [2 | right | 0](candidate_pairs: 28/28 | new_swaps: 1 | total: 5) -> {'max_bond': 16, 'max_links': 4, 'total_elems': 5668, 'total_shapes': 726, 'total_links': 222, 'num_tensors': 56}
2026-07-16 21:25:20,938 [INFO]     [2 | right | 1](candidate_pairs: 27/27 | new_swaps: 1 | total: 6) -> {'max_bond': 16, 'max_links': 4, 'total_elems': 5412, 'total_shapes': 718, 'total_links': 222, 'num_tensors': 56}
2026-07-16 21:25:20,986 [INFO]     [3 | both | 0](candidate_pairs: 28/28 | new_swaps: 0 | total: 0) -> {'max_bond': 16, 'max_links': 4, 'total_elems': 5412, 'total_shapes': 718, 'total_links': 222, 'num_tensors': 56}
2026-07-16 21:25:21,086 [INFO]     [3 | both | 1](candidate_pairs: 27/27 | new_swaps: 2 | total: 2) -> {'max_bond': 16, 'max_links': 4, 'total_elems': 5028, 'total_shapes': 702, 'total_links': 222, 'num_tensors': 56}
2026-07-16 21:25:21,110 [INFO]     [3 | left | 0](candidate_pairs: 28/28 | new_swaps: 0 | total: 2) -> {'max_bond': 16, 'max_links': 4, 'total_elems': 5028, 'total_shapes': 702, 'total_links': 222, 'num_tensors': 56}
2026-07-16 21:25:21,135 [INFO]     [3 | left | 1](candidate_pairs: 27/27 | new_swaps: 0 | total: 2) -> {'max_bond': 16, 'max_links': 4, 'total_elems': 5028, 'total_shapes': 702, 'total_links': 222, 'num_tensors': 56}
2026-07-16 21:25:21,189 [INFO]     [3 | right | 0](candidate_pairs: 28/28 | new_swaps: 2 | total: 4) -> {'max_bond': 16, 'max_links': 4, 'total_elems': 4644, 'total_shapes': 686, 'total_links': 222, 'num_tensors': 56}
2026-07-16 21:25:21,233 [INFO]     [3 | right | 1](candidate_pairs: 27/27 | new_swaps: 1 | total: 5) -> {'max_bond': 16, 'max_links': 4, 'total_elems': 4452, 'total_shapes': 678, 'total_links': 222, 'num_tensors': 56}
2026-07-16 21:25:21,319 [INFO]     [4 | both | 0](candidate_pairs: 28/28 | new_swaps: 2 | total: 2) -> {'max_bond': 16, 'max_links': 4, 'total_elems': 4068, 'total_shapes': 662, 'total_links': 222, 'num_tensors': 56}
2026-07-16 21:25:21,365 [INFO]     [4 | both | 1](candidate_pairs: 27/27 | new_swaps: 0 | total: 2) -> {'max_bond': 16, 'max_links': 4, 'total_elems': 4068, 'total_shapes': 662, 'total_links': 222, 'num_tensors': 56}
2026-07-16 21:25:21,389 [INFO]     [4 | left | 0](candidate_pairs: 28/28 | new_swaps: 0 | total: 2) -> {'max_bond': 16, 'max_links': 4, 'total_elems': 4068, 'total_shapes': 662, 'total_links': 222, 'num_tensors': 56}
2026-07-16 21:25:21,433 [INFO]     [4 | left | 1](candidate_pairs: 27/27 | new_swaps: 1 | total: 3) -> {'max_bond': 16, 'max_links': 4, 'total_elems': 3940, 'total_shapes': 654, 'total_links': 222, 'num_tensors': 56}
2026-07-16 21:25:21,456 [INFO]     [4 | right | 0](candidate_pairs: 28/28 | new_swaps: 0 | total: 3) -> {'max_bond': 16, 'max_links': 4, 'total_elems': 3940, 'total_shapes': 654, 'total_links': 222, 'num_tensors': 56}
2026-07-16 21:25:21,479 [INFO]     [4 | right | 1](candidate_pairs: 27/27 | new_swaps: 0 | total: 3) -> {'max_bond': 16, 'max_links': 4, 'total_elems': 3940, 'total_shapes': 654, 'total_links': 222, 'num_tensors': 56}
2026-07-16 21:25:21,524 [INFO]     [5 | both | 0](candidate_pairs: 28/28 | new_swaps: 0 | total: 0) -> {'max_bond': 16, 'max_links': 4, 'total_elems': 3940, 'total_shapes': 654, 'total_links': 222, 'num_tensors': 56}
2026-07-16 21:25:21,571 [INFO]     [5 | both | 1](candidate_pairs: 27/27 | new_swaps: 0 | total: 0) -> {'max_bond': 16, 'max_links': 4, 'total_elems': 3940, 'total_shapes': 654, 'total_links': 222, 'num_tensors': 56}
2026-07-16 21:25:21,595 [INFO]     [5 | left | 0](candidate_pairs: 28/28 | new_swaps: 0 | total: 0) -> {'max_bond': 16, 'max_links': 4, 'total_elems': 3940, 'total_shapes': 654, 'total_links': 222, 'num_tensors': 56}
2026-07-16 21:25:21,619 [INFO]     [5 | left | 1](candidate_pairs: 27/27 | new_swaps: 0 | total: 0) -> {'max_bond': 16, 'max_links': 4, 'total_elems': 3940, 'total_shapes': 654, 'total_links': 222, 'num_tensors': 56}
2026-07-16 21:25:21,641 [INFO]     [5 | right | 0](candidate_pairs: 28/28 | new_swaps: 0 | total: 0) -> {'max_bond': 16, 'max_links': 4, 'total_elems': 3940, 'total_shapes': 654, 'total_links': 222, 'num_tensors': 56}
2026-07-16 21:25:21,665 [INFO]     [5 | right | 1](candidate_pairs: 27/27 | new_swaps: 0 | total: 0) -> {'max_bond': 16, 'max_links': 4, 'total_elems': 3940, 'total_shapes': 654, 'total_links': 222, 'num_tensors': 56}
2026-07-16 21:25:21,665 [INFO]     [end unswap] -> {'max_bond': 16, 'max_links': 4, 'total_elems': 3940, 'total_shapes': 654, 'total_links': 222, 'num_tensors': 56}
2026-07-16 21:25:23,797 [INFO] [start rewire](phase=post_unswap, cycle=22, side=left, layers=1251, trials=50, seed=123, parallel=False, route_candidates=1, route_score=none)
2026-07-16 21:25:25,394 [INFO] [end rewire](phase=post_unswap, cycle=22, side=left, routed_layers=1335, elapsed_s=1.60)
2026-07-16 21:25:25,394 [INFO] [start rewire](phase=post_unswap, cycle=22, side=right, layers=1405, trials=50, seed=123, parallel=False, route_candidates=1, route_score=none)
2026-07-16 21:25:27,160 [INFO] [end rewire](phase=post_unswap, cycle=22, side=right, routed_layers=1448, elapsed_s=1.77)
2026-07-16 21:25:27,405 [INFO] [1L/1333](swap: 12, u: 1 | c_u: 1 | t_u_l: 121/942 | t_u_r: 83/943 | t_u: 204/1885) -> {'max_bond': 16, 'max_links': 4, 'total_elems': 4068, 'total_shapes': 662, 'total_links': 222, 'num_tensors': 56}
2026-07-16 21:25:27,528 [INFO] [1R/1446](swap: 8, u: 0 | c_u: 1 | t_u_l: 121/942 | t_u_r: 83/943 | t_u: 204/1885) -> {'max_bond': 16, 'max_links': 4, 'total_elems': 6204, 'total_shapes': 788, 'total_links': 222, 'num_tensors': 56}
2026-07-16 21:25:27,653 [INFO] [2L/1333](swap: 8, u: 1 | c_u: 2 | t_u_l: 122/942 | t_u_r: 83/943 | t_u: 205/1885) -> {'max_bond': 16, 'max_links': 4, 'total_elems': 8320, 'total_shapes': 876, 'total_links': 222, 'num_tensors': 56}
2026-07-16 21:25:27,779 [INFO] [2R/1446](swap: 9, u: 1 | c_u: 3 | t_u_l: 122/942 | t_u_r: 84/943 | t_u: 206/1885) -> {'max_bond': 16, 'max_links': 4, 'total_elems': 11808, 'total_shapes': 960, 'total_links': 222, 'num_tensors': 56}
2026-07-16 21:25:27,909 [INFO] [3L/1333](swap: 7, u: 1 | c_u: 4 | t_u_l: 123/942 | t_u_r: 84/943 | t_u: 207/1885) -> {'max_bond': 32, 'max_links': 4, 'total_elems': 16928, 'total_shapes': 1088, 'total_links': 222, 'num_tensors': 56}
2026-07-16 21:25:28,044 [INFO] [3R/1446](swap: 7, u: 1 | c_u: 5 | t_u_l: 123/942 | t_u_r: 85/943 | t_u: 208/1885) -> {'max_bond': 32, 'max_links': 4, 'total_elems': 24112, 'total_shapes': 1224, 'total_links': 222, 'num_tensors': 56}
2026-07-16 21:25:28,183 [INFO] [4R/1446](swap: 5, u: 1 | c_u: 6 | t_u_l: 123/942 | t_u_r: 86/943 | t_u: 209/1885) -> {'max_bond': 64, 'max_links': 4, 'total_elems': 30184, 'total_shapes': 1328, 'total_links': 222, 'num_tensors': 56}
2026-07-16 21:25:28,336 [INFO] [5R/1446](swap: 4, u: 1 | c_u: 7 | t_u_l: 123/942 | t_u_r: 87/943 | t_u: 210/1885) -> {'max_bond': 64, 'max_links': 4, 'total_elems': 30568, 'total_shapes': 1344, 'total_links': 222, 'num_tensors': 56}
2026-07-16 21:25:28,488 [INFO] [6R/1446](swap: 4, u: 2 | c_u: 9 | t_u_l: 123/942 | t_u_r: 89/943 | t_u: 212/1885) -> {'max_bond': 64, 'max_links': 4, 'total_elems': 31656, 'total_shapes': 1340, 'total_links': 222, 'num_tensors': 56}
2026-07-16 21:25:28,630 [INFO] [7R/1446](swap: 4, u: 1 | c_u: 10 | t_u_l: 123/942 | t_u_r: 90/943 | t_u: 213/1885) -> {'max_bond': 64, 'max_links': 4, 'total_elems': 35880, 'total_shapes': 1452, 'total_links': 222, 'num_tensors': 56}
2026-07-16 21:25:28,779 [INFO] [4L/1333](swap: 8, u: 1 | c_u: 11 | t_u_l: 124/942 | t_u_r: 90/943 | t_u: 214/1885) -> {'max_bond': 64, 'max_links': 4, 'total_elems': 41192, 'total_shapes': 1588, 'total_links': 222, 'num_tensors': 56}
2026-07-16 21:25:28,932 [INFO] [8R/1446](swap: 3, u: 1 | c_u: 12 | t_u_l: 124/942 | t_u_r: 91/943 | t_u: 215/1885) -> {'max_bond': 64, 'max_links': 4, 'total_elems': 57768, 'total_shapes': 1740, 'total_links': 222, 'num_tensors': 56}
2026-07-16 21:25:29,092 [INFO] [9R/1446](swap: 3, u: 0 | c_u: 12 | t_u_l: 124/942 | t_u_r: 91/943 | t_u: 215/1885) -> {'max_bond': 64, 'max_links': 4, 'total_elems': 64488, 'total_shapes': 1828, 'total_links': 222, 'num_tensors': 56}
2026-07-16 21:25:29,254 [INFO] [10R/1446](swap: 2, u: 0 | c_u: 12 | t_u_l: 124/942 | t_u_r: 91/943 | t_u: 215/1885) -> {'max_bond': 64, 'max_links': 4, 'total_elems': 72168, 'total_shapes': 1908, 'total_links': 222, 'num_tensors': 56}
2026-07-16 21:25:29,421 [INFO] [11R/1446](swap: 2, u: 0 | c_u: 12 | t_u_l: 124/942 | t_u_r: 91/943 | t_u: 215/1885) -> {'max_bond': 64, 'max_links': 4, 'total_elems': 82664, 'total_shapes': 2020, 'total_links': 222, 'num_tensors': 56}
2026-07-16 21:25:29,606 [INFO] [12R/1446](swap: 3, u: 0 | c_u: 12 | t_u_l: 124/942 | t_u_r: 91/943 | t_u: 215/1885) -> {'max_bond': 64, 'max_links': 4, 'total_elems': 99048, 'total_shapes': 2132, 'total_links': 222, 'num_tensors': 56}
2026-07-16 21:25:29,801 [INFO] [13R/1446](swap: 3, u: 1 | c_u: 13 | t_u_l: 124/942 | t_u_r: 92/943 | t_u: 216/1885) -> {'max_bond': 64, 'max_links': 4, 'total_elems': 110312, 'total_shapes': 2196, 'total_links': 222, 'num_tensors': 56}
2026-07-16 21:25:30,012 [INFO] [14R/1446](swap: 2, u: 1 | c_u: 14 | t_u_l: 124/942 | t_u_r: 93/943 | t_u: 217/1885) -> {'max_bond': 64, 'max_links': 4, 'total_elems': 124136, 'total_shapes': 2284, 'total_links': 222, 'num_tensors': 56}
2026-07-16 21:25:30,240 [INFO] [15R/1446](swap: 3, u: 0 | c_u: 14 | t_u_l: 124/942 | t_u_r: 93/943 | t_u: 217/1885) -> {'max_bond': 64, 'max_links': 4, 'total_elems': 129256, 'total_shapes': 2316, 'total_links': 222, 'num_tensors': 56}
2026-07-16 21:25:30,498 [INFO] [16R/1446](swap: 2, u: 0 | c_u: 14 | t_u_l: 124/942 | t_u_r: 93/943 | t_u: 217/1885) -> {'max_bond': 128, 'max_links': 4, 'total_elems': 147688, 'total_shapes': 2412, 'total_links': 222, 'num_tensors': 56}
2026-07-16 21:25:30,766 [INFO] [17R/1446](swap: 2, u: 0 | c_u: 14 | t_u_l: 124/942 | t_u_r: 93/943 | t_u: 217/1885) -> {'max_bond': 128, 'max_links': 4, 'total_elems': 164584, 'total_shapes': 2444, 'total_links': 222, 'num_tensors': 56}
2026-07-16 21:25:31,035 [INFO] [18R/1446](swap: 2, u: 0 | c_u: 14 | t_u_l: 124/942 | t_u_r: 93/943 | t_u: 217/1885) -> {'max_bond': 128, 'max_links': 4, 'total_elems': 179560, 'total_shapes': 2532, 'total_links': 222, 'num_tensors': 56}
2026-07-16 21:25:31,317 [INFO] [19R/1446](swap: 1, u: 1 | c_u: 15 | t_u_l: 124/942 | t_u_r: 94/943 | t_u: 218/1885) -> {'max_bond': 128, 'max_links': 4, 'total_elems': 185608, 'total_shapes': 2556, 'total_links': 222, 'num_tensors': 56}
2026-07-16 21:25:31,627 [INFO] [20R/1446](swap: 2, u: 0 | c_u: 15 | t_u_l: 124/942 | t_u_r: 94/943 | t_u: 218/1885) -> {'max_bond': 128, 'max_links': 4, 'total_elems': 197944, 'total_shapes': 2624, 'total_links': 222, 'num_tensors': 56}
2026-07-16 21:25:31,941 [INFO] [21R/1446](swap: 1, u: 1 | c_u: 16 | t_u_l: 124/942 | t_u_r: 95/943 | t_u: 219/1885) -> {'max_bond': 128, 'max_links': 4, 'total_elems': 197944, 'total_shapes': 2624, 'total_links': 222, 'num_tensors': 56}
2026-07-16 21:25:32,245 [INFO] [22R/1446](swap: 1, u: 0 | c_u: 16 | t_u_l: 124/942 | t_u_r: 95/943 | t_u: 219/1885) -> {'max_bond': 128, 'max_links': 4, 'total_elems': 197944, 'total_shapes': 2624, 'total_links': 222, 'num_tensors': 56}
2026-07-16 21:25:32,550 [INFO] [23R/1446](swap: 1, u: 0 | c_u: 16 | t_u_l: 124/942 | t_u_r: 95/943 | t_u: 219/1885) -> {'max_bond': 128, 'max_links': 4, 'total_elems': 197944, 'total_shapes': 2624, 'total_links': 222, 'num_tensors': 56}
2026-07-16 21:25:32,854 [INFO] [24R/1446](swap: 1, u: 0 | c_u: 16 | t_u_l: 124/942 | t_u_r: 95/943 | t_u: 219/1885) -> {'max_bond': 128, 'max_links': 4, 'total_elems': 197944, 'total_shapes': 2624, 'total_links': 222, 'num_tensors': 56}
2026-07-16 21:25:33,156 [INFO] [25R/1446](swap: 1, u: 0 | c_u: 16 | t_u_l: 124/942 | t_u_r: 95/943 | t_u: 219/1885) -> {'max_bond': 128, 'max_links': 4, 'total_elems': 198328, 'total_shapes': 2648, 'total_links': 222, 'num_tensors': 56}
2026-07-16 21:25:33,459 [INFO] [26R/1446](swap: 1, u: 0 | c_u: 16 | t_u_l: 124/942 | t_u_r: 95/943 | t_u: 219/1885) -> {'max_bond': 128, 'max_links': 4, 'total_elems': 198616, 'total_shapes': 2656, 'total_links': 222, 'num_tensors': 56}
2026-07-16 21:25:33,764 [INFO] [27R/1446](swap: 1, u: 0 | c_u: 16 | t_u_l: 124/942 | t_u_r: 95/943 | t_u: 219/1885) -> {'max_bond': 128, 'max_links': 4, 'total_elems': 198712, 'total_shapes': 2660, 'total_links': 222, 'num_tensors': 56}
2026-07-16 21:25:34,067 [INFO] [28R/1446](swap: 1, u: 0 | c_u: 16 | t_u_l: 124/942 | t_u_r: 95/943 | t_u: 219/1885) -> {'max_bond': 128, 'max_links': 4, 'total_elems': 199096, 'total_shapes': 2684, 'total_links': 222, 'num_tensors': 56}
2026-07-16 21:25:34,372 [INFO] [29R/1446](swap: 1, u: 0 | c_u: 16 | t_u_l: 124/942 | t_u_r: 95/943 | t_u: 219/1885) -> {'max_bond': 128, 'max_links': 4, 'total_elems': 199096, 'total_shapes': 2684, 'total_links': 222, 'num_tensors': 56}
2026-07-16 21:25:34,677 [INFO] [30R/1446](swap: 0, u: 1 | c_u: 17 | t_u_l: 124/942 | t_u_r: 96/943 | t_u: 220/1885) -> {'max_bond': 128, 'max_links': 4, 'total_elems': 199416, 'total_shapes': 2692, 'total_links': 222, 'num_tensors': 56}
2026-07-16 21:25:34,984 [INFO] [31R/1446](swap: 1, u: 1 | c_u: 18 | t_u_l: 124/942 | t_u_r: 97/943 | t_u: 221/1885) -> {'max_bond': 128, 'max_links': 4, 'total_elems': 199800, 'total_shapes': 2700, 'total_links': 222, 'num_tensors': 56}
2026-07-16 21:25:35,308 [INFO] [32R/1446](swap: 2, u: 0 | c_u: 18 | t_u_l: 124/942 | t_u_r: 97/943 | t_u: 221/1885) -> {'max_bond': 128, 'max_links': 4, 'total_elems': 200952, 'total_shapes': 2716, 'total_links': 222, 'num_tensors': 56}
2026-07-16 21:25:35,613 [INFO] [33R/1446](swap: 1, u: 0 | c_u: 18 | t_u_l: 124/942 | t_u_r: 97/943 | t_u: 221/1885) -> {'max_bond': 128, 'max_links': 4, 'total_elems': 200952, 'total_shapes': 2716, 'total_links': 222, 'num_tensors': 56}
2026-07-16 21:25:35,919 [INFO] [34R/1446](swap: 1, u: 0 | c_u: 18 | t_u_l: 124/942 | t_u_r: 97/943 | t_u: 221/1885) -> {'max_bond': 128, 'max_links': 4, 'total_elems': 200952, 'total_shapes': 2716, 'total_links': 222, 'num_tensors': 56}
2026-07-16 21:25:36,223 [INFO] [35R/1446](swap: 1, u: 0 | c_u: 18 | t_u_l: 124/942 | t_u_r: 97/943 | t_u: 221/1885) -> {'max_bond': 128, 'max_links': 4, 'total_elems': 200568, 'total_shapes': 2700, 'total_links': 222, 'num_tensors': 56}
2026-07-16 21:25:36,529 [INFO] [36R/1446](swap: 1, u: 0 | c_u: 18 | t_u_l: 124/942 | t_u_r: 97/943 | t_u: 221/1885) -> {'max_bond': 128, 'max_links': 4, 'total_elems': 200952, 'total_shapes': 2708, 'total_links': 222, 'num_tensors': 56}
2026-07-16 21:25:36,835 [INFO] [37R/1446](swap: 1, u: 0 | c_u: 18 | t_u_l: 124/942 | t_u_r: 97/943 | t_u: 221/1885) -> {'max_bond': 128, 'max_links': 4, 'total_elems': 202488, 'total_shapes': 2740, 'total_links': 222, 'num_tensors': 56}
2026-07-16 21:25:37,146 [INFO] [38R/1446](swap: 1, u: 0 | c_u: 18 | t_u_l: 124/942 | t_u_r: 97/943 | t_u: 221/1885) -> {'max_bond': 128, 'max_links': 4, 'total_elems': 208632, 'total_shapes': 2772, 'total_links': 222, 'num_tensors': 56}
2026-07-16 21:25:37,475 [INFO] [5L/1333](swap: 10, u: 0 | c_u: 18 | t_u_l: 124/942 | t_u_r: 97/943 | t_u: 221/1885) -> {'max_bond': 128, 'max_links': 4, 'total_elems': 228792, 'total_shapes': 2940, 'total_links': 222, 'num_tensors': 56}
2026-07-16 21:25:37,855 [INFO] [39R/1446](swap: 1, u: 0 | c_u: 18 | t_u_l: 124/942 | t_u_r: 97/943 | t_u: 221/1885) -> {'max_bond': 128, 'max_links': 4, 'total_elems': 253368, 'total_shapes': 3068, 'total_links': 222, 'num_tensors': 56}
2026-07-16 21:25:38,255 [INFO] [40R/1446](swap: 1, u: 0 | c_u: 18 | t_u_l: 124/942 | t_u_r: 97/943 | t_u: 221/1885) -> {'max_bond': 128, 'max_links': 4, 'total_elems': 253368, 'total_shapes': 3068, 'total_links': 222, 'num_tensors': 56}
2026-07-16 21:25:38,693 [INFO] [41R/1446](swap: 1, u: 0 | c_u: 18 | t_u_l: 124/942 | t_u_r: 97/943 | t_u: 221/1885) -> {'max_bond': 128, 'max_links': 4, 'total_elems': 253368, 'total_shapes': 3068, 'total_links': 222, 'num_tensors': 56}
2026-07-16 21:25:39,092 [INFO] [42R/1446](swap: 1, u: 0 | c_u: 18 | t_u_l: 124/942 | t_u_r: 97/943 | t_u: 221/1885) -> {'max_bond': 128, 'max_links': 4, 'total_elems': 253368, 'total_shapes': 3068, 'total_links': 222, 'num_tensors': 56}
2026-07-16 21:25:39,486 [INFO] [43R/1446](swap: 1, u: 0 | c_u: 18 | t_u_l: 124/942 | t_u_r: 97/943 | t_u: 221/1885) -> {'max_bond': 128, 'max_links': 4, 'total_elems': 253368, 'total_shapes': 3068, 'total_links': 222, 'num_tensors': 56}
2026-07-16 21:25:39,882 [INFO] [44R/1446](swap: 1, u: 0 | c_u: 18 | t_u_l: 124/942 | t_u_r: 97/943 | t_u: 221/1885) -> {'max_bond': 128, 'max_links': 4, 'total_elems': 253368, 'total_shapes': 3068, 'total_links': 222, 'num_tensors': 56}
2026-07-16 21:25:40,345 [INFO] [45R/1446](swap: 1, u: 0 | c_u: 18 | t_u_l: 124/942 | t_u_r: 97/943 | t_u: 221/1885) -> {'max_bond': 128, 'max_links': 4, 'total_elems': 247224, 'total_shapes': 3004, 'total_links': 222, 'num_tensors': 56}
2026-07-16 21:25:40,724 [INFO] [46R/1446](swap: 1, u: 0 | c_u: 18 | t_u_l: 124/942 | t_u_r: 97/943 | t_u: 221/1885) -> {'max_bond': 128, 'max_links': 4, 'total_elems': 245688, 'total_shapes': 2988, 'total_links': 222, 'num_tensors': 56}
2026-07-16 21:25:41,106 [INFO] [47R/1446](swap: 1, u: 0 | c_u: 18 | t_u_l: 124/942 | t_u_r: 97/943 | t_u: 221/1885) -> {'max_bond': 128, 'max_links': 4, 'total_elems': 248248, 'total_shapes': 3020, 'total_links': 222, 'num_tensors': 56}
2026-07-16 21:25:41,510 [INFO] [48R/1446](swap: 1, u: 0 | c_u: 18 | t_u_l: 124/942 | t_u_r: 97/943 | t_u: 221/1885) -> {'max_bond': 128, 'max_links': 4, 'total_elems': 260536, 'total_shapes': 3084, 'total_links': 222, 'num_tensors': 56}
2026-07-16 21:25:41,918 [INFO] [49R/1446](swap: 1, u: 0 | c_u: 18 | t_u_l: 124/942 | t_u_r: 97/943 | t_u: 221/1885) -> {'max_bond': 128, 'max_links': 4, 'total_elems': 293304, 'total_shapes': 3212, 'total_links': 222, 'num_tensors': 56}
2026-07-16 21:25:42,422 [INFO] [50R/1446](swap: 1, u: 0 | c_u: 18 | t_u_l: 124/942 | t_u_r: 97/943 | t_u: 221/1885) -> {'max_bond': 128, 'max_links': 4, 'total_elems': 293304, 'total_shapes': 3212, 'total_links': 222, 'num_tensors': 56}
2026-07-16 21:25:42,884 [INFO] [51R/1446](swap: 1, u: 0 | c_u: 18 | t_u_l: 124/942 | t_u_r: 97/943 | t_u: 221/1885) -> {'max_bond': 128, 'max_links': 4, 'total_elems': 293304, 'total_shapes': 3212, 'total_links': 222, 'num_tensors': 56}
2026-07-16 21:25:43,347 [INFO] [52R/1446](swap: 0, u: 1 | c_u: 19 | t_u_l: 124/942 | t_u_r: 98/943 | t_u: 222/1885) -> {'max_bond': 128, 'max_links': 4, 'total_elems': 293304, 'total_shapes': 3212, 'total_links': 222, 'num_tensors': 56}
2026-07-16 21:25:43,814 [INFO] [53R/1446](swap: 2, u: 0 | c_u: 19 | t_u_l: 124/942 | t_u_r: 98/943 | t_u: 222/1885) -> {'max_bond': 128, 'max_links': 4, 'total_elems': 293304, 'total_shapes': 3212, 'total_links': 222, 'num_tensors': 56}
2026-07-16 21:25:44,340 [INFO] [54R/1446](swap: 2, u: 0 | c_u: 19 | t_u_l: 124/942 | t_u_r: 98/943 | t_u: 222/1885) -> {'max_bond': 128, 'max_links': 4, 'total_elems': 311736, 'total_shapes': 3308, 'total_links': 222, 'num_tensors': 56}
2026-07-16 21:25:44,922 [INFO] [55R/1446](swap: 2, u: 0 | c_u: 19 | t_u_l: 124/942 | t_u_r: 98/943 | t_u: 222/1885) -> {'max_bond': 256, 'max_links': 4, 'total_elems': 377272, 'total_shapes': 3564, 'total_links': 222, 'num_tensors': 56}
2026-07-16 21:25:45,454 [INFO] [56R/1446](swap: 2, u: 0 | c_u: 19 | t_u_l: 124/942 | t_u_r: 98/943 | t_u: 222/1885) -> {'max_bond': 256, 'max_links': 4, 'total_elems': 364984, 'total_shapes': 3500, 'total_links': 222, 'num_tensors': 56}
2026-07-16 21:25:45,966 [INFO] [57R/1446](swap: 2, u: 0 | c_u: 19 | t_u_l: 124/942 | t_u_r: 98/943 | t_u: 222/1885) -> {'max_bond': 256, 'max_links': 4, 'total_elems': 367544, 'total_shapes': 3500, 'total_links': 222, 'num_tensors': 56}
2026-07-16 21:25:46,504 [INFO] [58R/1446](swap: 2, u: 0 | c_u: 19 | t_u_l: 124/942 | t_u_r: 98/943 | t_u: 222/1885) -> {'max_bond': 256, 'max_links': 4, 'total_elems': 369080, 'total_shapes': 3516, 'total_links': 222, 'num_tensors': 56}
2026-07-16 21:25:47,053 [INFO] [59R/1446](swap: 2, u: 0 | c_u: 19 | t_u_l: 124/942 | t_u_r: 98/943 | t_u: 222/1885) -> {'max_bond': 256, 'max_links': 4, 'total_elems': 375224, 'total_shapes': 3580, 'total_links': 222, 'num_tensors': 56}
2026-07-16 21:25:47,617 [INFO] [60R/1446](swap: 2, u: 0 | c_u: 19 | t_u_l: 124/942 | t_u_r: 98/943 | t_u: 222/1885) -> {'max_bond': 256, 'max_links': 4, 'total_elems': 375224, 'total_shapes': 3580, 'total_links': 222, 'num_tensors': 56}
2026-07-16 21:25:48,165 [INFO] [61R/1446](swap: 2, u: 0 | c_u: 19 | t_u_l: 124/942 | t_u_r: 98/943 | t_u: 222/1885) -> {'max_bond': 256, 'max_links': 4, 'total_elems': 375224, 'total_shapes': 3580, 'total_links': 222, 'num_tensors': 56}
2026-07-16 21:25:48,711 [INFO] [62R/1446](swap: 2, u: 0 | c_u: 19 | t_u_l: 124/942 | t_u_r: 98/943 | t_u: 222/1885) -> {'max_bond': 256, 'max_links': 4, 'total_elems': 375224, 'total_shapes': 3580, 'total_links': 222, 'num_tensors': 56}
2026-07-16 21:25:49,264 [INFO] [63R/1446](swap: 2, u: 0 | c_u: 19 | t_u_l: 124/942 | t_u_r: 98/943 | t_u: 222/1885) -> {'max_bond': 256, 'max_links': 4, 'total_elems': 376184, 'total_shapes': 3604, 'total_links': 222, 'num_tensors': 56}
2026-07-16 21:25:49,822 [INFO] [64R/1446](swap: 2, u: 0 | c_u: 19 | t_u_l: 124/942 | t_u_r: 98/943 | t_u: 222/1885) -> {'max_bond': 256, 'max_links': 4, 'total_elems': 377144, 'total_shapes': 3628, 'total_links': 222, 'num_tensors': 56}
2026-07-16 21:25:50,375 [INFO] [65R/1446](swap: 2, u: 0 | c_u: 19 | t_u_l: 124/942 | t_u_r: 98/943 | t_u: 222/1885) -> {'max_bond': 256, 'max_links': 4, 'total_elems': 353720, 'total_shapes': 3524, 'total_links': 222, 'num_tensors': 56}
2026-07-16 21:25:50,915 [INFO] [66R/1446](swap: 2, u: 0 | c_u: 19 | t_u_l: 124/942 | t_u_r: 98/943 | t_u: 222/1885) -> {'max_bond': 256, 'max_links': 4, 'total_elems': 349880, 'total_shapes': 3540, 'total_links': 222, 'num_tensors': 56}
2026-07-16 21:25:51,438 [INFO] [67R/1446](swap: 1, u: 1 | c_u: 20 | t_u_l: 124/942 | t_u_r: 99/943 | t_u: 223/1885) -> {'max_bond': 256, 'max_links': 4, 'total_elems': 348344, 'total_shapes': 3524, 'total_links': 222, 'num_tensors': 56}
2026-07-16 21:25:51,953 [INFO] [68R/1446](swap: 2, u: 0 | c_u: 20 | t_u_l: 124/942 | t_u_r: 99/943 | t_u: 223/1885) -> {'max_bond': 256, 'max_links': 4, 'total_elems': 346808, 'total_shapes': 3492, 'total_links': 222, 'num_tensors': 56}
2026-07-16 21:25:52,462 [INFO] [69R/1446](swap: 1, u: 1 | c_u: 21 | t_u_l: 124/942 | t_u_r: 100/943 | t_u: 224/1885) -> {'max_bond': 256, 'max_links': 4, 'total_elems': 347576, 'total_shapes': 3508, 'total_links': 222, 'num_tensors': 56}
2026-07-16 21:25:52,973 [INFO] [70R/1446](swap: 2, u: 0 | c_u: 21 | t_u_l: 124/942 | t_u_r: 100/943 | t_u: 224/1885) -> {'max_bond': 256, 'max_links': 4, 'total_elems': 350648, 'total_shapes': 3540, 'total_links': 222, 'num_tensors': 56}
2026-07-16 21:25:53,488 [INFO] [71R/1446](swap: 2, u: 0 | c_u: 21 | t_u_l: 124/942 | t_u_r: 100/943 | t_u: 224/1885) -> {'max_bond': 256, 'max_links': 4, 'total_elems': 350648, 'total_shapes': 3540, 'total_links': 222, 'num_tensors': 56}
2026-07-16 21:25:54,007 [INFO] [72R/1446](swap: 2, u: 0 | c_u: 21 | t_u_l: 124/942 | t_u_r: 100/943 | t_u: 224/1885) -> {'max_bond': 256, 'max_links': 4, 'total_elems': 351032, 'total_shapes': 3556, 'total_links': 222, 'num_tensors': 56}
2026-07-16 21:25:54,527 [INFO] [73R/1446](swap: 2, u: 0 | c_u: 21 | t_u_l: 124/942 | t_u_r: 100/943 | t_u: 224/1885) -> {'max_bond': 256, 'max_links': 4, 'total_elems': 350648, 'total_shapes': 3548, 'total_links': 222, 'num_tensors': 56}
2026-07-16 21:25:55,046 [INFO] [74R/1446](swap: 1, u: 1 | c_u: 22 | t_u_l: 124/942 | t_u_r: 101/943 | t_u: 225/1885) -> {'max_bond': 256, 'max_links': 4, 'total_elems': 350328, 'total_shapes': 3540, 'total_links': 222, 'num_tensors': 56}
2026-07-16 21:25:55,568 [INFO] [75R/1446](swap: 3, u: 0 | c_u: 22 | t_u_l: 124/942 | t_u_r: 101/943 | t_u: 225/1885) -> {'max_bond': 256, 'max_links': 4, 'total_elems': 355320, 'total_shapes': 3620, 'total_links': 222, 'num_tensors': 56}
2026-07-16 21:25:56,093 [INFO] [76R/1446](swap: 2, u: 1 | c_u: 23 | t_u_l: 124/942 | t_u_r: 102/943 | t_u: 226/1885) -> {'max_bond': 256, 'max_links': 4, 'total_elems': 369272, 'total_shapes': 3660, 'total_links': 222, 'num_tensors': 56}
2026-07-16 21:25:56,622 [INFO] [77R/1446](swap: 3, u: 0 | c_u: 23 | t_u_l: 124/942 | t_u_r: 102/943 | t_u: 226/1885) -> {'max_bond': 256, 'max_links': 4, 'total_elems': 384536, 'total_shapes': 3752, 'total_links': 222, 'num_tensors': 56}
2026-07-16 21:25:57,159 [INFO] [78R/1446](swap: 2, u: 1 | c_u: 24 | t_u_l: 124/942 | t_u_r: 103/943 | t_u: 227/1885) -> {'max_bond': 256, 'max_links': 4, 'total_elems': 399608, 'total_shapes': 3840, 'total_links': 222, 'num_tensors': 56}
2026-07-16 21:25:57,711 [INFO] [79R/1446](swap: 3, u: 0 | c_u: 24 | t_u_l: 124/942 | t_u_r: 103/943 | t_u: 227/1885) -> {'max_bond': 256, 'max_links': 4, 'total_elems': 417080, 'total_shapes': 3912, 'total_links': 222, 'num_tensors': 56}
2026-07-16 21:25:58,292 [INFO] [80R/1446](swap: 2, u: 2 | c_u: 26 | t_u_l: 124/942 | t_u_r: 105/943 | t_u: 229/1885) -> {'max_bond': 256, 'max_links': 4, 'total_elems': 432440, 'total_shapes': 3944, 'total_links': 222, 'num_tensors': 56}
2026-07-16 21:25:59,017 [INFO]     [start unswap] -> {'max_bond': 256, 'max_links': 4, 'total_elems': 432440, 'total_shapes': 3944, 'total_links': 222, 'num_tensors': 56}
2026-07-16 21:26:01,649 [INFO]     [0 | both | 0](candidate_pairs: 28/28 | new_swaps: 3 | total: 3) -> {'max_bond': 256, 'max_links': 4, 'total_elems': 561480, 'total_shapes': 4204, 'total_links': 222, 'num_tensors': 56}
2026-07-16 21:26:03,440 [INFO]     [0 | both | 1](candidate_pairs: 27/27 | new_swaps: 6 | total: 9) -> {'max_bond': 128, 'max_links': 4, 'total_elems': 355336, 'total_shapes': 3528, 'total_links': 222, 'num_tensors': 56}
2026-07-16 21:26:04,048 [INFO]     [0 | left | 0](candidate_pairs: 28/28 | new_swaps: 9 | total: 18) -> {'max_bond': 128, 'max_links': 4, 'total_elems': 266644, 'total_shapes': 3016, 'total_links': 222, 'num_tensors': 56}
2026-07-16 21:26:04,424 [INFO]     [0 | left | 1](candidate_pairs: 27/27 | new_swaps: 8 | total: 26) -> {'max_bond': 128, 'max_links': 4, 'total_elems': 176248, 'total_shapes': 2542, 'total_links': 222, 'num_tensors': 56}
2026-07-16 21:26:04,679 [INFO]     [0 | right | 0](candidate_pairs: 28/28 | new_swaps: 2 | total: 28) -> {'max_bond': 64, 'max_links': 4, 'total_elems': 151648, 'total_shapes': 2346, 'total_links': 222, 'num_tensors': 56}
2026-07-16 21:26:04,935 [INFO]     [0 | right | 1](candidate_pairs: 27/27 | new_swaps: 3 | total: 31) -> {'max_bond': 64, 'max_links': 4, 'total_elems': 139120, 'total_shapes': 2270, 'total_links': 222, 'num_tensors': 56}
2026-07-16 21:26:05,376 [INFO]     [1 | both | 0](candidate_pairs: 28/28 | new_swaps: 5 | total: 5) -> {'max_bond': 64, 'max_links': 4, 'total_elems': 119976, 'total_shapes': 2118, 'total_links': 222, 'num_tensors': 56}
2026-07-16 21:26:05,786 [INFO]     [1 | both | 1](candidate_pairs: 27/27 | new_swaps: 5 | total: 10) -> {'max_bond': 64, 'max_links': 4, 'total_elems': 101716, 'total_shapes': 1968, 'total_links': 222, 'num_tensors': 56}
2026-07-16 21:26:05,950 [INFO]     [1 | left | 0](candidate_pairs: 28/28 | new_swaps: 2 | total: 12) -> {'max_bond': 64, 'max_links': 4, 'total_elems': 86284, 'total_shapes': 1866, 'total_links': 222, 'num_tensors': 56}
2026-07-16 21:26:06,091 [INFO]     [1 | left | 1](candidate_pairs: 27/27 | new_swaps: 1 | total: 13) -> {'max_bond': 64, 'max_links': 4, 'total_elems': 70924, 'total_shapes': 1770, 'total_links': 222, 'num_tensors': 56}
2026-07-16 21:26:06,207 [INFO]     [1 | right | 0](candidate_pairs: 28/28 | new_swaps: 1 | total: 14) -> {'max_bond': 32, 'max_links': 4, 'total_elems': 61708, 'total_shapes': 1674, 'total_links': 222, 'num_tensors': 56}
2026-07-16 21:26:06,286 [INFO]     [1 | right | 1](candidate_pairs: 27/27 | new_swaps: 0 | total: 14) -> {'max_bond': 32, 'max_links': 4, 'total_elems': 61708, 'total_shapes': 1674, 'total_links': 222, 'num_tensors': 56}
2026-07-16 21:26:06,531 [INFO]     [2 | both | 0](candidate_pairs: 28/28 | new_swaps: 2 | total: 2) -> {'max_bond': 32, 'max_links': 4, 'total_elems': 61456, 'total_shapes': 1660, 'total_links': 222, 'num_tensors': 56}
2026-07-16 21:26:06,781 [INFO]     [2 | both | 1](candidate_pairs: 27/27 | new_swaps: 2 | total: 4) -> {'max_bond': 32, 'max_links': 4, 'total_elems': 61156, 'total_shapes': 1650, 'total_links': 222, 'num_tensors': 56}
2026-07-16 21:26:06,860 [INFO]     [2 | left | 0](candidate_pairs: 28/28 | new_swaps: 0 | total: 4) -> {'max_bond': 32, 'max_links': 4, 'total_elems': 61156, 'total_shapes': 1650, 'total_links': 222, 'num_tensors': 56}
2026-07-16 21:26:06,938 [INFO]     [2 | left | 1](candidate_pairs: 27/27 | new_swaps: 0 | total: 4) -> {'max_bond': 32, 'max_links': 4, 'total_elems': 61156, 'total_shapes': 1650, 'total_links': 222, 'num_tensors': 56}
2026-07-16 21:26:07,017 [INFO]     [2 | right | 0](candidate_pairs: 28/28 | new_swaps: 0 | total: 4) -> {'max_bond': 32, 'max_links': 4, 'total_elems': 61156, 'total_shapes': 1650, 'total_links': 222, 'num_tensors': 56}
2026-07-16 21:26:07,095 [INFO]     [2 | right | 1](candidate_pairs: 27/27 | new_swaps: 0 | total: 4) -> {'max_bond': 32, 'max_links': 4, 'total_elems': 61156, 'total_shapes': 1650, 'total_links': 222, 'num_tensors': 56}
2026-07-16 21:26:07,329 [INFO]     [3 | both | 0](candidate_pairs: 28/28 | new_swaps: 1 | total: 1) -> {'max_bond': 32, 'max_links': 4, 'total_elems': 60004, 'total_shapes': 1634, 'total_links': 222, 'num_tensors': 56}
2026-07-16 21:26:07,562 [INFO]     [3 | both | 1](candidate_pairs: 27/27 | new_swaps: 1 | total: 2) -> {'max_bond': 32, 'max_links': 4, 'total_elems': 57316, 'total_shapes': 1578, 'total_links': 222, 'num_tensors': 56}
2026-07-16 21:26:07,638 [INFO]     [3 | left | 0](candidate_pairs: 28/28 | new_swaps: 0 | total: 2) -> {'max_bond': 32, 'max_links': 4, 'total_elems': 57316, 'total_shapes': 1578, 'total_links': 222, 'num_tensors': 56}
2026-07-16 21:26:07,714 [INFO]     [3 | left | 1](candidate_pairs: 27/27 | new_swaps: 0 | total: 2) -> {'max_bond': 32, 'max_links': 4, 'total_elems': 57316, 'total_shapes': 1578, 'total_links': 222, 'num_tensors': 56}
2026-07-16 21:26:07,789 [INFO]     [3 | right | 0](candidate_pairs: 28/28 | new_swaps: 0 | total: 2) -> {'max_bond': 32, 'max_links': 4, 'total_elems': 57316, 'total_shapes': 1578, 'total_links': 222, 'num_tensors': 56}
2026-07-16 21:26:07,863 [INFO]     [3 | right | 1](candidate_pairs: 27/27 | new_swaps: 0 | total: 2) -> {'max_bond': 32, 'max_links': 4, 'total_elems': 57316, 'total_shapes': 1578, 'total_links': 222, 'num_tensors': 56}
2026-07-16 21:26:08,080 [INFO]     [4 | both | 0](candidate_pairs: 28/28 | new_swaps: 1 | total: 1) -> {'max_bond': 32, 'max_links': 4, 'total_elems': 56356, 'total_shapes': 1554, 'total_links': 222, 'num_tensors': 56}
2026-07-16 21:26:08,305 [INFO]     [4 | both | 1](candidate_pairs: 27/27 | new_swaps: 1 | total: 2) -> {'max_bond': 32, 'max_links': 4, 'total_elems': 55396, 'total_shapes': 1530, 'total_links': 222, 'num_tensors': 56}
2026-07-16 21:26:08,377 [INFO]     [4 | left | 0](candidate_pairs: 28/28 | new_swaps: 0 | total: 2) -> {'max_bond': 32, 'max_links': 4, 'total_elems': 55396, 'total_shapes': 1530, 'total_links': 222, 'num_tensors': 56}
2026-07-16 21:26:08,450 [INFO]     [4 | left | 1](candidate_pairs: 27/27 | new_swaps: 0 | total: 2) -> {'max_bond': 32, 'max_links': 4, 'total_elems': 55396, 'total_shapes': 1530, 'total_links': 222, 'num_tensors': 56}
2026-07-16 21:26:08,561 [INFO]     [4 | right | 0](candidate_pairs: 28/28 | new_swaps: 1 | total: 3) -> {'max_bond': 32, 'max_links': 4, 'total_elems': 54756, 'total_shapes': 1514, 'total_links': 222, 'num_tensors': 56}
2026-07-16 21:26:08,632 [INFO]     [4 | right | 1](candidate_pairs: 27/27 | new_swaps: 0 | total: 3) -> {'max_bond': 32, 'max_links': 4, 'total_elems': 54756, 'total_shapes': 1514, 'total_links': 222, 'num_tensors': 56}
2026-07-16 21:26:08,788 [INFO]     [5 | both | 0](candidate_pairs: 28/28 | new_swaps: 0 | total: 0) -> {'max_bond': 32, 'max_links': 4, 'total_elems': 54756, 'total_shapes': 1514, 'total_links': 222, 'num_tensors': 56}
2026-07-16 21:26:09,011 [INFO]     [5 | both | 1](candidate_pairs: 27/27 | new_swaps: 1 | total: 1) -> {'max_bond': 32, 'max_links': 4, 'total_elems': 53988, 'total_shapes': 1498, 'total_links': 222, 'num_tensors': 56}
2026-07-16 21:26:09,082 [INFO]     [5 | left | 0](candidate_pairs: 28/28 | new_swaps: 0 | total: 1) -> {'max_bond': 32, 'max_links': 4, 'total_elems': 53988, 'total_shapes': 1498, 'total_links': 222, 'num_tensors': 56}
2026-07-16 21:26:09,154 [INFO]     [5 | left | 1](candidate_pairs: 27/27 | new_swaps: 0 | total: 1) -> {'max_bond': 32, 'max_links': 4, 'total_elems': 53988, 'total_shapes': 1498, 'total_links': 222, 'num_tensors': 56}
2026-07-16 21:26:09,265 [INFO]     [5 | right | 0](candidate_pairs: 28/28 | new_swaps: 1 | total: 2) -> {'max_bond': 32, 'max_links': 4, 'total_elems': 52836, 'total_shapes': 1474, 'total_links': 222, 'num_tensors': 56}
2026-07-16 21:26:09,364 [INFO]     [5 | right | 1](candidate_pairs: 27/27 | new_swaps: 1 | total: 3) -> {'max_bond': 32, 'max_links': 4, 'total_elems': 52196, 'total_shapes': 1458, 'total_links': 222, 'num_tensors': 56}
2026-07-16 21:26:09,585 [INFO]     [6 | both | 0](candidate_pairs: 28/28 | new_swaps: 2 | total: 2) -> {'max_bond': 32, 'max_links': 4, 'total_elems': 51236, 'total_shapes': 1434, 'total_links': 222, 'num_tensors': 56}
2026-07-16 21:26:09,807 [INFO]     [6 | both | 1](candidate_pairs: 27/27 | new_swaps: 2 | total: 4) -> {'max_bond': 32, 'max_links': 4, 'total_elems': 50916, 'total_shapes': 1418, 'total_links': 222, 'num_tensors': 56}
2026-07-16 21:26:09,876 [INFO]     [6 | left | 0](candidate_pairs: 28/28 | new_swaps: 0 | total: 4) -> {'max_bond': 32, 'max_links': 4, 'total_elems': 50916, 'total_shapes': 1418, 'total_links': 222, 'num_tensors': 56}
2026-07-16 21:26:09,945 [INFO]     [6 | left | 1](candidate_pairs: 27/27 | new_swaps: 0 | total: 4) -> {'max_bond': 32, 'max_links': 4, 'total_elems': 50916, 'total_shapes': 1418, 'total_links': 222, 'num_tensors': 56}
2026-07-16 21:26:10,015 [INFO]     [6 | right | 0](candidate_pairs: 28/28 | new_swaps: 0 | total: 4) -> {'max_bond': 32, 'max_links': 4, 'total_elems': 50916, 'total_shapes': 1418, 'total_links': 222, 'num_tensors': 56}
2026-07-16 21:26:10,112 [INFO]     [6 | right | 1](candidate_pairs: 27/27 | new_swaps: 1 | total: 5) -> {'max_bond': 32, 'max_links': 4, 'total_elems': 49636, 'total_shapes': 1402, 'total_links': 222, 'num_tensors': 56}
2026-07-16 21:26:10,256 [INFO]     [7 | both | 0](candidate_pairs: 28/28 | new_swaps: 0 | total: 0) -> {'max_bond': 32, 'max_links': 4, 'total_elems': 49636, 'total_shapes': 1402, 'total_links': 222, 'num_tensors': 56}
2026-07-16 21:26:10,407 [INFO]     [7 | both | 1](candidate_pairs: 27/27 | new_swaps: 0 | total: 0) -> {'max_bond': 32, 'max_links': 4, 'total_elems': 49636, 'total_shapes': 1402, 'total_links': 222, 'num_tensors': 56}
2026-07-16 21:26:10,473 [INFO]     [7 | left | 0](candidate_pairs: 28/28 | new_swaps: 0 | total: 0) -> {'max_bond': 32, 'max_links': 4, 'total_elems': 49636, 'total_shapes': 1402, 'total_links': 222, 'num_tensors': 56}
2026-07-16 21:26:10,540 [INFO]     [7 | left | 1](candidate_pairs: 27/27 | new_swaps: 0 | total: 0) -> {'max_bond': 32, 'max_links': 4, 'total_elems': 49636, 'total_shapes': 1402, 'total_links': 222, 'num_tensors': 56}
2026-07-16 21:26:10,638 [INFO]     [7 | right | 0](candidate_pairs: 28/28 | new_swaps: 1 | total: 1) -> {'max_bond': 32, 'max_links': 4, 'total_elems': 47076, 'total_shapes': 1370, 'total_links': 222, 'num_tensors': 56}
2026-07-16 21:26:10,700 [INFO]     [7 | right | 1](candidate_pairs: 27/27 | new_swaps: 0 | total: 1) -> {'max_bond': 32, 'max_links': 4, 'total_elems': 47076, 'total_shapes': 1370, 'total_links': 222, 'num_tensors': 56}
2026-07-16 21:26:10,849 [INFO]     [8 | both | 0](candidate_pairs: 28/28 | new_swaps: 0 | total: 0) -> {'max_bond': 32, 'max_links': 4, 'total_elems': 47076, 'total_shapes': 1370, 'total_links': 222, 'num_tensors': 56}
2026-07-16 21:26:11,058 [INFO]     [8 | both | 1](candidate_pairs: 27/27 | new_swaps: 1 | total: 1) -> {'max_bond': 32, 'max_links': 4, 'total_elems': 44004, 'total_shapes': 1338, 'total_links': 222, 'num_tensors': 56}
2026-07-16 21:26:11,120 [INFO]     [8 | left | 0](candidate_pairs: 28/28 | new_swaps: 0 | total: 1) -> {'max_bond': 32, 'max_links': 4, 'total_elems': 44004, 'total_shapes': 1338, 'total_links': 222, 'num_tensors': 56}
2026-07-16 21:26:11,182 [INFO]     [8 | left | 1](candidate_pairs: 27/27 | new_swaps: 0 | total: 1) -> {'max_bond': 32, 'max_links': 4, 'total_elems': 44004, 'total_shapes': 1338, 'total_links': 222, 'num_tensors': 56}
2026-07-16 21:26:11,275 [INFO]     [8 | right | 0](candidate_pairs: 28/28 | new_swaps: 1 | total: 2) -> {'max_bond': 32, 'max_links': 4, 'total_elems': 39396, 'total_shapes': 1290, 'total_links': 222, 'num_tensors': 56}
2026-07-16 21:26:11,358 [INFO]     [8 | right | 1](candidate_pairs: 27/27 | new_swaps: 1 | total: 3) -> {'max_bond': 32, 'max_links': 4, 'total_elems': 35556, 'total_shapes': 1242, 'total_links': 222, 'num_tensors': 56}
2026-07-16 21:26:11,535 [INFO]     [9 | both | 0](candidate_pairs: 28/28 | new_swaps: 2 | total: 2) -> {'max_bond': 32, 'max_links': 4, 'total_elems': 30948, 'total_shapes': 1178, 'total_links': 222, 'num_tensors': 56}
2026-07-16 21:26:11,687 [INFO]     [9 | both | 1](candidate_pairs: 27/27 | new_swaps: 1 | total: 3) -> {'max_bond': 32, 'max_links': 4, 'total_elems': 27108, 'total_shapes': 1130, 'total_links': 222, 'num_tensors': 56}
2026-07-16 21:26:11,757 [INFO]     [9 | left | 0](candidate_pairs: 28/28 | new_swaps: 1 | total: 4) -> {'max_bond': 32, 'max_links': 4, 'total_elems': 24548, 'total_shapes': 1098, 'total_links': 222, 'num_tensors': 56}
2026-07-16 21:26:11,824 [INFO]     [9 | left | 1](candidate_pairs: 27/27 | new_swaps: 1 | total: 5) -> {'max_bond': 32, 'max_links': 4, 'total_elems': 22500, 'total_shapes': 1066, 'total_links': 222, 'num_tensors': 56}
2026-07-16 21:26:11,886 [INFO]     [9 | right | 0](candidate_pairs: 28/28 | new_swaps: 1 | total: 6) -> {'max_bond': 32, 'max_links': 4, 'total_elems': 21732, 'total_shapes': 1050, 'total_links': 222, 'num_tensors': 56}
2026-07-16 21:26:11,948 [INFO]     [9 | right | 1](candidate_pairs: 27/27 | new_swaps: 1 | total: 7) -> {'max_bond': 32, 'max_links': 4, 'total_elems': 20580, 'total_shapes': 1026, 'total_links': 222, 'num_tensors': 56}
2026-07-16 21:26:12,026 [INFO]     [10 | both | 0](candidate_pairs: 28/28 | new_swaps: 0 | total: 0) -> {'max_bond': 32, 'max_links': 4, 'total_elems': 20580, 'total_shapes': 1026, 'total_links': 222, 'num_tensors': 56}
2026-07-16 21:26:12,109 [INFO]     [10 | both | 1](candidate_pairs: 27/27 | new_swaps: 0 | total: 0) -> {'max_bond': 32, 'max_links': 4, 'total_elems': 20580, 'total_shapes': 1026, 'total_links': 222, 'num_tensors': 56}
2026-07-16 21:26:12,170 [INFO]     [10 | left | 0](candidate_pairs: 28/28 | new_swaps: 1 | total: 1) -> {'max_bond': 32, 'max_links': 4, 'total_elems': 19620, 'total_shapes': 1002, 'total_links': 222, 'num_tensors': 56}
2026-07-16 21:26:12,207 [INFO]     [10 | left | 1](candidate_pairs: 27/27 | new_swaps: 0 | total: 1) -> {'max_bond': 32, 'max_links': 4, 'total_elems': 19620, 'total_shapes': 1002, 'total_links': 222, 'num_tensors': 56}
2026-07-16 21:26:12,244 [INFO]     [10 | right | 0](candidate_pairs: 28/28 | new_swaps: 0 | total: 1) -> {'max_bond': 32, 'max_links': 4, 'total_elems': 19620, 'total_shapes': 1002, 'total_links': 222, 'num_tensors': 56}
2026-07-16 21:26:12,281 [INFO]     [10 | right | 1](candidate_pairs: 27/27 | new_swaps: 0 | total: 1) -> {'max_bond': 32, 'max_links': 4, 'total_elems': 19620, 'total_shapes': 1002, 'total_links': 222, 'num_tensors': 56}
2026-07-16 21:26:12,360 [INFO]     [11 | both | 0](candidate_pairs: 28/28 | new_swaps: 0 | total: 0) -> {'max_bond': 32, 'max_links': 4, 'total_elems': 19620, 'total_shapes': 1002, 'total_links': 222, 'num_tensors': 56}
2026-07-16 21:26:12,484 [INFO]     [11 | both | 1](candidate_pairs: 27/27 | new_swaps: 1 | total: 1) -> {'max_bond': 32, 'max_links': 4, 'total_elems': 18660, 'total_shapes': 978, 'total_links': 222, 'num_tensors': 56}
2026-07-16 21:26:12,520 [INFO]     [11 | left | 0](candidate_pairs: 28/28 | new_swaps: 0 | total: 1) -> {'max_bond': 32, 'max_links': 4, 'total_elems': 18660, 'total_shapes': 978, 'total_links': 222, 'num_tensors': 56}
2026-07-16 21:26:12,557 [INFO]     [11 | left | 1](candidate_pairs: 27/27 | new_swaps: 0 | total: 1) -> {'max_bond': 32, 'max_links': 4, 'total_elems': 18660, 'total_shapes': 978, 'total_links': 222, 'num_tensors': 56}
2026-07-16 21:26:12,592 [INFO]     [11 | right | 0](candidate_pairs: 28/28 | new_swaps: 0 | total: 1) -> {'max_bond': 32, 'max_links': 4, 'total_elems': 18660, 'total_shapes': 978, 'total_links': 222, 'num_tensors': 56}
2026-07-16 21:26:12,629 [INFO]     [11 | right | 1](candidate_pairs: 27/27 | new_swaps: 0 | total: 1) -> {'max_bond': 32, 'max_links': 4, 'total_elems': 18660, 'total_shapes': 978, 'total_links': 222, 'num_tensors': 56}
2026-07-16 21:26:12,749 [INFO]     [12 | both | 0](candidate_pairs: 28/28 | new_swaps: 1 | total: 1) -> {'max_bond': 32, 'max_links': 4, 'total_elems': 17700, 'total_shapes': 954, 'total_links': 222, 'num_tensors': 56}
2026-07-16 21:26:12,824 [INFO]     [12 | both | 1](candidate_pairs: 27/27 | new_swaps: 0 | total: 1) -> {'max_bond': 32, 'max_links': 4, 'total_elems': 17700, 'total_shapes': 954, 'total_links': 222, 'num_tensors': 56}
2026-07-16 21:26:12,859 [INFO]     [12 | left | 0](candidate_pairs: 28/28 | new_swaps: 0 | total: 1) -> {'max_bond': 32, 'max_links': 4, 'total_elems': 17700, 'total_shapes': 954, 'total_links': 222, 'num_tensors': 56}
2026-07-16 21:26:12,895 [INFO]     [12 | left | 1](candidate_pairs: 27/27 | new_swaps: 0 | total: 1) -> {'max_bond': 32, 'max_links': 4, 'total_elems': 17700, 'total_shapes': 954, 'total_links': 222, 'num_tensors': 56}
2026-07-16 21:26:12,930 [INFO]     [12 | right | 0](candidate_pairs: 28/28 | new_swaps: 0 | total: 1) -> {'max_bond': 32, 'max_links': 4, 'total_elems': 17700, 'total_shapes': 954, 'total_links': 222, 'num_tensors': 56}
2026-07-16 21:26:12,987 [INFO]     [12 | right | 1](candidate_pairs: 27/27 | new_swaps: 1 | total: 2) -> {'max_bond': 32, 'max_links': 4, 'total_elems': 16740, 'total_shapes': 930, 'total_links': 222, 'num_tensors': 56}
2026-07-16 21:26:13,058 [INFO]     [13 | both | 0](candidate_pairs: 28/28 | new_swaps: 0 | total: 0) -> {'max_bond': 32, 'max_links': 4, 'total_elems': 16740, 'total_shapes': 930, 'total_links': 222, 'num_tensors': 56}
2026-07-16 21:26:13,132 [INFO]     [13 | both | 1](candidate_pairs: 27/27 | new_swaps: 0 | total: 0) -> {'max_bond': 32, 'max_links': 4, 'total_elems': 16740, 'total_shapes': 930, 'total_links': 222, 'num_tensors': 56}
2026-07-16 21:26:13,166 [INFO]     [13 | left | 0](candidate_pairs: 28/28 | new_swaps: 0 | total: 0) -> {'max_bond': 32, 'max_links': 4, 'total_elems': 16740, 'total_shapes': 930, 'total_links': 222, 'num_tensors': 56}
2026-07-16 21:26:13,201 [INFO]     [13 | left | 1](candidate_pairs: 27/27 | new_swaps: 0 | total: 0) -> {'max_bond': 32, 'max_links': 4, 'total_elems': 16740, 'total_shapes': 930, 'total_links': 222, 'num_tensors': 56}
2026-07-16 21:26:13,256 [INFO]     [13 | right | 0](candidate_pairs: 28/28 | new_swaps: 1 | total: 1) -> {'max_bond': 32, 'max_links': 4, 'total_elems': 15780, 'total_shapes': 906, 'total_links': 222, 'num_tensors': 56}
2026-07-16 21:26:13,288 [INFO]     [13 | right | 1](candidate_pairs: 27/27 | new_swaps: 0 | total: 1) -> {'max_bond': 32, 'max_links': 4, 'total_elems': 15780, 'total_shapes': 906, 'total_links': 222, 'num_tensors': 56}
2026-07-16 21:26:13,358 [INFO]     [14 | both | 0](candidate_pairs: 28/28 | new_swaps: 0 | total: 0) -> {'max_bond': 32, 'max_links': 4, 'total_elems': 15780, 'total_shapes': 906, 'total_links': 222, 'num_tensors': 56}
2026-07-16 21:26:13,472 [INFO]     [14 | both | 1](candidate_pairs: 27/27 | new_swaps: 1 | total: 1) -> {'max_bond': 32, 'max_links': 4, 'total_elems': 14820, 'total_shapes': 882, 'total_links': 222, 'num_tensors': 56}
2026-07-16 21:26:13,504 [INFO]     [14 | left | 0](candidate_pairs: 28/28 | new_swaps: 0 | total: 1) -> {'max_bond': 32, 'max_links': 4, 'total_elems': 14820, 'total_shapes': 882, 'total_links': 222, 'num_tensors': 56}
2026-07-16 21:26:13,538 [INFO]     [14 | left | 1](candidate_pairs: 27/27 | new_swaps: 0 | total: 1) -> {'max_bond': 32, 'max_links': 4, 'total_elems': 14820, 'total_shapes': 882, 'total_links': 222, 'num_tensors': 56}
2026-07-16 21:26:13,570 [INFO]     [14 | right | 0](candidate_pairs: 28/28 | new_swaps: 0 | total: 1) -> {'max_bond': 32, 'max_links': 4, 'total_elems': 14820, 'total_shapes': 882, 'total_links': 222, 'num_tensors': 56}
2026-07-16 21:26:13,603 [INFO]     [14 | right | 1](candidate_pairs: 27/27 | new_swaps: 0 | total: 1) -> {'max_bond': 32, 'max_links': 4, 'total_elems': 14820, 'total_shapes': 882, 'total_links': 222, 'num_tensors': 56}
2026-07-16 21:26:13,713 [INFO]     [15 | both | 0](candidate_pairs: 28/28 | new_swaps: 1 | total: 1) -> {'max_bond': 32, 'max_links': 4, 'total_elems': 13860, 'total_shapes': 858, 'total_links': 222, 'num_tensors': 56}
2026-07-16 21:26:13,820 [INFO]     [15 | both | 1](candidate_pairs: 27/27 | new_swaps: 1 | total: 2) -> {'max_bond': 32, 'max_links': 4, 'total_elems': 12708, 'total_shapes': 842, 'total_links': 222, 'num_tensors': 56}
2026-07-16 21:26:13,873 [INFO]     [15 | left | 0](candidate_pairs: 28/28 | new_swaps: 1 | total: 3) -> {'max_bond': 32, 'max_links': 4, 'total_elems': 10148, 'total_shapes': 810, 'total_links': 222, 'num_tensors': 56}
2026-07-16 21:26:13,923 [INFO]     [15 | left | 1](candidate_pairs: 27/27 | new_swaps: 1 | total: 4) -> {'max_bond': 16, 'max_links': 4, 'total_elems': 8100, 'total_shapes': 778, 'total_links': 222, 'num_tensors': 56}
2026-07-16 21:26:13,969 [INFO]     [15 | right | 0](candidate_pairs: 28/28 | new_swaps: 1 | total: 5) -> {'max_bond': 16, 'max_links': 4, 'total_elems': 7332, 'total_shapes': 762, 'total_links': 222, 'num_tensors': 56}
2026-07-16 21:26:13,994 [INFO]     [15 | right | 1](candidate_pairs: 27/27 | new_swaps: 0 | total: 5) -> {'max_bond': 16, 'max_links': 4, 'total_elems': 7332, 'total_shapes': 762, 'total_links': 222, 'num_tensors': 56}
2026-07-16 21:26:14,048 [INFO]     [16 | both | 0](candidate_pairs: 28/28 | new_swaps: 0 | total: 0) -> {'max_bond': 16, 'max_links': 4, 'total_elems': 7332, 'total_shapes': 762, 'total_links': 222, 'num_tensors': 56}
2026-07-16 21:26:14,099 [INFO]     [16 | both | 1](candidate_pairs: 27/27 | new_swaps: 0 | total: 0) -> {'max_bond': 16, 'max_links': 4, 'total_elems': 7332, 'total_shapes': 762, 'total_links': 222, 'num_tensors': 56}
2026-07-16 21:26:14,126 [INFO]     [16 | left | 0](candidate_pairs: 28/28 | new_swaps: 0 | total: 0) -> {'max_bond': 16, 'max_links': 4, 'total_elems': 7332, 'total_shapes': 762, 'total_links': 222, 'num_tensors': 56}
2026-07-16 21:26:14,152 [INFO]     [16 | left | 1](candidate_pairs: 27/27 | new_swaps: 0 | total: 0) -> {'max_bond': 16, 'max_links': 4, 'total_elems': 7332, 'total_shapes': 762, 'total_links': 222, 'num_tensors': 56}
2026-07-16 21:26:14,178 [INFO]     [16 | right | 0](candidate_pairs: 28/28 | new_swaps: 0 | total: 0) -> {'max_bond': 16, 'max_links': 4, 'total_elems': 7332, 'total_shapes': 762, 'total_links': 222, 'num_tensors': 56}
2026-07-16 21:26:14,203 [INFO]     [16 | right | 1](candidate_pairs: 27/27 | new_swaps: 0 | total: 0) -> {'max_bond': 16, 'max_links': 4, 'total_elems': 7332, 'total_shapes': 762, 'total_links': 222, 'num_tensors': 56}
2026-07-16 21:26:14,204 [INFO]     [end unswap] -> {'max_bond': 16, 'max_links': 4, 'total_elems': 7332, 'total_shapes': 762, 'total_links': 222, 'num_tensors': 56}
2026-07-16 21:26:20,895 [INFO] [start rewire](phase=post_unswap, cycle=23, side=left, layers=1330, trials=50, seed=123, parallel=False, route_candidates=1, route_score=none)
2026-07-16 21:26:22,919 [INFO] [end rewire](phase=post_unswap, cycle=23, side=left, routed_layers=1288, elapsed_s=2.02)
2026-07-16 21:26:22,919 [INFO] [start rewire](phase=post_unswap, cycle=23, side=right, layers=1368, trials=50, seed=123, parallel=False, route_candidates=1, route_score=none)
2026-07-16 21:26:24,665 [INFO] [end rewire](phase=post_unswap, cycle=23, side=right, routed_layers=1317, elapsed_s=1.75)
2026-07-16 21:26:24,940 [INFO] [1L/1286](swap: 5, u: 3 | c_u: 3 | t_u_l: 127/942 | t_u_r: 105/943 | t_u: 232/1885) -> {'max_bond': 16, 'max_links': 4, 'total_elems': 6672, 'total_shapes': 736, 'total_links': 222, 'num_tensors': 56}
2026-07-16 21:26:25,073 [INFO] [1R/1315](swap: 5, u: 2 | c_u: 5 | t_u_l: 127/942 | t_u_r: 107/943 | t_u: 234/1885) -> {'max_bond': 16, 'max_links': 4, 'total_elems': 7784, 'total_shapes': 778, 'total_links': 222, 'num_tensors': 56}
2026-07-16 21:26:25,206 [INFO] [2R/1315](swap: 2, u: 1 | c_u: 6 | t_u_l: 127/942 | t_u_r: 108/943 | t_u: 235/1885) -> {'max_bond': 16, 'max_links': 4, 'total_elems': 8664, 'total_shapes': 798, 'total_links': 222, 'num_tensors': 56}
2026-07-16 21:26:25,337 [INFO] [3R/1315](swap: 4, u: 0 | c_u: 6 | t_u_l: 127/942 | t_u_r: 108/943 | t_u: 235/1885) -> {'max_bond': 16, 'max_links': 4, 'total_elems': 9912, 'total_shapes': 846, 'total_links': 222, 'num_tensors': 56}
2026-07-16 21:26:25,471 [INFO] [4R/1315](swap: 5, u: 0 | c_u: 6 | t_u_l: 127/942 | t_u_r: 108/943 | t_u: 235/1885) -> {'max_bond': 16, 'max_links': 4, 'total_elems': 12024, 'total_shapes': 894, 'total_links': 222, 'num_tensors': 56}
2026-07-16 21:26:25,605 [INFO] [5R/1315](swap: 5, u: 0 | c_u: 6 | t_u_l: 127/942 | t_u_r: 108/943 | t_u: 235/1885) -> {'max_bond': 16, 'max_links': 4, 'total_elems': 13832, 'total_shapes': 938, 'total_links': 222, 'num_tensors': 56}
2026-07-16 21:26:25,741 [INFO] [2L/1286](swap: 8, u: 0 | c_u: 6 | t_u_l: 127/942 | t_u_r: 108/943 | t_u: 235/1885) -> {'max_bond': 32, 'max_links': 4, 'total_elems': 16004, 'total_shapes': 1016, 'total_links': 222, 'num_tensors': 56}
2026-07-16 21:26:25,877 [INFO] [3L/1286](swap: 6, u: 0 | c_u: 6 | t_u_l: 127/942 | t_u_r: 108/943 | t_u: 235/1885) -> {'max_bond': 32, 'max_links': 4, 'total_elems': 19456, 'total_shapes': 1094, 'total_links': 222, 'num_tensors': 56}
2026-07-16 21:26:26,022 [INFO] [4L/1286](swap: 4, u: 1 | c_u: 7 | t_u_l: 128/942 | t_u_r: 108/943 | t_u: 236/1885) -> {'max_bond': 64, 'max_links': 4, 'total_elems': 29440, 'total_shapes': 1262, 'total_links': 222, 'num_tensors': 56}
2026-07-16 21:26:26,174 [INFO] [6R/1315](swap: 4, u: 0 | c_u: 7 | t_u_l: 128/942 | t_u_r: 108/943 | t_u: 236/1885) -> {'max_bond': 64, 'max_links': 4, 'total_elems': 48352, 'total_shapes': 1386, 'total_links': 222, 'num_tensors': 56}
2026-07-16 21:26:26,366 [INFO] [7R/1315](swap: 4, u: 0 | c_u: 7 | t_u_l: 128/942 | t_u_r: 108/943 | t_u: 236/1885) -> {'max_bond': 64, 'max_links': 4, 'total_elems': 50908, 'total_shapes': 1440, 'total_links': 222, 'num_tensors': 56}
2026-07-16 21:26:26,527 [INFO] [8R/1315](swap: 4, u: 0 | c_u: 7 | t_u_l: 128/942 | t_u_r: 108/943 | t_u: 236/1885) -> {'max_bond': 64, 'max_links': 4, 'total_elems': 64216, 'total_shapes': 1614, 'total_links': 222, 'num_tensors': 56}
2026-07-16 21:26:26,709 [INFO] [9R/1315](swap: 5, u: 0 | c_u: 7 | t_u_l: 128/942 | t_u_r: 108/943 | t_u: 236/1885) -> {'max_bond': 64, 'max_links': 4, 'total_elems': 80788, 'total_shapes': 1740, 'total_links': 222, 'num_tensors': 56}
2026-07-16 21:26:26,909 [INFO] [5L/1286](swap: 4, u: 0 | c_u: 7 | t_u_l: 128/942 | t_u_r: 108/943 | t_u: 236/1885) -> {'max_bond': 64, 'max_links': 4, 'total_elems': 107668, 'total_shapes': 1860, 'total_links': 222, 'num_tensors': 56}
2026-07-16 21:26:27,168 [INFO] [6L/1286](swap: 7, u: 0 | c_u: 7 | t_u_l: 128/942 | t_u_r: 108/943 | t_u: 236/1885) -> {'max_bond': 256, 'max_links': 4, 'total_elems': 206292, 'total_shapes': 2236, 'total_links': 222, 'num_tensors': 56}
2026-07-16 21:26:27,590 [INFO] [7L/1286](swap: 9, u: 0 | c_u: 7 | t_u_l: 128/942 | t_u_r: 108/943 | t_u: 236/1885) -> {'max_bond': 256, 'max_links': 4, 'total_elems': 204180, 'total_shapes': 2228, 'total_links': 222, 'num_tensors': 56}
2026-07-16 21:26:28,017 [INFO] [8L/1286](swap: 8, u: 0 | c_u: 7 | t_u_l: 128/942 | t_u_r: 108/943 | t_u: 236/1885) -> {'max_bond': 64, 'max_links': 4, 'total_elems': 106132, 'total_shapes': 1828, 'total_links': 222, 'num_tensors': 56}
2026-07-16 21:26:28,275 [INFO] [9L/1286](swap: 5, u: 1 | c_u: 8 | t_u_l: 129/942 | t_u_r: 108/943 | t_u: 237/1885) -> {'max_bond': 128, 'max_links': 4, 'total_elems': 107444, 'total_shapes': 1910, 'total_links': 222, 'num_tensors': 56}
2026-07-16 21:26:28,518 [INFO] [10L/1286](swap: 7, u: 0 | c_u: 8 | t_u_l: 129/942 | t_u_r: 108/943 | t_u: 237/1885) -> {'max_bond': 128, 'max_links': 4, 'total_elems': 96120, 'total_shapes': 1936, 'total_links': 222, 'num_tensors': 56}
2026-07-16 21:26:28,740 [INFO] [10R/1315](swap: 5, u: 0 | c_u: 8 | t_u_l: 129/942 | t_u_r: 108/943 | t_u: 237/1885) -> {'max_bond': 128, 'max_links': 4, 'total_elems': 119220, 'total_shapes': 2126, 'total_links': 222, 'num_tensors': 56}
2026-07-16 21:26:28,999 [INFO] [11L/1286](swap: 7, u: 0 | c_u: 8 | t_u_l: 129/942 | t_u_r: 108/943 | t_u: 237/1885) -> {'max_bond': 128, 'max_links': 4, 'total_elems': 147384, 'total_shapes': 2382, 'total_links': 222, 'num_tensors': 56}
2026-07-16 21:26:29,301 [INFO] [12L/1286](swap: 7, u: 1 | c_u: 9 | t_u_l: 130/942 | t_u_r: 108/943 | t_u: 238/1885) -> {'max_bond': 128, 'max_links': 4, 'total_elems': 210524, 'total_shapes': 2698, 'total_links': 222, 'num_tensors': 56}
2026-07-16 21:26:29,628 [INFO] [11R/1315](swap: 6, u: 0 | c_u: 9 | t_u_l: 130/942 | t_u_r: 108/943 | t_u: 238/1885) -> {'max_bond': 128, 'max_links': 4, 'total_elems': 255448, 'total_shapes': 2942, 'total_links': 222, 'num_tensors': 56}
2026-07-16 21:26:29,990 [INFO] [12R/1315](swap: 5, u: 1 | c_u: 10 | t_u_l: 130/942 | t_u_r: 109/943 | t_u: 239/1885) -> {'max_bond': 128, 'max_links': 4, 'total_elems': 301396, 'total_shapes': 3170, 'total_links': 222, 'num_tensors': 56}
2026-07-16 21:26:30,467 [INFO] [13L/1286](swap: 8, u: 0 | c_u: 10 | t_u_l: 130/942 | t_u_r: 109/943 | t_u: 239/1885) -> {'max_bond': 256, 'max_links': 4, 'total_elems': 476848, 'total_shapes': 3846, 'total_links': 222, 'num_tensors': 56}
2026-07-16 21:26:31,263 [INFO]     [start unswap] -> {'max_bond': 256, 'max_links': 4, 'total_elems': 476848, 'total_shapes': 3846, 'total_links': 222, 'num_tensors': 56}
2026-07-16 21:26:34,640 [INFO]     [0 | both | 0](candidate_pairs: 28/28 | new_swaps: 3 | total: 3) -> {'max_bond': 256, 'max_links': 4, 'total_elems': 549684, 'total_shapes': 3952, 'total_links': 222, 'num_tensors': 56}
2026-07-16 21:26:36,231 [INFO]     [0 | both | 1](candidate_pairs: 27/27 | new_swaps: 4 | total: 7) -> {'max_bond': 128, 'max_links': 4, 'total_elems': 266580, 'total_shapes': 2994, 'total_links': 222, 'num_tensors': 56}
2026-07-16 21:26:36,627 [INFO]     [0 | left | 0](candidate_pairs: 28/28 | new_swaps: 13 | total: 20) -> {'max_bond': 64, 'max_links': 4, 'total_elems': 142244, 'total_shapes': 2318, 'total_links': 222, 'num_tensors': 56}
2026-07-16 21:26:36,888 [INFO]     [0 | left | 1](candidate_pairs: 27/27 | new_swaps: 10 | total: 30) -> {'max_bond': 64, 'max_links': 4, 'total_elems': 75444, 'total_shapes': 1770, 'total_links': 222, 'num_tensors': 56}
2026-07-16 21:26:37,022 [INFO]     [0 | right | 0](candidate_pairs: 28/28 | new_swaps: 4 | total: 34) -> {'max_bond': 32, 'max_links': 4, 'total_elems': 60920, 'total_shapes': 1596, 'total_links': 222, 'num_tensors': 56}
2026-07-16 21:26:37,146 [INFO]     [0 | right | 1](candidate_pairs: 27/27 | new_swaps: 2 | total: 36) -> {'max_bond': 32, 'max_links': 4, 'total_elems': 57788, 'total_shapes': 1558, 'total_links': 222, 'num_tensors': 56}
2026-07-16 21:26:37,361 [INFO]     [1 | both | 0](candidate_pairs: 28/28 | new_swaps: 2 | total: 2) -> {'max_bond': 32, 'max_links': 4, 'total_elems': 50876, 'total_shapes': 1462, 'total_links': 222, 'num_tensors': 56}
2026-07-16 21:26:37,596 [INFO]     [1 | both | 1](candidate_pairs: 27/27 | new_swaps: 6 | total: 8) -> {'max_bond': 32, 'max_links': 4, 'total_elems': 41408, 'total_shapes': 1320, 'total_links': 222, 'num_tensors': 56}
2026-07-16 21:26:37,691 [INFO]     [1 | left | 0](candidate_pairs: 28/28 | new_swaps: 3 | total: 11) -> {'max_bond': 32, 'max_links': 4, 'total_elems': 35456, 'total_shapes': 1216, 'total_links': 222, 'num_tensors': 56}
2026-07-16 21:26:37,744 [INFO]     [1 | left | 1](candidate_pairs: 27/27 | new_swaps: 0 | total: 11) -> {'max_bond': 32, 'max_links': 4, 'total_elems': 35456, 'total_shapes': 1216, 'total_links': 222, 'num_tensors': 56}
2026-07-16 21:26:37,796 [INFO]     [1 | right | 0](candidate_pairs: 28/28 | new_swaps: 0 | total: 11) -> {'max_bond': 32, 'max_links': 4, 'total_elems': 35456, 'total_shapes': 1216, 'total_links': 222, 'num_tensors': 56}
2026-07-16 21:26:37,849 [INFO]     [1 | right | 1](candidate_pairs: 27/27 | new_swaps: 0 | total: 11) -> {'max_bond': 32, 'max_links': 4, 'total_elems': 35456, 'total_shapes': 1216, 'total_links': 222, 'num_tensors': 56}
2026-07-16 21:26:38,021 [INFO]     [2 | both | 0](candidate_pairs: 28/28 | new_swaps: 4 | total: 4) -> {'max_bond': 32, 'max_links': 4, 'total_elems': 33800, 'total_shapes': 1172, 'total_links': 222, 'num_tensors': 56}
2026-07-16 21:26:38,198 [INFO]     [2 | both | 1](candidate_pairs: 27/27 | new_swaps: 3 | total: 7) -> {'max_bond': 32, 'max_links': 4, 'total_elems': 29708, 'total_shapes': 1110, 'total_links': 222, 'num_tensors': 56}
2026-07-16 21:26:38,269 [INFO]     [2 | left | 0](candidate_pairs: 28/28 | new_swaps: 1 | total: 8) -> {'max_bond': 32, 'max_links': 4, 'total_elems': 25868, 'total_shapes': 1062, 'total_links': 222, 'num_tensors': 56}
2026-07-16 21:26:38,351 [INFO]     [2 | left | 1](candidate_pairs: 27/27 | new_swaps: 2 | total: 10) -> {'max_bond': 32, 'max_links': 4, 'total_elems': 22796, 'total_shapes': 1014, 'total_links': 222, 'num_tensors': 56}
2026-07-16 21:26:38,391 [INFO]     [2 | right | 0](candidate_pairs: 28/28 | new_swaps: 0 | total: 10) -> {'max_bond': 32, 'max_links': 4, 'total_elems': 22796, 'total_shapes': 1014, 'total_links': 222, 'num_tensors': 56}
2026-07-16 21:26:38,456 [INFO]     [2 | right | 1](candidate_pairs: 27/27 | new_swaps: 1 | total: 11) -> {'max_bond': 32, 'max_links': 4, 'total_elems': 21516, 'total_shapes': 998, 'total_links': 222, 'num_tensors': 56}
2026-07-16 21:26:38,591 [INFO]     [3 | both | 0](candidate_pairs: 28/28 | new_swaps: 3 | total: 3) -> {'max_bond': 32, 'max_links': 4, 'total_elems': 18576, 'total_shapes': 928, 'total_links': 222, 'num_tensors': 56}
2026-07-16 21:26:38,717 [INFO]     [3 | both | 1](candidate_pairs: 27/27 | new_swaps: 2 | total: 5) -> {'max_bond': 32, 'max_links': 4, 'total_elems': 18324, 'total_shapes': 914, 'total_links': 222, 'num_tensors': 56}
2026-07-16 21:26:38,754 [INFO]     [3 | left | 0](candidate_pairs: 28/28 | new_swaps: 0 | total: 5) -> {'max_bond': 32, 'max_links': 4, 'total_elems': 18324, 'total_shapes': 914, 'total_links': 222, 'num_tensors': 56}
2026-07-16 21:26:38,791 [INFO]     [3 | left | 1](candidate_pairs: 27/27 | new_swaps: 0 | total: 5) -> {'max_bond': 32, 'max_links': 4, 'total_elems': 18324, 'total_shapes': 914, 'total_links': 222, 'num_tensors': 56}
2026-07-16 21:26:38,828 [INFO]     [3 | right | 0](candidate_pairs: 28/28 | new_swaps: 0 | total: 5) -> {'max_bond': 32, 'max_links': 4, 'total_elems': 18324, 'total_shapes': 914, 'total_links': 222, 'num_tensors': 56}
2026-07-16 21:26:38,887 [INFO]     [3 | right | 1](candidate_pairs: 27/27 | new_swaps: 1 | total: 6) -> {'max_bond': 32, 'max_links': 4, 'total_elems': 17364, 'total_shapes': 890, 'total_links': 222, 'num_tensors': 56}
2026-07-16 21:26:39,014 [INFO]     [4 | both | 0](candidate_pairs: 28/28 | new_swaps: 3 | total: 3) -> {'max_bond': 32, 'max_links': 4, 'total_elems': 16152, 'total_shapes': 852, 'total_links': 222, 'num_tensors': 56}
2026-07-16 21:26:39,143 [INFO]     [4 | both | 1](candidate_pairs: 27/27 | new_swaps: 2 | total: 5) -> {'max_bond': 32, 'max_links': 4, 'total_elems': 15000, 'total_shapes': 820, 'total_links': 222, 'num_tensors': 56}
2026-07-16 21:26:39,198 [INFO]     [4 | left | 0](candidate_pairs: 28/28 | new_swaps: 1 | total: 6) -> {'max_bond': 32, 'max_links': 4, 'total_elems': 14040, 'total_shapes': 796, 'total_links': 222, 'num_tensors': 56}
2026-07-16 21:26:39,231 [INFO]     [4 | left | 1](candidate_pairs: 27/27 | new_swaps: 0 | total: 6) -> {'max_bond': 32, 'max_links': 4, 'total_elems': 14040, 'total_shapes': 796, 'total_links': 222, 'num_tensors': 56}
2026-07-16 21:26:39,263 [INFO]     [4 | right | 0](candidate_pairs: 28/28 | new_swaps: 0 | total: 6) -> {'max_bond': 32, 'max_links': 4, 'total_elems': 14040, 'total_shapes': 796, 'total_links': 222, 'num_tensors': 56}
2026-07-16 21:26:39,316 [INFO]     [4 | right | 1](candidate_pairs: 27/27 | new_swaps: 1 | total: 7) -> {'max_bond': 32, 'max_links': 4, 'total_elems': 14000, 'total_shapes': 792, 'total_links': 222, 'num_tensors': 56}
2026-07-16 21:26:39,437 [INFO]     [5 | both | 0](candidate_pairs: 28/28 | new_swaps: 2 | total: 2) -> {'max_bond': 32, 'max_links': 4, 'total_elems': 13760, 'total_shapes': 780, 'total_links': 222, 'num_tensors': 56}
2026-07-16 21:26:39,557 [INFO]     [5 | both | 1](candidate_pairs: 27/27 | new_swaps: 3 | total: 5) -> {'max_bond': 32, 'max_links': 4, 'total_elems': 12740, 'total_shapes': 750, 'total_links': 222, 'num_tensors': 56}
2026-07-16 21:26:39,588 [INFO]     [5 | left | 0](candidate_pairs: 28/28 | new_swaps: 0 | total: 5) -> {'max_bond': 32, 'max_links': 4, 'total_elems': 12740, 'total_shapes': 750, 'total_links': 222, 'num_tensors': 56}
2026-07-16 21:26:39,620 [INFO]     [5 | left | 1](candidate_pairs: 27/27 | new_swaps: 0 | total: 5) -> {'max_bond': 32, 'max_links': 4, 'total_elems': 12740, 'total_shapes': 750, 'total_links': 222, 'num_tensors': 56}
2026-07-16 21:26:39,672 [INFO]     [5 | right | 0](candidate_pairs: 28/28 | new_swaps: 1 | total: 6) -> {'max_bond': 32, 'max_links': 4, 'total_elems': 12100, 'total_shapes': 734, 'total_links': 222, 'num_tensors': 56}
2026-07-16 21:26:39,724 [INFO]     [5 | right | 1](candidate_pairs: 27/27 | new_swaps: 1 | total: 7) -> {'max_bond': 32, 'max_links': 4, 'total_elems': 10820, 'total_shapes': 718, 'total_links': 222, 'num_tensors': 56}
2026-07-16 21:26:39,836 [INFO]     [6 | both | 0](candidate_pairs: 28/28 | new_swaps: 2 | total: 2) -> {'max_bond': 32, 'max_links': 4, 'total_elems': 8248, 'total_shapes': 684, 'total_links': 222, 'num_tensors': 56}
2026-07-16 21:26:39,889 [INFO]     [6 | both | 1](candidate_pairs: 27/27 | new_swaps: 0 | total: 2) -> {'max_bond': 32, 'max_links': 4, 'total_elems': 8248, 'total_shapes': 684, 'total_links': 222, 'num_tensors': 56}
2026-07-16 21:26:39,916 [INFO]     [6 | left | 0](candidate_pairs: 28/28 | new_swaps: 0 | total: 2) -> {'max_bond': 32, 'max_links': 4, 'total_elems': 8248, 'total_shapes': 684, 'total_links': 222, 'num_tensors': 56}
2026-07-16 21:26:39,943 [INFO]     [6 | left | 1](candidate_pairs: 27/27 | new_swaps: 0 | total: 2) -> {'max_bond': 32, 'max_links': 4, 'total_elems': 8248, 'total_shapes': 684, 'total_links': 222, 'num_tensors': 56}
2026-07-16 21:26:39,970 [INFO]     [6 | right | 0](candidate_pairs: 28/28 | new_swaps: 0 | total: 2) -> {'max_bond': 32, 'max_links': 4, 'total_elems': 8248, 'total_shapes': 684, 'total_links': 222, 'num_tensors': 56}
2026-07-16 21:26:39,997 [INFO]     [6 | right | 1](candidate_pairs: 27/27 | new_swaps: 0 | total: 2) -> {'max_bond': 32, 'max_links': 4, 'total_elems': 8248, 'total_shapes': 684, 'total_links': 222, 'num_tensors': 56}
2026-07-16 21:26:40,049 [INFO]     [7 | both | 0](candidate_pairs: 28/28 | new_swaps: 0 | total: 0) -> {'max_bond': 32, 'max_links': 4, 'total_elems': 8248, 'total_shapes': 684, 'total_links': 222, 'num_tensors': 56}
2026-07-16 21:26:40,101 [INFO]     [7 | both | 1](candidate_pairs: 27/27 | new_swaps: 0 | total: 0) -> {'max_bond': 32, 'max_links': 4, 'total_elems': 8248, 'total_shapes': 684, 'total_links': 222, 'num_tensors': 56}
2026-07-16 21:26:40,128 [INFO]     [7 | left | 0](candidate_pairs: 28/28 | new_swaps: 0 | total: 0) -> {'max_bond': 32, 'max_links': 4, 'total_elems': 8248, 'total_shapes': 684, 'total_links': 222, 'num_tensors': 56}
2026-07-16 21:26:40,154 [INFO]     [7 | left | 1](candidate_pairs: 27/27 | new_swaps: 0 | total: 0) -> {'max_bond': 32, 'max_links': 4, 'total_elems': 8248, 'total_shapes': 684, 'total_links': 222, 'num_tensors': 56}
2026-07-16 21:26:40,181 [INFO]     [7 | right | 0](candidate_pairs: 28/28 | new_swaps: 0 | total: 0) -> {'max_bond': 32, 'max_links': 4, 'total_elems': 8248, 'total_shapes': 684, 'total_links': 222, 'num_tensors': 56}
2026-07-16 21:26:40,207 [INFO]     [7 | right | 1](candidate_pairs: 27/27 | new_swaps: 0 | total: 0) -> {'max_bond': 32, 'max_links': 4, 'total_elems': 8248, 'total_shapes': 684, 'total_links': 222, 'num_tensors': 56}
2026-07-16 21:26:40,208 [INFO]     [end unswap] -> {'max_bond': 32, 'max_links': 4, 'total_elems': 8248, 'total_shapes': 684, 'total_links': 222, 'num_tensors': 56}
2026-07-16 21:26:43,611 [INFO] [start rewire](phase=post_unswap, cycle=24, side=left, layers=1275, trials=50, seed=123, parallel=False, route_candidates=1, route_score=none)
2026-07-16 21:26:45,716 [INFO] [end rewire](phase=post_unswap, cycle=24, side=left, routed_layers=1365, elapsed_s=2.10)
2026-07-16 21:26:45,716 [INFO] [start rewire](phase=post_unswap, cycle=24, side=right, layers=1305, trials=50, seed=123, parallel=False, route_candidates=1, route_score=none)
2026-07-16 21:26:46,839 [INFO] [end rewire](phase=post_unswap, cycle=24, side=right, routed_layers=1223, elapsed_s=1.12)
2026-07-16 21:26:47,117 [INFO] [1L/1363](swap: 15, u: 0 | c_u: 0 | t_u_l: 130/942 | t_u_r: 109/943 | t_u: 239/1885) -> {'max_bond': 32, 'max_links': 4, 'total_elems': 8248, 'total_shapes': 684, 'total_links': 222, 'num_tensors': 56}
2026-07-16 21:26:47,256 [INFO] [2L/1363](swap: 10, u: 0 | c_u: 0 | t_u_l: 130/942 | t_u_r: 109/943 | t_u: 239/1885) -> {'max_bond': 32, 'max_links': 4, 'total_elems': 11896, 'total_shapes': 856, 'total_links': 222, 'num_tensors': 56}
2026-07-16 21:26:47,397 [INFO] [1R/1221](swap: 7, u: 0 | c_u: 0 | t_u_l: 130/942 | t_u_r: 109/943 | t_u: 239/1885) -> {'max_bond': 32, 'max_links': 4, 'total_elems': 13988, 'total_shapes': 868, 'total_links': 222, 'num_tensors': 56}
2026-07-16 21:26:48,387 [INFO] [2R/1221](swap: 7, u: 0 | c_u: 0 | t_u_l: 130/942 | t_u_r: 109/943 | t_u: 239/1885) -> {'max_bond': 32, 'max_links': 4, 'total_elems': 20776, 'total_shapes': 1030, 'total_links': 222, 'num_tensors': 56}
2026-07-16 21:26:48,536 [INFO] [3L/1363](swap: 12, u: 0 | c_u: 0 | t_u_l: 130/942 | t_u_r: 109/943 | t_u: 239/1885) -> {'max_bond': 64, 'max_links': 4, 'total_elems': 25928, 'total_shapes': 1058, 'total_links': 222, 'num_tensors': 56}
2026-07-16 21:26:48,693 [INFO] [3R/1221](swap: 6, u: 1 | c_u: 1 | t_u_l: 130/942 | t_u_r: 110/943 | t_u: 240/1885) -> {'max_bond': 64, 'max_links': 4, 'total_elems': 37264, 'total_shapes': 1258, 'total_links': 222, 'num_tensors': 56}
2026-07-16 21:26:48,877 [INFO] [4R/1221](swap: 6, u: 0 | c_u: 1 | t_u_l: 130/942 | t_u_r: 110/943 | t_u: 240/1885) -> {'max_bond': 64, 'max_links': 4, 'total_elems': 45100, 'total_shapes': 1366, 'total_links': 222, 'num_tensors': 56}
2026-07-16 21:26:49,066 [INFO] [5R/1221](swap: 6, u: 0 | c_u: 1 | t_u_l: 130/942 | t_u_r: 110/943 | t_u: 240/1885) -> {'max_bond': 64, 'max_links': 4, 'total_elems': 57448, 'total_shapes': 1484, 'total_links': 222, 'num_tensors': 56}
2026-07-16 21:26:49,272 [INFO] [6R/1221](swap: 5, u: 0 | c_u: 1 | t_u_l: 130/942 | t_u_r: 110/943 | t_u: 240/1885) -> {'max_bond': 64, 'max_links': 4, 'total_elems': 66660, 'total_shapes': 1578, 'total_links': 222, 'num_tensors': 56}
2026-07-16 21:26:49,494 [INFO] [7R/1221](swap: 5, u: 0 | c_u: 1 | t_u_l: 130/942 | t_u_r: 110/943 | t_u: 240/1885) -> {'max_bond': 64, 'max_links': 4, 'total_elems': 85376, 'total_shapes': 1694, 'total_links': 222, 'num_tensors': 56}
2026-07-16 21:26:49,728 [INFO] [8R/1221](swap: 5, u: 0 | c_u: 1 | t_u_l: 130/942 | t_u_r: 110/943 | t_u: 240/1885) -> {'max_bond': 64, 'max_links': 4, 'total_elems': 95612, 'total_shapes': 1820, 'total_links': 222, 'num_tensors': 56}
2026-07-16 21:26:49,970 [INFO] [9R/1221](swap: 5, u: 0 | c_u: 1 | t_u_l: 130/942 | t_u_r: 110/943 | t_u: 240/1885) -> {'max_bond': 64, 'max_links': 4, 'total_elems': 122652, 'total_shapes': 2034, 'total_links': 222, 'num_tensors': 56}
2026-07-16 21:26:50,239 [INFO] [4L/1363](swap: 11, u: 2 | c_u: 3 | t_u_l: 132/942 | t_u_r: 110/943 | t_u: 242/1885) -> {'max_bond': 128, 'max_links': 4, 'total_elems': 153884, 'total_shapes': 2194, 'total_links': 222, 'num_tensors': 56}
2026-07-16 21:26:50,535 [INFO] [10R/1221](swap: 5, u: 0 | c_u: 3 | t_u_l: 132/942 | t_u_r: 110/943 | t_u: 242/1885) -> {'max_bond': 128, 'max_links': 4, 'total_elems': 186908, 'total_shapes': 2458, 'total_links': 222, 'num_tensors': 56}
2026-07-16 21:26:50,860 [INFO] [11R/1221](swap: 5, u: 0 | c_u: 3 | t_u_l: 132/942 | t_u_r: 110/943 | t_u: 242/1885) -> {'max_bond': 128, 'max_links': 4, 'total_elems': 223196, 'total_shapes': 2698, 'total_links': 222, 'num_tensors': 56}
2026-07-16 21:26:51,231 [INFO] [12R/1221](swap: 5, u: 0 | c_u: 3 | t_u_l: 132/942 | t_u_r: 110/943 | t_u: 242/1885) -> {'max_bond': 128, 'max_links': 4, 'total_elems': 258008, 'total_shapes': 2984, 'total_links': 222, 'num_tensors': 56}
2026-07-16 21:26:51,642 [INFO] [13R/1221](swap: 4, u: 1 | c_u: 4 | t_u_l: 132/942 | t_u_r: 111/943 | t_u: 243/1885) -> {'max_bond': 128, 'max_links': 4, 'total_elems': 306104, 'total_shapes': 3266, 'total_links': 222, 'num_tensors': 56}
2026-07-16 21:26:52,091 [INFO] [14R/1221](swap: 4, u: 0 | c_u: 4 | t_u_l: 132/942 | t_u_r: 111/943 | t_u: 243/1885) -> {'max_bond': 128, 'max_links': 4, 'total_elems': 347000, 'total_shapes': 3482, 'total_links': 222, 'num_tensors': 56}
2026-07-16 21:26:52,622 [INFO] [5L/1363](swap: 9, u: 1 | c_u: 5 | t_u_l: 133/942 | t_u_r: 111/943 | t_u: 244/1885) -> {'max_bond': 128, 'max_links': 4, 'total_elems': 454648, 'total_shapes': 3850, 'total_links': 222, 'num_tensors': 56}
2026-07-16 21:26:53,233 [INFO]     [start unswap] -> {'max_bond': 128, 'max_links': 4, 'total_elems': 454648, 'total_shapes': 3850, 'total_links': 222, 'num_tensors': 56}
2026-07-16 21:26:56,042 [INFO]     [0 | both | 0](candidate_pairs: 28/28 | new_swaps: 8 | total: 8) -> {'max_bond': 128, 'max_links': 4, 'total_elems': 479192, 'total_shapes': 3722, 'total_links': 222, 'num_tensors': 56}
2026-07-16 21:26:57,598 [INFO]     [0 | both | 1](candidate_pairs: 27/27 | new_swaps: 7 | total: 15) -> {'max_bond': 128, 'max_links': 4, 'total_elems': 286232, 'total_shapes': 2842, 'total_links': 222, 'num_tensors': 56}
2026-07-16 21:26:58,032 [INFO]     [0 | left | 0](candidate_pairs: 28/28 | new_swaps: 12 | total: 27) -> {'max_bond': 128, 'max_links': 4, 'total_elems': 206784, 'total_shapes': 2330, 'total_links': 222, 'num_tensors': 56}
2026-07-16 21:26:58,424 [INFO]     [0 | left | 1](candidate_pairs: 27/27 | new_swaps: 11 | total: 38) -> {'max_bond': 128, 'max_links': 4, 'total_elems': 134540, 'total_shapes': 1994, 'total_links': 222, 'num_tensors': 56}
2026-07-16 21:26:58,636 [INFO]     [0 | right | 0](candidate_pairs: 28/28 | new_swaps: 5 | total: 43) -> {'max_bond': 64, 'max_links': 4, 'total_elems': 105692, 'total_shapes': 1780, 'total_links': 222, 'num_tensors': 56}
2026-07-16 21:26:58,836 [INFO]     [0 | right | 1](candidate_pairs: 27/27 | new_swaps: 4 | total: 47) -> {'max_bond': 64, 'max_links': 4, 'total_elems': 102700, 'total_shapes': 1710, 'total_links': 222, 'num_tensors': 56}
2026-07-16 21:26:59,242 [INFO]     [1 | both | 0](candidate_pairs: 28/28 | new_swaps: 10 | total: 10) -> {'max_bond': 64, 'max_links': 4, 'total_elems': 57464, 'total_shapes': 1368, 'total_links': 222, 'num_tensors': 56}
2026-07-16 21:26:59,492 [INFO]     [1 | both | 1](candidate_pairs: 27/27 | new_swaps: 8 | total: 18) -> {'max_bond': 36, 'max_links': 4, 'total_elems': 36376, 'total_shapes': 1134, 'total_links': 222, 'num_tensors': 56}
2026-07-16 21:26:59,583 [INFO]     [1 | left | 0](candidate_pairs: 28/28 | new_swaps: 2 | total: 20) -> {'max_bond': 32, 'max_links': 4, 'total_elems': 34512, 'total_shapes': 1106, 'total_links': 222, 'num_tensors': 56}
2026-07-16 21:26:59,679 [INFO]     [1 | left | 1](candidate_pairs: 27/27 | new_swaps: 3 | total: 23) -> {'max_bond': 32, 'max_links': 4, 'total_elems': 33612, 'total_shapes': 1078, 'total_links': 222, 'num_tensors': 56}
2026-07-16 21:26:59,729 [INFO]     [1 | right | 0](candidate_pairs: 28/28 | new_swaps: 0 | total: 23) -> {'max_bond': 32, 'max_links': 4, 'total_elems': 33612, 'total_shapes': 1078, 'total_links': 222, 'num_tensors': 56}
2026-07-16 21:26:59,811 [INFO]     [1 | right | 1](candidate_pairs: 27/27 | new_swaps: 1 | total: 24) -> {'max_bond': 32, 'max_links': 4, 'total_elems': 33516, 'total_shapes': 1072, 'total_links': 222, 'num_tensors': 56}
2026-07-16 21:26:59,989 [INFO]     [2 | both | 0](candidate_pairs: 28/28 | new_swaps: 4 | total: 4) -> {'max_bond': 32, 'max_links': 4, 'total_elems': 32664, 'total_shapes': 1046, 'total_links': 222, 'num_tensors': 56}
2026-07-16 21:27:00,106 [INFO]     [2 | both | 1](candidate_pairs: 27/27 | new_swaps: 0 | total: 4) -> {'max_bond': 32, 'max_links': 4, 'total_elems': 32664, 'total_shapes': 1046, 'total_links': 222, 'num_tensors': 56}
2026-07-16 21:27:00,182 [INFO]     [2 | left | 0](candidate_pairs: 28/28 | new_swaps: 2 | total: 6) -> {'max_bond': 32, 'max_links': 4, 'total_elems': 32580, 'total_shapes': 1034, 'total_links': 222, 'num_tensors': 56}
2026-07-16 21:27:00,263 [INFO]     [2 | left | 1](candidate_pairs: 27/27 | new_swaps: 1 | total: 7) -> {'max_bond': 32, 'max_links': 4, 'total_elems': 32520, 'total_shapes': 1028, 'total_links': 222, 'num_tensors': 56}
2026-07-16 21:27:00,338 [INFO]     [2 | right | 0](candidate_pairs: 28/28 | new_swaps: 1 | total: 8) -> {'max_bond': 32, 'max_links': 4, 'total_elems': 32496, 'total_shapes': 1022, 'total_links': 222, 'num_tensors': 56}
2026-07-16 21:27:00,418 [INFO]     [2 | right | 1](candidate_pairs: 27/27 | new_swaps: 1 | total: 9) -> {'max_bond': 32, 'max_links': 4, 'total_elems': 31728, 'total_shapes': 1006, 'total_links': 222, 'num_tensors': 56}
2026-07-16 21:27:00,528 [INFO]     [3 | both | 0](candidate_pairs: 28/28 | new_swaps: 0 | total: 0) -> {'max_bond': 32, 'max_links': 4, 'total_elems': 31728, 'total_shapes': 1006, 'total_links': 222, 'num_tensors': 56}
2026-07-16 21:27:00,694 [INFO]     [3 | both | 1](candidate_pairs: 27/27 | new_swaps: 1 | total: 1) -> {'max_bond': 32, 'max_links': 4, 'total_elems': 31656, 'total_shapes': 1002, 'total_links': 222, 'num_tensors': 56}
2026-07-16 21:27:00,769 [INFO]     [3 | left | 0](candidate_pairs: 28/28 | new_swaps: 1 | total: 2) -> {'max_bond': 32, 'max_links': 4, 'total_elems': 31496, 'total_shapes': 994, 'total_links': 222, 'num_tensors': 56}
2026-07-16 21:27:00,828 [INFO]     [3 | left | 1](candidate_pairs: 27/27 | new_swaps: 0 | total: 2) -> {'max_bond': 32, 'max_links': 4, 'total_elems': 31496, 'total_shapes': 994, 'total_links': 222, 'num_tensors': 56}
2026-07-16 21:27:00,914 [INFO]     [3 | right | 0](candidate_pairs: 28/28 | new_swaps: 2 | total: 4) -> {'max_bond': 32, 'max_links': 4, 'total_elems': 30264, 'total_shapes': 966, 'total_links': 222, 'num_tensors': 56}
2026-07-16 21:27:00,989 [INFO]     [3 | right | 1](candidate_pairs: 27/27 | new_swaps: 1 | total: 5) -> {'max_bond': 32, 'max_links': 4, 'total_elems': 30104, 'total_shapes': 958, 'total_links': 222, 'num_tensors': 56}
2026-07-16 21:27:01,147 [INFO]     [4 | both | 0](candidate_pairs: 28/28 | new_swaps: 1 | total: 1) -> {'max_bond': 32, 'max_links': 4, 'total_elems': 29912, 'total_shapes': 950, 'total_links': 222, 'num_tensors': 56}
2026-07-16 21:27:01,320 [INFO]     [4 | both | 1](candidate_pairs: 27/27 | new_swaps: 2 | total: 3) -> {'max_bond': 32, 'max_links': 4, 'total_elems': 28712, 'total_shapes': 930, 'total_links': 222, 'num_tensors': 56}
2026-07-16 21:27:01,393 [INFO]     [4 | left | 0](candidate_pairs: 28/28 | new_swaps: 1 | total: 4) -> {'max_bond': 32, 'max_links': 4, 'total_elems': 26152, 'total_shapes': 898, 'total_links': 222, 'num_tensors': 56}
2026-07-16 21:27:01,463 [INFO]     [4 | left | 1](candidate_pairs: 27/27 | new_swaps: 1 | total: 5) -> {'max_bond': 32, 'max_links': 4, 'total_elems': 25960, 'total_shapes': 890, 'total_links': 222, 'num_tensors': 56}
2026-07-16 21:27:01,532 [INFO]     [4 | right | 0](candidate_pairs: 28/28 | new_swaps: 1 | total: 6) -> {'max_bond': 32, 'max_links': 4, 'total_elems': 24680, 'total_shapes': 874, 'total_links': 222, 'num_tensors': 56}
2026-07-16 21:27:01,575 [INFO]     [4 | right | 1](candidate_pairs: 27/27 | new_swaps: 0 | total: 6) -> {'max_bond': 32, 'max_links': 4, 'total_elems': 24680, 'total_shapes': 874, 'total_links': 222, 'num_tensors': 56}
2026-07-16 21:27:01,732 [INFO]     [5 | both | 0](candidate_pairs: 28/28 | new_swaps: 2 | total: 2) -> {'max_bond': 32, 'max_links': 4, 'total_elems': 24440, 'total_shapes': 862, 'total_links': 222, 'num_tensors': 56}
2026-07-16 21:27:01,884 [INFO]     [5 | both | 1](candidate_pairs: 27/27 | new_swaps: 3 | total: 5) -> {'max_bond': 32, 'max_links': 4, 'total_elems': 20360, 'total_shapes': 802, 'total_links': 222, 'num_tensors': 56}
2026-07-16 21:27:01,947 [INFO]     [5 | left | 0](candidate_pairs: 28/28 | new_swaps: 1 | total: 6) -> {'max_bond': 32, 'max_links': 4, 'total_elems': 17800, 'total_shapes': 770, 'total_links': 222, 'num_tensors': 56}
2026-07-16 21:27:01,985 [INFO]     [5 | left | 1](candidate_pairs: 27/27 | new_swaps: 0 | total: 6) -> {'max_bond': 32, 'max_links': 4, 'total_elems': 17800, 'total_shapes': 770, 'total_links': 222, 'num_tensors': 56}
2026-07-16 21:27:02,019 [INFO]     [5 | right | 0](candidate_pairs: 28/28 | new_swaps: 0 | total: 6) -> {'max_bond': 32, 'max_links': 4, 'total_elems': 17800, 'total_shapes': 770, 'total_links': 222, 'num_tensors': 56}
2026-07-16 21:27:02,057 [INFO]     [5 | right | 1](candidate_pairs: 27/27 | new_swaps: 0 | total: 6) -> {'max_bond': 32, 'max_links': 4, 'total_elems': 17800, 'total_shapes': 770, 'total_links': 222, 'num_tensors': 56}
2026-07-16 21:27:02,194 [INFO]     [6 | both | 0](candidate_pairs: 28/28 | new_swaps: 2 | total: 2) -> {'max_bond': 32, 'max_links': 4, 'total_elems': 17560, 'total_shapes': 758, 'total_links': 222, 'num_tensors': 56}
2026-07-16 21:27:02,330 [INFO]     [6 | both | 1](candidate_pairs: 27/27 | new_swaps: 2 | total: 4) -> {'max_bond': 32, 'max_links': 4, 'total_elems': 17320, 'total_shapes': 742, 'total_links': 222, 'num_tensors': 56}
2026-07-16 21:27:02,366 [INFO]     [6 | left | 0](candidate_pairs: 28/28 | new_swaps: 0 | total: 4) -> {'max_bond': 32, 'max_links': 4, 'total_elems': 17320, 'total_shapes': 742, 'total_links': 222, 'num_tensors': 56}
2026-07-16 21:27:02,404 [INFO]     [6 | left | 1](candidate_pairs: 27/27 | new_swaps: 0 | total: 4) -> {'max_bond': 32, 'max_links': 4, 'total_elems': 17320, 'total_shapes': 742, 'total_links': 222, 'num_tensors': 56}
2026-07-16 21:27:02,438 [INFO]     [6 | right | 0](candidate_pairs: 28/28 | new_swaps: 0 | total: 4) -> {'max_bond': 32, 'max_links': 4, 'total_elems': 17320, 'total_shapes': 742, 'total_links': 222, 'num_tensors': 56}
2026-07-16 21:27:02,476 [INFO]     [6 | right | 1](candidate_pairs: 27/27 | new_swaps: 0 | total: 4) -> {'max_bond': 32, 'max_links': 4, 'total_elems': 17320, 'total_shapes': 742, 'total_links': 222, 'num_tensors': 56}
2026-07-16 21:27:02,599 [INFO]     [7 | both | 0](candidate_pairs: 28/28 | new_swaps: 1 | total: 1) -> {'max_bond': 32, 'max_links': 4, 'total_elems': 17272, 'total_shapes': 736, 'total_links': 222, 'num_tensors': 56}
2026-07-16 21:27:02,680 [INFO]     [7 | both | 1](candidate_pairs: 27/27 | new_swaps: 0 | total: 1) -> {'max_bond': 32, 'max_links': 4, 'total_elems': 17272, 'total_shapes': 736, 'total_links': 222, 'num_tensors': 56}
2026-07-16 21:27:02,717 [INFO]     [7 | left | 0](candidate_pairs: 28/28 | new_swaps: 0 | total: 1) -> {'max_bond': 32, 'max_links': 4, 'total_elems': 17272, 'total_shapes': 736, 'total_links': 222, 'num_tensors': 56}
2026-07-16 21:27:02,755 [INFO]     [7 | left | 1](candidate_pairs: 27/27 | new_swaps: 0 | total: 1) -> {'max_bond': 32, 'max_links': 4, 'total_elems': 17272, 'total_shapes': 736, 'total_links': 222, 'num_tensors': 56}
2026-07-16 21:27:02,789 [INFO]     [7 | right | 0](candidate_pairs: 28/28 | new_swaps: 0 | total: 1) -> {'max_bond': 32, 'max_links': 4, 'total_elems': 17272, 'total_shapes': 736, 'total_links': 222, 'num_tensors': 56}
2026-07-16 21:27:02,827 [INFO]     [7 | right | 1](candidate_pairs: 27/27 | new_swaps: 0 | total: 1) -> {'max_bond': 32, 'max_links': 4, 'total_elems': 17272, 'total_shapes': 736, 'total_links': 222, 'num_tensors': 56}
2026-07-16 21:27:02,906 [INFO]     [8 | both | 0](candidate_pairs: 28/28 | new_swaps: 0 | total: 0) -> {'max_bond': 32, 'max_links': 4, 'total_elems': 17272, 'total_shapes': 736, 'total_links': 222, 'num_tensors': 56}
2026-07-16 21:27:02,984 [INFO]     [8 | both | 1](candidate_pairs: 27/27 | new_swaps: 0 | total: 0) -> {'max_bond': 32, 'max_links': 4, 'total_elems': 17272, 'total_shapes': 736, 'total_links': 222, 'num_tensors': 56}
2026-07-16 21:27:03,020 [INFO]     [8 | left | 0](candidate_pairs: 28/28 | new_swaps: 0 | total: 0) -> {'max_bond': 32, 'max_links': 4, 'total_elems': 17272, 'total_shapes': 736, 'total_links': 222, 'num_tensors': 56}
2026-07-16 21:27:03,058 [INFO]     [8 | left | 1](candidate_pairs: 27/27 | new_swaps: 0 | total: 0) -> {'max_bond': 32, 'max_links': 4, 'total_elems': 17272, 'total_shapes': 736, 'total_links': 222, 'num_tensors': 56}
2026-07-16 21:27:03,094 [INFO]     [8 | right | 0](candidate_pairs: 28/28 | new_swaps: 0 | total: 0) -> {'max_bond': 32, 'max_links': 4, 'total_elems': 17272, 'total_shapes': 736, 'total_links': 222, 'num_tensors': 56}
2026-07-16 21:27:03,132 [INFO]     [8 | right | 1](candidate_pairs: 27/27 | new_swaps: 0 | total: 0) -> {'max_bond': 32, 'max_links': 4, 'total_elems': 17272, 'total_shapes': 736, 'total_links': 222, 'num_tensors': 56}
2026-07-16 21:27:03,132 [INFO]     [end unswap] -> {'max_bond': 32, 'max_links': 4, 'total_elems': 17272, 'total_shapes': 736, 'total_links': 222, 'num_tensors': 56}
2026-07-16 21:27:07,093 [INFO] [start rewire](phase=post_unswap, cycle=25, side=left, layers=1360, trials=50, seed=123, parallel=False, route_candidates=1, route_score=none)
2026-07-16 21:27:08,623 [INFO] [end rewire](phase=post_unswap, cycle=25, side=left, routed_layers=1329, elapsed_s=1.53)
2026-07-16 21:27:08,623 [INFO] [start rewire](phase=post_unswap, cycle=25, side=right, layers=1209, trials=50, seed=123, parallel=False, route_candidates=1, route_score=none)
2026-07-16 21:27:10,378 [INFO] [end rewire](phase=post_unswap, cycle=25, side=right, routed_layers=1516, elapsed_s=1.75)
2026-07-16 21:27:10,671 [INFO] [1L/1327](swap: 13, u: 1 | c_u: 1 | t_u_l: 134/942 | t_u_r: 111/943 | t_u: 245/1885) -> {'max_bond': 32, 'max_links': 4, 'total_elems': 17264, 'total_shapes': 734, 'total_links': 222, 'num_tensors': 56}
2026-07-16 21:27:10,817 [INFO] [1R/1514](swap: 7, u: 0 | c_u: 1 | t_u_l: 134/942 | t_u_r: 111/943 | t_u: 245/1885) -> {'max_bond': 32, 'max_links': 4, 'total_elems': 17520, 'total_shapes': 780, 'total_links': 222, 'num_tensors': 56}
2026-07-16 21:27:10,960 [INFO] [2R/1514](swap: 4, u: 0 | c_u: 1 | t_u_l: 134/942 | t_u_r: 111/943 | t_u: 245/1885) -> {'max_bond': 32, 'max_links': 4, 'total_elems': 17792, 'total_shapes': 802, 'total_links': 222, 'num_tensors': 56}
2026-07-16 21:27:11,103 [INFO] [3R/1514](swap: 4, u: 0 | c_u: 1 | t_u_l: 134/942 | t_u_r: 111/943 | t_u: 245/1885) -> {'max_bond': 32, 'max_links': 4, 'total_elems': 18036, 'total_shapes': 822, 'total_links': 222, 'num_tensors': 56}
2026-07-16 21:27:11,246 [INFO] [4R/1514](swap: 4, u: 0 | c_u: 1 | t_u_l: 134/942 | t_u_r: 111/943 | t_u: 245/1885) -> {'max_bond': 32, 'max_links': 4, 'total_elems': 18684, 'total_shapes': 870, 'total_links': 222, 'num_tensors': 56}
2026-07-16 21:27:11,390 [INFO] [5R/1514](swap: 4, u: 0 | c_u: 1 | t_u_l: 134/942 | t_u_r: 111/943 | t_u: 245/1885) -> {'max_bond': 32, 'max_links': 4, 'total_elems': 20004, 'total_shapes': 918, 'total_links': 222, 'num_tensors': 56}
2026-07-16 21:27:11,536 [INFO] [6R/1514](swap: 3, u: 1 | c_u: 2 | t_u_l: 134/942 | t_u_r: 112/943 | t_u: 246/1885) -> {'max_bond': 32, 'max_links': 4, 'total_elems': 21476, 'total_shapes': 962, 'total_links': 222, 'num_tensors': 56}
2026-07-16 21:27:11,680 [INFO] [7R/1514](swap: 4, u: 0 | c_u: 2 | t_u_l: 134/942 | t_u_r: 112/943 | t_u: 246/1885) -> {'max_bond': 32, 'max_links': 4, 'total_elems': 23180, 'total_shapes': 1022, 'total_links': 222, 'num_tensors': 56}
2026-07-16 21:27:11,826 [INFO] [2L/1327](swap: 13, u: 0 | c_u: 2 | t_u_l: 134/942 | t_u_r: 112/943 | t_u: 246/1885) -> {'max_bond': 32, 'max_links': 4, 'total_elems': 25364, 'total_shapes': 1076, 'total_links': 222, 'num_tensors': 56}
2026-07-16 21:27:11,975 [INFO] [8R/1514](swap: 4, u: 0 | c_u: 2 | t_u_l: 134/942 | t_u_r: 112/943 | t_u: 246/1885) -> {'max_bond': 32, 'max_links': 4, 'total_elems': 27128, 'total_shapes': 1138, 'total_links': 222, 'num_tensors': 56}
2026-07-16 21:27:12,121 [INFO] [9R/1514](swap: 4, u: 0 | c_u: 2 | t_u_l: 134/942 | t_u_r: 112/943 | t_u: 246/1885) -> {'max_bond': 32, 'max_links': 4, 'total_elems': 29144, 'total_shapes': 1192, 'total_links': 222, 'num_tensors': 56}
2026-07-16 21:27:12,271 [INFO] [10R/1514](swap: 4, u: 0 | c_u: 2 | t_u_l: 134/942 | t_u_r: 112/943 | t_u: 246/1885) -> {'max_bond': 32, 'max_links': 4, 'total_elems': 31928, 'total_shapes': 1252, 'total_links': 222, 'num_tensors': 56}
2026-07-16 21:27:12,426 [INFO] [3L/1327](swap: 14, u: 1 | c_u: 3 | t_u_l: 135/942 | t_u_r: 112/943 | t_u: 247/1885) -> {'max_bond': 32, 'max_links': 4, 'total_elems': 38992, 'total_shapes': 1398, 'total_links': 222, 'num_tensors': 56}
2026-07-16 21:27:12,588 [INFO] [11R/1514](swap: 3, u: 1 | c_u: 4 | t_u_l: 135/942 | t_u_r: 113/943 | t_u: 248/1885) -> {'max_bond': 32, 'max_links': 4, 'total_elems': 42576, 'total_shapes': 1478, 'total_links': 222, 'num_tensors': 56}
2026-07-16 21:27:12,753 [INFO] [12R/1514](swap: 3, u: 0 | c_u: 4 | t_u_l: 135/942 | t_u_r: 113/943 | t_u: 248/1885) -> {'max_bond': 64, 'max_links': 4, 'total_elems': 50640, 'total_shapes': 1622, 'total_links': 222, 'num_tensors': 56}
2026-07-16 21:27:12,927 [INFO] [13R/1514](swap: 3, u: 0 | c_u: 4 | t_u_l: 135/942 | t_u_r: 113/943 | t_u: 248/1885) -> {'max_bond': 64, 'max_links': 4, 'total_elems': 58704, 'total_shapes': 1686, 'total_links': 222, 'num_tensors': 56}
2026-07-16 21:27:13,116 [INFO] [14R/1514](swap: 3, u: 0 | c_u: 4 | t_u_l: 135/942 | t_u_r: 113/943 | t_u: 248/1885) -> {'max_bond': 64, 'max_links': 4, 'total_elems': 65232, 'total_shapes': 1798, 'total_links': 222, 'num_tensors': 56}
2026-07-16 21:27:13,308 [INFO] [15R/1514](swap: 3, u: 0 | c_u: 4 | t_u_l: 135/942 | t_u_r: 113/943 | t_u: 248/1885) -> {'max_bond': 64, 'max_links': 4, 'total_elems': 85200, 'total_shapes': 1942, 'total_links': 222, 'num_tensors': 56}
2026-07-16 21:27:13,518 [INFO] [16R/1514](swap: 3, u: 0 | c_u: 4 | t_u_l: 135/942 | t_u_r: 113/943 | t_u: 248/1885) -> {'max_bond': 64, 'max_links': 4, 'total_elems': 109872, 'total_shapes': 2140, 'total_links': 222, 'num_tensors': 56}
2026-07-16 21:27:13,766 [INFO] [17R/1514](swap: 3, u: 0 | c_u: 4 | t_u_l: 135/942 | t_u_r: 113/943 | t_u: 248/1885) -> {'max_bond': 64, 'max_links': 4, 'total_elems': 149904, 'total_shapes': 2340, 'total_links': 222, 'num_tensors': 56}
2026-07-16 21:27:14,062 [INFO] [18R/1514](swap: 3, u: 0 | c_u: 4 | t_u_l: 135/942 | t_u_r: 113/943 | t_u: 248/1885) -> {'max_bond': 128, 'max_links': 4, 'total_elems': 179160, 'total_shapes': 2504, 'total_links': 222, 'num_tensors': 56}
2026-07-16 21:27:14,405 [INFO] [19R/1514](swap: 3, u: 0 | c_u: 4 | t_u_l: 135/942 | t_u_r: 113/943 | t_u: 248/1885) -> {'max_bond': 128, 'max_links': 4, 'total_elems': 242232, 'total_shapes': 2718, 'total_links': 222, 'num_tensors': 56}
2026-07-16 21:27:14,810 [INFO] [4L/1327](swap: 10, u: 1 | c_u: 5 | t_u_l: 136/942 | t_u_r: 113/943 | t_u: 249/1885) -> {'max_bond': 128, 'max_links': 4, 'total_elems': 254776, 'total_shapes': 2902, 'total_links': 222, 'num_tensors': 56}
2026-07-16 21:27:15,255 [INFO] [5L/1327](swap: 8, u: 1 | c_u: 6 | t_u_l: 137/942 | t_u_r: 113/943 | t_u: 250/1885) -> {'max_bond': 256, 'max_links': 4, 'total_elems': 299576, 'total_shapes': 3190, 'total_links': 222, 'num_tensors': 56}
2026-07-16 21:27:15,725 [INFO] [20R/1514](swap: 3, u: 0 | c_u: 6 | t_u_l: 137/942 | t_u_r: 113/943 | t_u: 250/1885) -> {'max_bond': 256, 'max_links': 4, 'total_elems': 398456, 'total_shapes': 3598, 'total_links': 222, 'num_tensors': 56}
2026-07-16 21:27:16,350 [INFO]     [start unswap] -> {'max_bond': 256, 'max_links': 4, 'total_elems': 398456, 'total_shapes': 3598, 'total_links': 222, 'num_tensors': 56}
2026-07-16 21:27:19,106 [INFO]     [0 | both | 0](candidate_pairs: 28/28 | new_swaps: 7 | total: 7) -> {'max_bond': 256, 'max_links': 4, 'total_elems': 556028, 'total_shapes': 3664, 'total_links': 222, 'num_tensors': 56}
2026-07-16 21:27:20,872 [INFO]     [0 | both | 1](candidate_pairs: 27/27 | new_swaps: 5 | total: 12) -> {'max_bond': 256, 'max_links': 4, 'total_elems': 276284, 'total_shapes': 3048, 'total_links': 222, 'num_tensors': 56}
2026-07-16 21:27:21,255 [INFO]     [0 | left | 0](candidate_pairs: 28/28 | new_swaps: 6 | total: 18) -> {'max_bond': 64, 'max_links': 4, 'total_elems': 152704, 'total_shapes': 2458, 'total_links': 222, 'num_tensors': 56}
2026-07-16 21:27:21,530 [INFO]     [0 | left | 1](candidate_pairs: 27/27 | new_swaps: 10 | total: 28) -> {'max_bond': 64, 'max_links': 4, 'total_elems': 100328, 'total_shapes': 2060, 'total_links': 222, 'num_tensors': 56}
2026-07-16 21:27:21,681 [INFO]     [0 | right | 0](candidate_pairs: 28/28 | new_swaps: 4 | total: 32) -> {'max_bond': 64, 'max_links': 4, 'total_elems': 89576, 'total_shapes': 1932, 'total_links': 222, 'num_tensors': 56}
2026-07-16 21:27:21,849 [INFO]     [0 | right | 1](candidate_pairs: 27/27 | new_swaps: 3 | total: 35) -> {'max_bond': 64, 'max_links': 4, 'total_elems': 85544, 'total_shapes': 1874, 'total_links': 222, 'num_tensors': 56}
2026-07-16 21:27:22,119 [INFO]     [1 | both | 0](candidate_pairs: 28/28 | new_swaps: 9 | total: 9) -> {'max_bond': 64, 'max_links': 4, 'total_elems': 59704, 'total_shapes': 1606, 'total_links': 222, 'num_tensors': 56}
2026-07-16 21:27:22,347 [INFO]     [1 | both | 1](candidate_pairs: 27/27 | new_swaps: 7 | total: 16) -> {'max_bond': 64, 'max_links': 4, 'total_elems': 36712, 'total_shapes': 1370, 'total_links': 222, 'num_tensors': 56}
2026-07-16 21:27:22,436 [INFO]     [1 | left | 0](candidate_pairs: 28/28 | new_swaps: 4 | total: 20) -> {'max_bond': 32, 'max_links': 4, 'total_elems': 29188, 'total_shapes': 1236, 'total_links': 222, 'num_tensors': 56}
2026-07-16 21:27:22,526 [INFO]     [1 | left | 1](candidate_pairs: 27/27 | new_swaps: 5 | total: 25) -> {'max_bond': 32, 'max_links': 4, 'total_elems': 24708, 'total_shapes': 1148, 'total_links': 222, 'num_tensors': 56}
2026-07-16 21:27:22,604 [INFO]     [1 | right | 0](candidate_pairs: 28/28 | new_swaps: 5 | total: 30) -> {'max_bond': 32, 'max_links': 4, 'total_elems': 20444, 'total_shapes': 1048, 'total_links': 222, 'num_tensors': 56}
2026-07-16 21:27:22,679 [INFO]     [1 | right | 1](candidate_pairs: 27/27 | new_swaps: 2 | total: 32) -> {'max_bond': 32, 'max_links': 4, 'total_elems': 17276, 'total_shapes': 1010, 'total_links': 222, 'num_tensors': 56}
2026-07-16 21:27:22,807 [INFO]     [2 | both | 0](candidate_pairs: 28/28 | new_swaps: 5 | total: 5) -> {'max_bond': 16, 'max_links': 4, 'total_elems': 13568, 'total_shapes': 916, 'total_links': 222, 'num_tensors': 56}
2026-07-16 21:27:22,927 [INFO]     [2 | both | 1](candidate_pairs: 27/27 | new_swaps: 5 | total: 10) -> {'max_bond': 16, 'max_links': 4, 'total_elems': 11348, 'total_shapes': 850, 'total_links': 222, 'num_tensors': 56}
2026-07-16 21:27:22,977 [INFO]     [2 | left | 0](candidate_pairs: 28/28 | new_swaps: 2 | total: 12) -> {'max_bond': 16, 'max_links': 4, 'total_elems': 10328, 'total_shapes': 820, 'total_links': 222, 'num_tensors': 56}
2026-07-16 21:27:23,029 [INFO]     [2 | left | 1](candidate_pairs: 27/27 | new_swaps: 1 | total: 13) -> {'max_bond': 16, 'max_links': 4, 'total_elems': 9368, 'total_shapes': 796, 'total_links': 222, 'num_tensors': 56}
2026-07-16 21:27:23,088 [INFO]     [2 | right | 0](candidate_pairs: 28/28 | new_swaps: 2 | total: 15) -> {'max_bond': 16, 'max_links': 4, 'total_elems': 8912, 'total_shapes': 766, 'total_links': 222, 'num_tensors': 56}
2026-07-16 21:27:23,136 [INFO]     [2 | right | 1](candidate_pairs: 27/27 | new_swaps: 1 | total: 16) -> {'max_bond': 16, 'max_links': 4, 'total_elems': 8816, 'total_shapes': 760, 'total_links': 222, 'num_tensors': 56}
2026-07-16 21:27:23,246 [INFO]     [3 | both | 0](candidate_pairs: 28/28 | new_swaps: 4 | total: 4) -> {'max_bond': 16, 'max_links': 4, 'total_elems': 8492, 'total_shapes': 738, 'total_links': 222, 'num_tensors': 56}
2026-07-16 21:27:23,355 [INFO]     [3 | both | 1](candidate_pairs: 27/27 | new_swaps: 3 | total: 7) -> {'max_bond': 16, 'max_links': 4, 'total_elems': 8168, 'total_shapes': 720, 'total_links': 222, 'num_tensors': 56}
2026-07-16 21:27:23,403 [INFO]     [3 | left | 0](candidate_pairs: 28/28 | new_swaps: 1 | total: 8) -> {'max_bond': 16, 'max_links': 4, 'total_elems': 8072, 'total_shapes': 712, 'total_links': 222, 'num_tensors': 56}
2026-07-16 21:27:23,451 [INFO]     [3 | left | 1](candidate_pairs: 27/27 | new_swaps: 1 | total: 9) -> {'max_bond': 16, 'max_links': 4, 'total_elems': 8048, 'total_shapes': 706, 'total_links': 222, 'num_tensors': 56}
2026-07-16 21:27:23,509 [INFO]     [3 | right | 0](candidate_pairs: 28/28 | new_swaps: 2 | total: 11) -> {'max_bond': 16, 'max_links': 4, 'total_elems': 7916, 'total_shapes': 694, 'total_links': 222, 'num_tensors': 56}
2026-07-16 21:27:23,555 [INFO]     [3 | right | 1](candidate_pairs: 27/27 | new_swaps: 1 | total: 12) -> {'max_bond': 16, 'max_links': 4, 'total_elems': 7856, 'total_shapes': 688, 'total_links': 222, 'num_tensors': 56}
2026-07-16 21:27:23,650 [INFO]     [4 | both | 0](candidate_pairs: 28/28 | new_swaps: 1 | total: 1) -> {'max_bond': 16, 'max_links': 4, 'total_elems': 7796, 'total_shapes': 682, 'total_links': 222, 'num_tensors': 56}
2026-07-16 21:27:23,705 [INFO]     [4 | both | 1](candidate_pairs: 27/27 | new_swaps: 0 | total: 1) -> {'max_bond': 16, 'max_links': 4, 'total_elems': 7796, 'total_shapes': 682, 'total_links': 222, 'num_tensors': 56}
2026-07-16 21:27:23,732 [INFO]     [4 | left | 0](candidate_pairs: 28/28 | new_swaps: 0 | total: 1) -> {'max_bond': 16, 'max_links': 4, 'total_elems': 7796, 'total_shapes': 682, 'total_links': 222, 'num_tensors': 56}
2026-07-16 21:27:23,781 [INFO]     [4 | left | 1](candidate_pairs: 27/27 | new_swaps: 1 | total: 2) -> {'max_bond': 16, 'max_links': 4, 'total_elems': 7772, 'total_shapes': 676, 'total_links': 222, 'num_tensors': 56}
2026-07-16 21:27:23,827 [INFO]     [4 | right | 0](candidate_pairs: 28/28 | new_swaps: 1 | total: 3) -> {'max_bond': 16, 'max_links': 4, 'total_elems': 7712, 'total_shapes': 670, 'total_links': 222, 'num_tensors': 56}
2026-07-16 21:27:23,854 [INFO]     [4 | right | 1](candidate_pairs: 27/27 | new_swaps: 0 | total: 3) -> {'max_bond': 16, 'max_links': 4, 'total_elems': 7712, 'total_shapes': 670, 'total_links': 222, 'num_tensors': 56}
2026-07-16 21:27:23,909 [INFO]     [5 | both | 0](candidate_pairs: 28/28 | new_swaps: 0 | total: 0) -> {'max_bond': 16, 'max_links': 4, 'total_elems': 7712, 'total_shapes': 670, 'total_links': 222, 'num_tensors': 56}
2026-07-16 21:27:24,002 [INFO]     [5 | both | 1](candidate_pairs: 27/27 | new_swaps: 1 | total: 1) -> {'max_bond': 16, 'max_links': 4, 'total_elems': 7652, 'total_shapes': 664, 'total_links': 222, 'num_tensors': 56}
2026-07-16 21:27:24,030 [INFO]     [5 | left | 0](candidate_pairs: 28/28 | new_swaps: 0 | total: 1) -> {'max_bond': 16, 'max_links': 4, 'total_elems': 7652, 'total_shapes': 664, 'total_links': 222, 'num_tensors': 56}
2026-07-16 21:27:24,058 [INFO]     [5 | left | 1](candidate_pairs: 27/27 | new_swaps: 0 | total: 1) -> {'max_bond': 16, 'max_links': 4, 'total_elems': 7652, 'total_shapes': 664, 'total_links': 222, 'num_tensors': 56}
2026-07-16 21:27:24,104 [INFO]     [5 | right | 0](candidate_pairs: 28/28 | new_swaps: 1 | total: 2) -> {'max_bond': 16, 'max_links': 4, 'total_elems': 7612, 'total_shapes': 660, 'total_links': 222, 'num_tensors': 56}
2026-07-16 21:27:24,131 [INFO]     [5 | right | 1](candidate_pairs: 27/27 | new_swaps: 0 | total: 2) -> {'max_bond': 16, 'max_links': 4, 'total_elems': 7612, 'total_shapes': 660, 'total_links': 222, 'num_tensors': 56}
2026-07-16 21:27:24,185 [INFO]     [6 | both | 0](candidate_pairs: 28/28 | new_swaps: 0 | total: 0) -> {'max_bond': 16, 'max_links': 4, 'total_elems': 7612, 'total_shapes': 660, 'total_links': 222, 'num_tensors': 56}
2026-07-16 21:27:24,280 [INFO]     [6 | both | 1](candidate_pairs: 27/27 | new_swaps: 1 | total: 1) -> {'max_bond': 16, 'max_links': 4, 'total_elems': 7564, 'total_shapes': 656, 'total_links': 222, 'num_tensors': 56}
2026-07-16 21:27:24,307 [INFO]     [6 | left | 0](candidate_pairs: 28/28 | new_swaps: 0 | total: 1) -> {'max_bond': 16, 'max_links': 4, 'total_elems': 7564, 'total_shapes': 656, 'total_links': 222, 'num_tensors': 56}
2026-07-16 21:27:24,335 [INFO]     [6 | left | 1](candidate_pairs: 27/27 | new_swaps: 0 | total: 1) -> {'max_bond': 16, 'max_links': 4, 'total_elems': 7564, 'total_shapes': 656, 'total_links': 222, 'num_tensors': 56}
2026-07-16 21:27:24,362 [INFO]     [6 | right | 0](candidate_pairs: 28/28 | new_swaps: 0 | total: 1) -> {'max_bond': 16, 'max_links': 4, 'total_elems': 7564, 'total_shapes': 656, 'total_links': 222, 'num_tensors': 56}
2026-07-16 21:27:24,389 [INFO]     [6 | right | 1](candidate_pairs: 27/27 | new_swaps: 0 | total: 1) -> {'max_bond': 16, 'max_links': 4, 'total_elems': 7564, 'total_shapes': 656, 'total_links': 222, 'num_tensors': 56}
2026-07-16 21:27:24,483 [INFO]     [7 | both | 0](candidate_pairs: 28/28 | new_swaps: 2 | total: 2) -> {'max_bond': 16, 'max_links': 4, 'total_elems': 7504, 'total_shapes': 650, 'total_links': 222, 'num_tensors': 56}
2026-07-16 21:27:24,577 [INFO]     [7 | both | 1](candidate_pairs: 27/27 | new_swaps: 2 | total: 4) -> {'max_bond': 16, 'max_links': 4, 'total_elems': 7444, 'total_shapes': 644, 'total_links': 222, 'num_tensors': 56}
2026-07-16 21:27:24,605 [INFO]     [7 | left | 0](candidate_pairs: 28/28 | new_swaps: 0 | total: 4) -> {'max_bond': 16, 'max_links': 4, 'total_elems': 7444, 'total_shapes': 644, 'total_links': 222, 'num_tensors': 56}
2026-07-16 21:27:24,632 [INFO]     [7 | left | 1](candidate_pairs: 27/27 | new_swaps: 0 | total: 4) -> {'max_bond': 16, 'max_links': 4, 'total_elems': 7444, 'total_shapes': 644, 'total_links': 222, 'num_tensors': 56}
2026-07-16 21:27:24,659 [INFO]     [7 | right | 0](candidate_pairs: 28/28 | new_swaps: 0 | total: 4) -> {'max_bond': 16, 'max_links': 4, 'total_elems': 7444, 'total_shapes': 644, 'total_links': 222, 'num_tensors': 56}
2026-07-16 21:27:24,685 [INFO]     [7 | right | 1](candidate_pairs: 27/27 | new_swaps: 0 | total: 4) -> {'max_bond': 16, 'max_links': 4, 'total_elems': 7444, 'total_shapes': 644, 'total_links': 222, 'num_tensors': 56}
2026-07-16 21:27:24,789 [INFO]     [8 | both | 0](candidate_pairs: 28/28 | new_swaps: 2 | total: 2) -> {'max_bond': 16, 'max_links': 4, 'total_elems': 7384, 'total_shapes': 638, 'total_links': 222, 'num_tensors': 56}
2026-07-16 21:27:24,894 [INFO]     [8 | both | 1](candidate_pairs: 27/27 | new_swaps: 2 | total: 4) -> {'max_bond': 16, 'max_links': 4, 'total_elems': 7324, 'total_shapes': 632, 'total_links': 222, 'num_tensors': 56}
2026-07-16 21:27:24,921 [INFO]     [8 | left | 0](candidate_pairs: 28/28 | new_swaps: 0 | total: 4) -> {'max_bond': 16, 'max_links': 4, 'total_elems': 7324, 'total_shapes': 632, 'total_links': 222, 'num_tensors': 56}
2026-07-16 21:27:24,948 [INFO]     [8 | left | 1](candidate_pairs: 27/27 | new_swaps: 0 | total: 4) -> {'max_bond': 16, 'max_links': 4, 'total_elems': 7324, 'total_shapes': 632, 'total_links': 222, 'num_tensors': 56}
2026-07-16 21:27:24,994 [INFO]     [8 | right | 0](candidate_pairs: 28/28 | new_swaps: 1 | total: 5) -> {'max_bond': 16, 'max_links': 4, 'total_elems': 7276, 'total_shapes': 628, 'total_links': 222, 'num_tensors': 56}
2026-07-16 21:27:25,020 [INFO]     [8 | right | 1](candidate_pairs: 27/27 | new_swaps: 0 | total: 5) -> {'max_bond': 16, 'max_links': 4, 'total_elems': 7276, 'total_shapes': 628, 'total_links': 222, 'num_tensors': 56}
2026-07-16 21:27:25,113 [INFO]     [9 | both | 0](candidate_pairs: 28/28 | new_swaps: 1 | total: 1) -> {'max_bond': 16, 'max_links': 4, 'total_elems': 7264, 'total_shapes': 626, 'total_links': 222, 'num_tensors': 56}
2026-07-16 21:27:25,168 [INFO]     [9 | both | 1](candidate_pairs: 27/27 | new_swaps: 0 | total: 1) -> {'max_bond': 16, 'max_links': 4, 'total_elems': 7264, 'total_shapes': 626, 'total_links': 222, 'num_tensors': 56}
2026-07-16 21:27:25,195 [INFO]     [9 | left | 0](candidate_pairs: 28/28 | new_swaps: 0 | total: 1) -> {'max_bond': 16, 'max_links': 4, 'total_elems': 7264, 'total_shapes': 626, 'total_links': 222, 'num_tensors': 56}
2026-07-16 21:27:25,222 [INFO]     [9 | left | 1](candidate_pairs: 27/27 | new_swaps: 0 | total: 1) -> {'max_bond': 16, 'max_links': 4, 'total_elems': 7264, 'total_shapes': 626, 'total_links': 222, 'num_tensors': 56}
2026-07-16 21:27:25,248 [INFO]     [9 | right | 0](candidate_pairs: 28/28 | new_swaps: 0 | total: 1) -> {'max_bond': 16, 'max_links': 4, 'total_elems': 7264, 'total_shapes': 626, 'total_links': 222, 'num_tensors': 56}
2026-07-16 21:27:25,274 [INFO]     [9 | right | 1](candidate_pairs: 27/27 | new_swaps: 0 | total: 1) -> {'max_bond': 16, 'max_links': 4, 'total_elems': 7264, 'total_shapes': 626, 'total_links': 222, 'num_tensors': 56}
2026-07-16 21:27:25,329 [INFO]     [10 | both | 0](candidate_pairs: 28/28 | new_swaps: 0 | total: 0) -> {'max_bond': 16, 'max_links': 4, 'total_elems': 7264, 'total_shapes': 626, 'total_links': 222, 'num_tensors': 56}
2026-07-16 21:27:25,383 [INFO]     [10 | both | 1](candidate_pairs: 27/27 | new_swaps: 0 | total: 0) -> {'max_bond': 16, 'max_links': 4, 'total_elems': 7264, 'total_shapes': 626, 'total_links': 222, 'num_tensors': 56}
2026-07-16 21:27:25,410 [INFO]     [10 | left | 0](candidate_pairs: 28/28 | new_swaps: 0 | total: 0) -> {'max_bond': 16, 'max_links': 4, 'total_elems': 7264, 'total_shapes': 626, 'total_links': 222, 'num_tensors': 56}
2026-07-16 21:27:25,437 [INFO]     [10 | left | 1](candidate_pairs: 27/27 | new_swaps: 0 | total: 0) -> {'max_bond': 16, 'max_links': 4, 'total_elems': 7264, 'total_shapes': 626, 'total_links': 222, 'num_tensors': 56}
2026-07-16 21:27:25,464 [INFO]     [10 | right | 0](candidate_pairs: 28/28 | new_swaps: 0 | total: 0) -> {'max_bond': 16, 'max_links': 4, 'total_elems': 7264, 'total_shapes': 626, 'total_links': 222, 'num_tensors': 56}
2026-07-16 21:27:25,491 [INFO]     [10 | right | 1](candidate_pairs: 27/27 | new_swaps: 0 | total: 0) -> {'max_bond': 16, 'max_links': 4, 'total_elems': 7264, 'total_shapes': 626, 'total_links': 222, 'num_tensors': 56}
2026-07-16 21:27:25,491 [INFO]     [end unswap] -> {'max_bond': 16, 'max_links': 4, 'total_elems': 7264, 'total_shapes': 626, 'total_links': 222, 'num_tensors': 56}
2026-07-16 21:27:30,563 [INFO] [start rewire](phase=post_unswap, cycle=26, side=left, layers=1324, trials=50, seed=123, parallel=False, route_candidates=1, route_score=none)
2026-07-16 21:27:32,608 [INFO] [end rewire](phase=post_unswap, cycle=26, side=left, routed_layers=1267, elapsed_s=2.04)
2026-07-16 21:27:32,608 [INFO] [start rewire](phase=post_unswap, cycle=26, side=right, layers=1496, trials=50, seed=123, parallel=False, route_candidates=1, route_score=none)
2026-07-16 21:27:33,880 [INFO] [end rewire](phase=post_unswap, cycle=26, side=right, routed_layers=1520, elapsed_s=1.27)
2026-07-16 21:27:34,208 [INFO] [1L/1265](swap: 10, u: 1 | c_u: 1 | t_u_l: 138/942 | t_u_r: 113/943 | t_u: 251/1885) -> {'max_bond': 16, 'max_links': 4, 'total_elems': 7256, 'total_shapes': 624, 'total_links': 222, 'num_tensors': 56}
2026-07-16 21:27:34,352 [INFO] [1R/1518](swap: 6, u: 0 | c_u: 1 | t_u_l: 138/942 | t_u_r: 113/943 | t_u: 251/1885) -> {'max_bond': 16, 'max_links': 4, 'total_elems': 7376, 'total_shapes': 646, 'total_links': 222, 'num_tensors': 56}
2026-07-16 21:27:34,494 [INFO] [2R/1518](swap: 5, u: 0 | c_u: 1 | t_u_l: 138/942 | t_u_r: 113/943 | t_u: 251/1885) -> {'max_bond': 16, 'max_links': 4, 'total_elems': 7596, 'total_shapes': 668, 'total_links': 222, 'num_tensors': 56}
2026-07-16 21:27:34,637 [INFO] [3R/1518](swap: 5, u: 0 | c_u: 1 | t_u_l: 138/942 | t_u_r: 113/943 | t_u: 251/1885) -> {'max_bond': 16, 'max_links': 4, 'total_elems': 7848, 'total_shapes': 692, 'total_links': 222, 'num_tensors': 56}
2026-07-16 21:27:34,781 [INFO] [4R/1518](swap: 5, u: 0 | c_u: 1 | t_u_l: 138/942 | t_u_r: 113/943 | t_u: 251/1885) -> {'max_bond': 16, 'max_links': 4, 'total_elems': 6984, 'total_shapes': 692, 'total_links': 222, 'num_tensors': 56}
2026-07-16 21:27:34,924 [INFO] [5R/1518](swap: 3, u: 0 | c_u: 1 | t_u_l: 138/942 | t_u_r: 113/943 | t_u: 251/1885) -> {'max_bond': 16, 'max_links': 4, 'total_elems': 7164, 'total_shapes': 710, 'total_links': 222, 'num_tensors': 56}
2026-07-16 21:27:35,066 [INFO] [6R/1518](swap: 3, u: 0 | c_u: 1 | t_u_l: 138/942 | t_u_r: 113/943 | t_u: 251/1885) -> {'max_bond': 16, 'max_links': 4, 'total_elems': 7344, 'total_shapes': 728, 'total_links': 222, 'num_tensors': 56}
2026-07-16 21:27:35,207 [INFO] [7R/1518](swap: 3, u: 0 | c_u: 1 | t_u_l: 138/942 | t_u_r: 113/943 | t_u: 251/1885) -> {'max_bond': 16, 'max_links': 4, 'total_elems': 7536, 'total_shapes': 746, 'total_links': 222, 'num_tensors': 56}
2026-07-16 21:27:35,350 [INFO] [8R/1518](swap: 3, u: 0 | c_u: 1 | t_u_l: 138/942 | t_u_r: 113/943 | t_u: 251/1885) -> {'max_bond': 16, 'max_links': 4, 'total_elems': 7836, 'total_shapes': 770, 'total_links': 222, 'num_tensors': 56}
2026-07-16 21:27:35,492 [INFO] [9R/1518](swap: 2, u: 1 | c_u: 2 | t_u_l: 138/942 | t_u_r: 114/943 | t_u: 252/1885) -> {'max_bond': 16, 'max_links': 4, 'total_elems': 8360, 'total_shapes': 804, 'total_links': 222, 'num_tensors': 56}
2026-07-16 21:27:35,634 [INFO] [10R/1518](swap: 3, u: 0 | c_u: 2 | t_u_l: 138/942 | t_u_r: 114/943 | t_u: 252/1885) -> {'max_bond': 16, 'max_links': 4, 'total_elems': 9444, 'total_shapes': 838, 'total_links': 222, 'num_tensors': 56}
2026-07-16 21:27:35,775 [INFO] [11R/1518](swap: 2, u: 0 | c_u: 2 | t_u_l: 138/942 | t_u_r: 114/943 | t_u: 252/1885) -> {'max_bond': 16, 'max_links': 4, 'total_elems': 10464, 'total_shapes': 868, 'total_links': 222, 'num_tensors': 56}
2026-07-16 21:27:35,918 [INFO] [12R/1518](swap: 2, u: 0 | c_u: 2 | t_u_l: 138/942 | t_u_r: 114/943 | t_u: 252/1885) -> {'max_bond': 16, 'max_links': 4, 'total_elems': 11484, 'total_shapes': 898, 'total_links': 222, 'num_tensors': 56}
2026-07-16 21:27:36,062 [INFO] [13R/1518](swap: 2, u: 0 | c_u: 2 | t_u_l: 138/942 | t_u_r: 114/943 | t_u: 252/1885) -> {'max_bond': 16, 'max_links': 4, 'total_elems': 12504, 'total_shapes': 928, 'total_links': 222, 'num_tensors': 56}
2026-07-16 21:27:36,206 [INFO] [14R/1518](swap: 2, u: 0 | c_u: 2 | t_u_l: 138/942 | t_u_r: 114/943 | t_u: 252/1885) -> {'max_bond': 16, 'max_links': 4, 'total_elems': 13560, 'total_shapes': 958, 'total_links': 222, 'num_tensors': 56}
2026-07-16 21:27:36,351 [INFO] [15R/1518](swap: 2, u: 0 | c_u: 2 | t_u_l: 138/942 | t_u_r: 114/943 | t_u: 252/1885) -> {'max_bond': 16, 'max_links': 4, 'total_elems': 15096, 'total_shapes': 1006, 'total_links': 222, 'num_tensors': 56}
2026-07-16 21:27:36,499 [INFO] [16R/1518](swap: 2, u: 1 | c_u: 3 | t_u_l: 138/942 | t_u_r: 115/943 | t_u: 253/1885) -> {'max_bond': 16, 'max_links': 4, 'total_elems': 16696, 'total_shapes': 1046, 'total_links': 222, 'num_tensors': 56}
2026-07-16 21:27:36,649 [INFO] [17R/1518](swap: 3, u: 0 | c_u: 3 | t_u_l: 138/942 | t_u_r: 115/943 | t_u: 253/1885) -> {'max_bond': 16, 'max_links': 4, 'total_elems': 17976, 'total_shapes': 1078, 'total_links': 222, 'num_tensors': 56}
2026-07-16 21:27:36,800 [INFO] [18R/1518](swap: 3, u: 0 | c_u: 3 | t_u_l: 138/942 | t_u_r: 115/943 | t_u: 253/1885) -> {'max_bond': 16, 'max_links': 4, 'total_elems': 18936, 'total_shapes': 1102, 'total_links': 222, 'num_tensors': 56}
2026-07-16 21:27:36,953 [INFO] [19R/1518](swap: 4, u: 0 | c_u: 3 | t_u_l: 138/942 | t_u_r: 115/943 | t_u: 253/1885) -> {'max_bond': 16, 'max_links': 4, 'total_elems': 19896, 'total_shapes': 1126, 'total_links': 222, 'num_tensors': 56}
2026-07-16 21:27:37,107 [INFO] [20R/1518](swap: 4, u: 0 | c_u: 3 | t_u_l: 138/942 | t_u_r: 115/943 | t_u: 253/1885) -> {'max_bond': 32, 'max_links': 4, 'total_elems': 22392, 'total_shapes': 1182, 'total_links': 222, 'num_tensors': 56}
2026-07-16 21:27:37,262 [INFO] [21R/1518](swap: 4, u: 0 | c_u: 3 | t_u_l: 138/942 | t_u_r: 115/943 | t_u: 253/1885) -> {'max_bond': 32, 'max_links': 4, 'total_elems': 26424, 'total_shapes': 1238, 'total_links': 222, 'num_tensors': 56}
2026-07-16 21:27:37,424 [INFO] [2L/1265](swap: 13, u: 0 | c_u: 3 | t_u_l: 138/942 | t_u_r: 115/943 | t_u: 253/1885) -> {'max_bond': 32, 'max_links': 4, 'total_elems': 28540, 'total_shapes': 1304, 'total_links': 222, 'num_tensors': 56}
2026-07-16 21:27:37,589 [INFO] [22R/1518](swap: 3, u: 1 | c_u: 4 | t_u_l: 138/942 | t_u_r: 116/943 | t_u: 254/1885) -> {'max_bond': 32, 'max_links': 4, 'total_elems': 33852, 'total_shapes': 1374, 'total_links': 222, 'num_tensors': 56}
2026-07-16 21:27:37,753 [INFO] [3L/1265](swap: 16, u: 0 | c_u: 4 | t_u_l: 138/942 | t_u_r: 116/943 | t_u: 254/1885) -> {'max_bond': 32, 'max_links': 4, 'total_elems': 34620, 'total_shapes': 1428, 'total_links': 222, 'num_tensors': 56}
2026-07-16 21:27:37,919 [INFO] [23R/1518](swap: 3, u: 0 | c_u: 4 | t_u_l: 138/942 | t_u_r: 116/943 | t_u: 254/1885) -> {'max_bond': 32, 'max_links': 4, 'total_elems': 37820, 'total_shapes': 1450, 'total_links': 222, 'num_tensors': 56}
2026-07-16 21:27:38,084 [INFO] [24R/1518](swap: 2, u: 0 | c_u: 4 | t_u_l: 138/942 | t_u_r: 116/943 | t_u: 254/1885) -> {'max_bond': 32, 'max_links': 4, 'total_elems': 37244, 'total_shapes': 1440, 'total_links': 222, 'num_tensors': 56}
2026-07-16 21:27:38,250 [INFO] [25R/1518](swap: 2, u: 1 | c_u: 5 | t_u_l: 138/942 | t_u_r: 117/943 | t_u: 255/1885) -> {'max_bond': 32, 'max_links': 4, 'total_elems': 36284, 'total_shapes': 1422, 'total_links': 222, 'num_tensors': 56}
2026-07-16 21:27:38,415 [INFO] [26R/1518](swap: 2, u: 0 | c_u: 5 | t_u_l: 138/942 | t_u_r: 117/943 | t_u: 255/1885) -> {'max_bond': 32, 'max_links': 4, 'total_elems': 35324, 'total_shapes': 1404, 'total_links': 222, 'num_tensors': 56}
2026-07-16 21:27:38,579 [INFO] [27R/1518](swap: 2, u: 0 | c_u: 5 | t_u_l: 138/942 | t_u_r: 117/943 | t_u: 255/1885) -> {'max_bond': 32, 'max_links': 4, 'total_elems': 34364, 'total_shapes': 1386, 'total_links': 222, 'num_tensors': 56}
2026-07-16 21:27:38,742 [INFO] [28R/1518](swap: 2, u: 0 | c_u: 5 | t_u_l: 138/942 | t_u_r: 117/943 | t_u: 255/1885) -> {'max_bond': 32, 'max_links': 4, 'total_elems': 33404, 'total_shapes': 1368, 'total_links': 222, 'num_tensors': 56}
2026-07-16 21:27:38,905 [INFO] [29R/1518](swap: 2, u: 0 | c_u: 5 | t_u_l: 138/942 | t_u_r: 117/943 | t_u: 255/1885) -> {'max_bond': 32, 'max_links': 4, 'total_elems': 32828, 'total_shapes': 1350, 'total_links': 222, 'num_tensors': 56}
2026-07-16 21:27:39,068 [INFO] [30R/1518](swap: 1, u: 0 | c_u: 5 | t_u_l: 138/942 | t_u_r: 117/943 | t_u: 255/1885) -> {'max_bond': 32, 'max_links': 4, 'total_elems': 32540, 'total_shapes': 1344, 'total_links': 222, 'num_tensors': 56}
2026-07-16 21:27:39,230 [INFO] [31R/1518](swap: 2, u: 0 | c_u: 5 | t_u_l: 138/942 | t_u_r: 117/943 | t_u: 255/1885) -> {'max_bond': 32, 'max_links': 4, 'total_elems': 32444, 'total_shapes': 1350, 'total_links': 222, 'num_tensors': 56}
2026-07-16 21:27:39,392 [INFO] [32R/1518](swap: 3, u: 0 | c_u: 5 | t_u_l: 138/942 | t_u_r: 117/943 | t_u: 255/1885) -> {'max_bond': 32, 'max_links': 4, 'total_elems': 34364, 'total_shapes': 1416, 'total_links': 222, 'num_tensors': 56}
2026-07-16 21:27:39,558 [INFO] [33R/1518](swap: 3, u: 0 | c_u: 5 | t_u_l: 138/942 | t_u_r: 117/943 | t_u: 255/1885) -> {'max_bond': 32, 'max_links': 4, 'total_elems': 39452, 'total_shapes': 1506, 'total_links': 222, 'num_tensors': 56}
2026-07-16 21:27:39,727 [INFO] [34R/1518](swap: 3, u: 0 | c_u: 5 | t_u_l: 138/942 | t_u_r: 117/943 | t_u: 255/1885) -> {'max_bond': 32, 'max_links': 4, 'total_elems': 45356, 'total_shapes': 1548, 'total_links': 222, 'num_tensors': 56}
2026-07-16 21:27:39,903 [INFO] [35R/1518](swap: 3, u: 0 | c_u: 5 | t_u_l: 138/942 | t_u_r: 117/943 | t_u: 255/1885) -> {'max_bond': 32, 'max_links': 4, 'total_elems': 45356, 'total_shapes': 1554, 'total_links': 222, 'num_tensors': 56}
2026-07-16 21:27:40,080 [INFO] [36R/1518](swap: 2, u: 0 | c_u: 5 | t_u_l: 138/942 | t_u_r: 117/943 | t_u: 255/1885) -> {'max_bond': 32, 'max_links': 4, 'total_elems': 48956, 'total_shapes': 1596, 'total_links': 222, 'num_tensors': 56}
2026-07-16 21:27:40,255 [INFO] [37R/1518](swap: 1, u: 0 | c_u: 5 | t_u_l: 138/942 | t_u_r: 117/943 | t_u: 255/1885) -> {'max_bond': 32, 'max_links': 4, 'total_elems': 48908, 'total_shapes': 1592, 'total_links': 222, 'num_tensors': 56}
2026-07-16 21:27:40,431 [INFO] [38R/1518](swap: 1, u: 0 | c_u: 5 | t_u_l: 138/942 | t_u_r: 117/943 | t_u: 255/1885) -> {'max_bond': 32, 'max_links': 4, 'total_elems': 49004, 'total_shapes': 1600, 'total_links': 222, 'num_tensors': 56}
2026-07-16 21:27:40,609 [INFO] [39R/1518](swap: 1, u: 0 | c_u: 5 | t_u_l: 138/942 | t_u_r: 117/943 | t_u: 255/1885) -> {'max_bond': 32, 'max_links': 4, 'total_elems': 49388, 'total_shapes': 1608, 'total_links': 222, 'num_tensors': 56}
2026-07-16 21:27:41,673 [INFO] [40R/1518](swap: 1, u: 0 | c_u: 5 | t_u_l: 138/942 | t_u_r: 117/943 | t_u: 255/1885) -> {'max_bond': 32, 'max_links': 4, 'total_elems': 49004, 'total_shapes': 1592, 'total_links': 222, 'num_tensors': 56}
2026-07-16 21:27:41,858 [INFO] [41R/1518](swap: 1, u: 0 | c_u: 5 | t_u_l: 138/942 | t_u_r: 117/943 | t_u: 255/1885) -> {'max_bond': 32, 'max_links': 4, 'total_elems': 49196, 'total_shapes': 1600, 'total_links': 222, 'num_tensors': 56}
2026-07-16 21:27:42,034 [INFO] [42R/1518](swap: 1, u: 0 | c_u: 5 | t_u_l: 138/942 | t_u_r: 117/943 | t_u: 255/1885) -> {'max_bond': 32, 'max_links': 4, 'total_elems': 49196, 'total_shapes': 1600, 'total_links': 222, 'num_tensors': 56}
2026-07-16 21:27:42,211 [INFO] [43R/1518](swap: 2, u: 0 | c_u: 5 | t_u_l: 138/942 | t_u_r: 117/943 | t_u: 255/1885) -> {'max_bond': 32, 'max_links': 4, 'total_elems': 49004, 'total_shapes': 1592, 'total_links': 222, 'num_tensors': 56}
2026-07-16 21:27:42,390 [INFO] [44R/1518](swap: 2, u: 0 | c_u: 5 | t_u_l: 138/942 | t_u_r: 117/943 | t_u: 255/1885) -> {'max_bond': 32, 'max_links': 4, 'total_elems': 50028, 'total_shapes': 1632, 'total_links': 222, 'num_tensors': 56}
2026-07-16 21:27:42,567 [INFO] [45R/1518](swap: 2, u: 0 | c_u: 5 | t_u_l: 138/942 | t_u_r: 117/943 | t_u: 255/1885) -> {'max_bond': 32, 'max_links': 4, 'total_elems': 50924, 'total_shapes': 1640, 'total_links': 222, 'num_tensors': 56}
2026-07-16 21:27:42,750 [INFO] [46R/1518](swap: 2, u: 0 | c_u: 5 | t_u_l: 138/942 | t_u_r: 117/943 | t_u: 255/1885) -> {'max_bond': 32, 'max_links': 4, 'total_elems': 52844, 'total_shapes': 1680, 'total_links': 222, 'num_tensors': 56}
2026-07-16 21:27:42,933 [INFO] [47R/1518](swap: 2, u: 0 | c_u: 5 | t_u_l: 138/942 | t_u_r: 117/943 | t_u: 255/1885) -> {'max_bond': 32, 'max_links': 4, 'total_elems': 58220, 'total_shapes': 1760, 'total_links': 222, 'num_tensors': 56}
2026-07-16 21:27:43,119 [INFO] [48R/1518](swap: 1, u: 0 | c_u: 5 | t_u_l: 138/942 | t_u_r: 117/943 | t_u: 255/1885) -> {'max_bond': 32, 'max_links': 4, 'total_elems': 58220, 'total_shapes': 1760, 'total_links': 222, 'num_tensors': 56}
2026-07-16 21:27:43,306 [INFO] [49R/1518](swap: 1, u: 0 | c_u: 5 | t_u_l: 138/942 | t_u_r: 117/943 | t_u: 255/1885) -> {'max_bond': 32, 'max_links': 4, 'total_elems': 58220, 'total_shapes': 1760, 'total_links': 222, 'num_tensors': 56}
2026-07-16 21:27:43,492 [INFO] [50R/1518](swap: 1, u: 0 | c_u: 5 | t_u_l: 138/942 | t_u_r: 117/943 | t_u: 255/1885) -> {'max_bond': 32, 'max_links': 4, 'total_elems': 61292, 'total_shapes': 1792, 'total_links': 222, 'num_tensors': 56}
2026-07-16 21:27:43,681 [INFO] [51R/1518](swap: 1, u: 0 | c_u: 5 | t_u_l: 138/942 | t_u_r: 117/943 | t_u: 255/1885) -> {'max_bond': 32, 'max_links': 4, 'total_elems': 64364, 'total_shapes': 1824, 'total_links': 222, 'num_tensors': 56}
2026-07-16 21:27:43,874 [INFO] [52R/1518](swap: 0, u: 1 | c_u: 6 | t_u_l: 138/942 | t_u_r: 118/943 | t_u: 256/1885) -> {'max_bond': 32, 'max_links': 4, 'total_elems': 62316, 'total_shapes': 1808, 'total_links': 222, 'num_tensors': 56}
2026-07-16 21:27:44,063 [INFO] [53R/1518](swap: 0, u: 2 | c_u: 8 | t_u_l: 138/942 | t_u_r: 120/943 | t_u: 258/1885) -> {'max_bond': 32, 'max_links': 4, 'total_elems': 62316, 'total_shapes': 1808, 'total_links': 222, 'num_tensors': 56}
2026-07-16 21:27:44,260 [INFO] [54R/1518](swap: 2, u: 0 | c_u: 8 | t_u_l: 138/942 | t_u_r: 120/943 | t_u: 258/1885) -> {'max_bond': 32, 'max_links': 4, 'total_elems': 61292, 'total_shapes': 1776, 'total_links': 222, 'num_tensors': 56}
2026-07-16 21:27:44,455 [INFO] [55R/1518](swap: 2, u: 1 | c_u: 9 | t_u_l: 138/942 | t_u_r: 121/943 | t_u: 259/1885) -> {'max_bond': 64, 'max_links': 4, 'total_elems': 66924, 'total_shapes': 1832, 'total_links': 222, 'num_tensors': 56}
2026-07-16 21:27:44,677 [INFO] [56R/1518](swap: 2, u: 2 | c_u: 11 | t_u_l: 138/942 | t_u_r: 123/943 | t_u: 261/1885) -> {'max_bond': 64, 'max_links': 4, 'total_elems': 72684, 'total_shapes': 1848, 'total_links': 222, 'num_tensors': 56}
2026-07-16 21:27:44,900 [INFO] [57R/1518](swap: 4, u: 0 | c_u: 11 | t_u_l: 138/942 | t_u_r: 123/943 | t_u: 261/1885) -> {'max_bond': 64, 'max_links': 4, 'total_elems': 75564, 'total_shapes': 1872, 'total_links': 222, 'num_tensors': 56}
2026-07-16 21:27:45,130 [INFO] [58R/1518](swap: 4, u: 1 | c_u: 12 | t_u_l: 138/942 | t_u_r: 124/943 | t_u: 262/1885) -> {'max_bond': 64, 'max_links': 4, 'total_elems': 83756, 'total_shapes': 1952, 'total_links': 222, 'num_tensors': 56}
2026-07-16 21:27:45,377 [INFO] [59R/1518](swap: 4, u: 1 | c_u: 13 | t_u_l: 138/942 | t_u_r: 125/943 | t_u: 263/1885) -> {'max_bond': 64, 'max_links': 4, 'total_elems': 106284, 'total_shapes': 2080, 'total_links': 222, 'num_tensors': 56}
2026-07-16 21:27:45,653 [INFO] [60R/1518](swap: 5, u: 0 | c_u: 13 | t_u_l: 138/942 | t_u_r: 125/943 | t_u: 263/1885) -> {'max_bond': 64, 'max_links': 4, 'total_elems': 101676, 'total_shapes': 2080, 'total_links': 222, 'num_tensors': 56}
2026-07-16 21:27:45,917 [INFO] [61R/1518](swap: 5, u: 1 | c_u: 14 | t_u_l: 138/942 | t_u_r: 126/943 | t_u: 264/1885) -> {'max_bond': 64, 'max_links': 4, 'total_elems': 135532, 'total_shapes': 2216, 'total_links': 222, 'num_tensors': 56}
2026-07-16 21:27:46,248 [INFO] [62R/1518](swap: 6, u: 0 | c_u: 14 | t_u_l: 138/942 | t_u_r: 126/943 | t_u: 264/1885) -> {'max_bond': 64, 'max_links': 4, 'total_elems': 124908, 'total_shapes': 2128, 'total_links': 222, 'num_tensors': 56}
2026-07-16 21:27:46,555 [INFO] [63R/1518](swap: 5, u: 0 | c_u: 14 | t_u_l: 138/942 | t_u_r: 126/943 | t_u: 264/1885) -> {'max_bond': 64, 'max_links': 4, 'total_elems': 150444, 'total_shapes': 2256, 'total_links': 222, 'num_tensors': 56}
2026-07-16 21:27:46,909 [INFO] [64R/1518](swap: 5, u: 0 | c_u: 14 | t_u_l: 138/942 | t_u_r: 126/943 | t_u: 264/1885) -> {'max_bond': 64, 'max_links': 4, 'total_elems': 153004, 'total_shapes': 2320, 'total_links': 222, 'num_tensors': 56}
2026-07-16 21:27:47,355 [INFO] [65R/1518](swap: 6, u: 0 | c_u: 14 | t_u_l: 138/942 | t_u_r: 126/943 | t_u: 264/1885) -> {'max_bond': 64, 'max_links': 4, 'total_elems': 180140, 'total_shapes': 2496, 'total_links': 222, 'num_tensors': 56}
2026-07-16 21:27:47,751 [INFO] [4L/1265](swap: 13, u: 0 | c_u: 14 | t_u_l: 138/942 | t_u_r: 126/943 | t_u: 264/1885) -> {'max_bond': 256, 'max_links': 4, 'total_elems': 310876, 'total_shapes': 3156, 'total_links': 222, 'num_tensors': 56}
2026-07-16 21:27:48,348 [INFO] [66R/1518](swap: 7, u: 0 | c_u: 14 | t_u_l: 138/942 | t_u_r: 126/943 | t_u: 264/1885) -> {'max_bond': 256, 'max_links': 4, 'total_elems': 318044, 'total_shapes': 3188, 'total_links': 222, 'num_tensors': 56}
2026-07-16 21:27:48,867 [INFO]     [start unswap] -> {'max_bond': 256, 'max_links': 4, 'total_elems': 318044, 'total_shapes': 3188, 'total_links': 222, 'num_tensors': 56}
2026-07-16 21:27:50,109 [INFO]     [0 | both | 0](candidate_pairs: 28/28 | new_swaps: 5 | total: 5) -> {'max_bond': 256, 'max_links': 4, 'total_elems': 494236, 'total_shapes': 3844, 'total_links': 222, 'num_tensors': 56}
2026-07-16 21:27:53,389 [INFO]     [0 | both | 1](candidate_pairs: 27/27 | new_swaps: 9 | total: 14) -> {'max_bond': 256, 'max_links': 4, 'total_elems': 386652, 'total_shapes': 3268, 'total_links': 222, 'num_tensors': 56}
2026-07-16 21:27:53,888 [INFO]     [0 | left | 0](candidate_pairs: 28/28 | new_swaps: 10 | total: 24) -> {'max_bond': 64, 'max_links': 4, 'total_elems': 136880, 'total_shapes': 2066, 'total_links': 222, 'num_tensors': 56}
2026-07-16 21:27:54,145 [INFO]     [0 | left | 1](candidate_pairs: 27/27 | new_swaps: 7 | total: 31) -> {'max_bond': 64, 'max_links': 4, 'total_elems': 110504, 'total_shapes': 1864, 'total_links': 222, 'num_tensors': 56}
2026-07-16 21:27:54,325 [INFO]     [0 | right | 0](candidate_pairs: 28/28 | new_swaps: 7 | total: 38) -> {'max_bond': 64, 'max_links': 4, 'total_elems': 80408, 'total_shapes': 1572, 'total_links': 222, 'num_tensors': 56}
2026-07-16 21:27:54,472 [INFO]     [0 | right | 1](candidate_pairs: 27/27 | new_swaps: 2 | total: 40) -> {'max_bond': 64, 'max_links': 4, 'total_elems': 79256, 'total_shapes': 1540, 'total_links': 222, 'num_tensors': 56}
2026-07-16 21:27:54,850 [INFO]     [1 | both | 0](candidate_pairs: 28/28 | new_swaps: 4 | total: 4) -> {'max_bond': 64, 'max_links': 4, 'total_elems': 62744, 'total_shapes': 1412, 'total_links': 222, 'num_tensors': 56}
2026-07-16 21:27:55,114 [INFO]     [1 | both | 1](candidate_pairs: 27/27 | new_swaps: 6 | total: 10) -> {'max_bond': 64, 'max_links': 4, 'total_elems': 28904, 'total_shapes': 1124, 'total_links': 222, 'num_tensors': 56}
2026-07-16 21:27:55,198 [INFO]     [1 | left | 0](candidate_pairs: 28/28 | new_swaps: 2 | total: 12) -> {'max_bond': 32, 'max_links': 4, 'total_elems': 22664, 'total_shapes': 1048, 'total_links': 222, 'num_tensors': 56}
2026-07-16 21:27:55,243 [INFO]     [1 | left | 1](candidate_pairs: 27/27 | new_swaps: 0 | total: 12) -> {'max_bond': 32, 'max_links': 4, 'total_elems': 22664, 'total_shapes': 1048, 'total_links': 222, 'num_tensors': 56}
2026-07-16 21:27:55,317 [INFO]     [1 | right | 0](candidate_pairs: 28/28 | new_swaps: 2 | total: 14) -> {'max_bond': 32, 'max_links': 4, 'total_elems': 21512, 'total_shapes': 1016, 'total_links': 222, 'num_tensors': 56}
2026-07-16 21:27:55,393 [INFO]     [1 | right | 1](candidate_pairs: 27/27 | new_swaps: 2 | total: 16) -> {'max_bond': 32, 'max_links': 4, 'total_elems': 20680, 'total_shapes': 992, 'total_links': 222, 'num_tensors': 56}
2026-07-16 21:27:55,538 [INFO]     [2 | both | 0](candidate_pairs: 28/28 | new_swaps: 5 | total: 5) -> {'max_bond': 32, 'max_links': 4, 'total_elems': 16168, 'total_shapes': 912, 'total_links': 222, 'num_tensors': 56}
2026-07-16 21:27:55,672 [INFO]     [2 | both | 1](candidate_pairs: 27/27 | new_swaps: 2 | total: 7) -> {'max_bond': 32, 'max_links': 4, 'total_elems': 12904, 'total_shapes': 872, 'total_links': 222, 'num_tensors': 56}
2026-07-16 21:27:55,726 [INFO]     [2 | left | 0](candidate_pairs: 28/28 | new_swaps: 1 | total: 8) -> {'max_bond': 32, 'max_links': 4, 'total_elems': 12616, 'total_shapes': 860, 'total_links': 222, 'num_tensors': 56}
2026-07-16 21:27:55,794 [INFO]     [2 | left | 1](candidate_pairs: 27/27 | new_swaps: 3 | total: 11) -> {'max_bond': 32, 'max_links': 4, 'total_elems': 10664, 'total_shapes': 824, 'total_links': 222, 'num_tensors': 56}
2026-07-16 21:27:55,844 [INFO]     [2 | right | 0](candidate_pairs: 28/28 | new_swaps: 2 | total: 13) -> {'max_bond': 16, 'max_links': 4, 'total_elems': 8488, 'total_shapes': 776, 'total_links': 222, 'num_tensors': 56}
2026-07-16 21:27:55,892 [INFO]     [2 | right | 1](candidate_pairs: 27/27 | new_swaps: 2 | total: 15) -> {'max_bond': 16, 'max_links': 4, 'total_elems': 7480, 'total_shapes': 748, 'total_links': 222, 'num_tensors': 56}
2026-07-16 21:27:55,986 [INFO]     [3 | both | 0](candidate_pairs: 28/28 | new_swaps: 1 | total: 1) -> {'max_bond': 16, 'max_links': 4, 'total_elems': 6712, 'total_shapes': 732, 'total_links': 222, 'num_tensors': 56}
2026-07-16 21:27:56,090 [INFO]     [3 | both | 1](candidate_pairs: 27/27 | new_swaps: 2 | total: 3) -> {'max_bond': 16, 'max_links': 4, 'total_elems': 5896, 'total_shapes': 712, 'total_links': 222, 'num_tensors': 56}
2026-07-16 21:27:56,135 [INFO]     [3 | left | 0](candidate_pairs: 28/28 | new_swaps: 1 | total: 4) -> {'max_bond': 16, 'max_links': 4, 'total_elems': 5512, 'total_shapes': 696, 'total_links': 222, 'num_tensors': 56}
2026-07-16 21:27:56,161 [INFO]     [3 | left | 1](candidate_pairs: 27/27 | new_swaps: 0 | total: 4) -> {'max_bond': 16, 'max_links': 4, 'total_elems': 5512, 'total_shapes': 696, 'total_links': 222, 'num_tensors': 56}
2026-07-16 21:27:56,186 [INFO]     [3 | right | 0](candidate_pairs: 28/28 | new_swaps: 0 | total: 4) -> {'max_bond': 16, 'max_links': 4, 'total_elems': 5512, 'total_shapes': 696, 'total_links': 222, 'num_tensors': 56}
2026-07-16 21:27:56,211 [INFO]     [3 | right | 1](candidate_pairs: 27/27 | new_swaps: 0 | total: 4) -> {'max_bond': 16, 'max_links': 4, 'total_elems': 5512, 'total_shapes': 696, 'total_links': 222, 'num_tensors': 56}
2026-07-16 21:27:56,311 [INFO]     [4 | both | 0](candidate_pairs: 28/28 | new_swaps: 2 | total: 2) -> {'max_bond': 16, 'max_links': 4, 'total_elems': 5272, 'total_shapes': 684, 'total_links': 222, 'num_tensors': 56}
2026-07-16 21:27:56,397 [INFO]     [4 | both | 1](candidate_pairs: 27/27 | new_swaps: 1 | total: 3) -> {'max_bond': 16, 'max_links': 4, 'total_elems': 5224, 'total_shapes': 680, 'total_links': 222, 'num_tensors': 56}
2026-07-16 21:27:56,422 [INFO]     [4 | left | 0](candidate_pairs: 28/28 | new_swaps: 0 | total: 3) -> {'max_bond': 16, 'max_links': 4, 'total_elems': 5224, 'total_shapes': 680, 'total_links': 222, 'num_tensors': 56}
2026-07-16 21:27:56,467 [INFO]     [4 | left | 1](candidate_pairs: 27/27 | new_swaps: 1 | total: 4) -> {'max_bond': 16, 'max_links': 4, 'total_elems': 4904, 'total_shapes': 672, 'total_links': 222, 'num_tensors': 56}
2026-07-16 21:27:56,491 [INFO]     [4 | right | 0](candidate_pairs: 28/28 | new_swaps: 0 | total: 4) -> {'max_bond': 16, 'max_links': 4, 'total_elems': 4904, 'total_shapes': 672, 'total_links': 222, 'num_tensors': 56}
2026-07-16 21:27:56,515 [INFO]     [4 | right | 1](candidate_pairs: 27/27 | new_swaps: 0 | total: 4) -> {'max_bond': 16, 'max_links': 4, 'total_elems': 4904, 'total_shapes': 672, 'total_links': 222, 'num_tensors': 56}
2026-07-16 21:27:56,613 [INFO]     [5 | both | 0](candidate_pairs: 28/28 | new_swaps: 2 | total: 2) -> {'max_bond': 16, 'max_links': 4, 'total_elems': 3896, 'total_shapes': 644, 'total_links': 222, 'num_tensors': 56}
2026-07-16 21:27:56,708 [INFO]     [5 | both | 1](candidate_pairs: 27/27 | new_swaps: 2 | total: 4) -> {'max_bond': 8, 'max_links': 4, 'total_elems': 3272, 'total_shapes': 616, 'total_links': 222, 'num_tensors': 56}
2026-07-16 21:27:56,731 [INFO]     [5 | left | 0](candidate_pairs: 28/28 | new_swaps: 0 | total: 4) -> {'max_bond': 8, 'max_links': 4, 'total_elems': 3272, 'total_shapes': 616, 'total_links': 222, 'num_tensors': 56}
2026-07-16 21:27:56,755 [INFO]     [5 | left | 1](candidate_pairs: 27/27 | new_swaps: 0 | total: 4) -> {'max_bond': 8, 'max_links': 4, 'total_elems': 3272, 'total_shapes': 616, 'total_links': 222, 'num_tensors': 56}
2026-07-16 21:27:56,778 [INFO]     [5 | right | 0](candidate_pairs: 28/28 | new_swaps: 0 | total: 4) -> {'max_bond': 8, 'max_links': 4, 'total_elems': 3272, 'total_shapes': 616, 'total_links': 222, 'num_tensors': 56}
2026-07-16 21:27:56,801 [INFO]     [5 | right | 1](candidate_pairs: 27/27 | new_swaps: 0 | total: 4) -> {'max_bond': 8, 'max_links': 4, 'total_elems': 3272, 'total_shapes': 616, 'total_links': 222, 'num_tensors': 56}
2026-07-16 21:27:56,886 [INFO]     [6 | both | 0](candidate_pairs: 28/28 | new_swaps: 2 | total: 2) -> {'max_bond': 8, 'max_links': 4, 'total_elems': 3032, 'total_shapes': 604, 'total_links': 222, 'num_tensors': 56}
2026-07-16 21:27:56,979 [INFO]     [6 | both | 1](candidate_pairs: 27/27 | new_swaps: 2 | total: 4) -> {'max_bond': 8, 'max_links': 4, 'total_elems': 2792, 'total_shapes': 592, 'total_links': 222, 'num_tensors': 56}
2026-07-16 21:27:57,021 [INFO]     [6 | left | 0](candidate_pairs: 28/28 | new_swaps: 1 | total: 5) -> {'max_bond': 8, 'max_links': 4, 'total_elems': 2664, 'total_shapes': 584, 'total_links': 222, 'num_tensors': 56}
2026-07-16 21:27:57,044 [INFO]     [6 | left | 1](candidate_pairs: 27/27 | new_swaps: 0 | total: 5) -> {'max_bond': 8, 'max_links': 4, 'total_elems': 2664, 'total_shapes': 584, 'total_links': 222, 'num_tensors': 56}
2026-07-16 21:27:57,085 [INFO]     [6 | right | 0](candidate_pairs: 28/28 | new_swaps: 1 | total: 6) -> {'max_bond': 8, 'max_links': 4, 'total_elems': 2600, 'total_shapes': 580, 'total_links': 222, 'num_tensors': 56}
2026-07-16 21:27:57,108 [INFO]     [6 | right | 1](candidate_pairs: 27/27 | new_swaps: 0 | total: 6) -> {'max_bond': 8, 'max_links': 4, 'total_elems': 2600, 'total_shapes': 580, 'total_links': 222, 'num_tensors': 56}
2026-07-16 21:27:57,153 [INFO]     [7 | both | 0](candidate_pairs: 28/28 | new_swaps: 0 | total: 0) -> {'max_bond': 8, 'max_links': 4, 'total_elems': 2600, 'total_shapes': 580, 'total_links': 222, 'num_tensors': 56}
2026-07-16 21:27:57,234 [INFO]     [7 | both | 1](candidate_pairs: 27/27 | new_swaps: 1 | total: 1) -> {'max_bond': 8, 'max_links': 4, 'total_elems': 2552, 'total_shapes': 576, 'total_links': 222, 'num_tensors': 56}
2026-07-16 21:27:57,257 [INFO]     [7 | left | 0](candidate_pairs: 28/28 | new_swaps: 0 | total: 1) -> {'max_bond': 8, 'max_links': 4, 'total_elems': 2552, 'total_shapes': 576, 'total_links': 222, 'num_tensors': 56}
2026-07-16 21:27:57,280 [INFO]     [7 | left | 1](candidate_pairs: 27/27 | new_swaps: 0 | total: 1) -> {'max_bond': 8, 'max_links': 4, 'total_elems': 2552, 'total_shapes': 576, 'total_links': 222, 'num_tensors': 56}
2026-07-16 21:27:57,302 [INFO]     [7 | right | 0](candidate_pairs: 28/28 | new_swaps: 0 | total: 1) -> {'max_bond': 8, 'max_links': 4, 'total_elems': 2552, 'total_shapes': 576, 'total_links': 222, 'num_tensors': 56}
2026-07-16 21:27:57,324 [INFO]     [7 | right | 1](candidate_pairs: 27/27 | new_swaps: 0 | total: 1) -> {'max_bond': 8, 'max_links': 4, 'total_elems': 2552, 'total_shapes': 576, 'total_links': 222, 'num_tensors': 56}
2026-07-16 21:27:57,369 [INFO]     [8 | both | 0](candidate_pairs: 28/28 | new_swaps: 0 | total: 0) -> {'max_bond': 8, 'max_links': 4, 'total_elems': 2552, 'total_shapes': 576, 'total_links': 222, 'num_tensors': 56}
2026-07-16 21:27:57,412 [INFO]     [8 | both | 1](candidate_pairs: 27/27 | new_swaps: 0 | total: 0) -> {'max_bond': 8, 'max_links': 4, 'total_elems': 2552, 'total_shapes': 576, 'total_links': 222, 'num_tensors': 56}
2026-07-16 21:27:57,435 [INFO]     [8 | left | 0](candidate_pairs: 28/28 | new_swaps: 0 | total: 0) -> {'max_bond': 8, 'max_links': 4, 'total_elems': 2552, 'total_shapes': 576, 'total_links': 222, 'num_tensors': 56}
2026-07-16 21:27:57,458 [INFO]     [8 | left | 1](candidate_pairs: 27/27 | new_swaps: 0 | total: 0) -> {'max_bond': 8, 'max_links': 4, 'total_elems': 2552, 'total_shapes': 576, 'total_links': 222, 'num_tensors': 56}
2026-07-16 21:27:57,481 [INFO]     [8 | right | 0](candidate_pairs: 28/28 | new_swaps: 0 | total: 0) -> {'max_bond': 8, 'max_links': 4, 'total_elems': 2552, 'total_shapes': 576, 'total_links': 222, 'num_tensors': 56}
2026-07-16 21:27:57,503 [INFO]     [8 | right | 1](candidate_pairs: 27/27 | new_swaps: 0 | total: 0) -> {'max_bond': 8, 'max_links': 4, 'total_elems': 2552, 'total_shapes': 576, 'total_links': 222, 'num_tensors': 56}
2026-07-16 21:27:57,504 [INFO]     [end unswap] -> {'max_bond': 8, 'max_links': 4, 'total_elems': 2552, 'total_shapes': 576, 'total_links': 222, 'num_tensors': 56}
2026-07-16 21:28:02,022 [INFO] [start rewire](phase=post_unswap, cycle=27, side=left, layers=1263, trials=50, seed=123, parallel=False, route_candidates=1, route_score=none)
2026-07-16 21:28:03,628 [INFO] [end rewire](phase=post_unswap, cycle=27, side=left, routed_layers=1318, elapsed_s=1.61)
2026-07-16 21:28:03,628 [INFO] [start rewire](phase=post_unswap, cycle=27, side=right, layers=1454, trials=50, seed=123, parallel=False, route_candidates=1, route_score=none)
2026-07-16 21:28:04,816 [INFO] [end rewire](phase=post_unswap, cycle=27, side=right, routed_layers=1238, elapsed_s=1.19)
2026-07-16 21:28:05,129 [INFO] [1L/1316](swap: 15, u: 1 | c_u: 1 | t_u_l: 139/942 | t_u_r: 126/943 | t_u: 265/1885) -> {'max_bond': 8, 'max_links': 4, 'total_elems': 2424, 'total_shapes': 568, 'total_links': 222, 'num_tensors': 56}
2026-07-16 21:28:05,275 [INFO] [1R/1236](swap: 10, u: 0 | c_u: 1 | t_u_l: 139/942 | t_u_r: 126/943 | t_u: 265/1885) -> {'max_bond': 16, 'max_links': 4, 'total_elems': 3776, 'total_shapes': 674, 'total_links': 222, 'num_tensors': 56}
2026-07-16 21:28:05,420 [INFO] [2L/1316](swap: 17, u: 0 | c_u: 1 | t_u_l: 139/942 | t_u_r: 126/943 | t_u: 265/1885) -> {'max_bond': 16, 'max_links': 4, 'total_elems': 3612, 'total_shapes': 672, 'total_links': 222, 'num_tensors': 56}
2026-07-16 21:28:05,569 [INFO] [2R/1236](swap: 12, u: 0 | c_u: 1 | t_u_l: 139/942 | t_u_r: 126/943 | t_u: 265/1885) -> {'max_bond': 16, 'max_links': 4, 'total_elems': 5976, 'total_shapes': 802, 'total_links': 222, 'num_tensors': 56}
2026-07-16 21:28:05,720 [INFO] [3L/1316](swap: 17, u: 1 | c_u: 2 | t_u_l: 140/942 | t_u_r: 126/943 | t_u: 266/1885) -> {'max_bond': 16, 'max_links': 4, 'total_elems': 8360, 'total_shapes': 878, 'total_links': 222, 'num_tensors': 56}
2026-07-16 21:28:05,875 [INFO] [3R/1236](swap: 8, u: 0 | c_u: 2 | t_u_l: 140/942 | t_u_r: 126/943 | t_u: 266/1885) -> {'max_bond': 16, 'max_links': 4, 'total_elems': 10904, 'total_shapes': 982, 'total_links': 222, 'num_tensors': 56}
2026-07-16 21:28:06,032 [INFO] [4R/1236](swap: 5, u: 1 | c_u: 3 | t_u_l: 140/942 | t_u_r: 127/943 | t_u: 267/1885) -> {'max_bond': 64, 'max_links': 4, 'total_elems': 19976, 'total_shapes': 1142, 'total_links': 222, 'num_tensors': 56}
2026-07-16 21:28:06,204 [INFO] [5R/1236](swap: 6, u: 0 | c_u: 3 | t_u_l: 140/942 | t_u_r: 127/943 | t_u: 267/1885) -> {'max_bond': 64, 'max_links': 4, 'total_elems': 28664, 'total_shapes': 1266, 'total_links': 222, 'num_tensors': 56}
2026-07-16 21:28:06,380 [INFO] [6R/1236](swap: 6, u: 0 | c_u: 3 | t_u_l: 140/942 | t_u_r: 127/943 | t_u: 267/1885) -> {'max_bond': 64, 'max_links': 4, 'total_elems': 30360, 'total_shapes': 1342, 'total_links': 222, 'num_tensors': 56}
2026-07-16 21:28:06,556 [INFO] [4L/1316](swap: 14, u: 1 | c_u: 4 | t_u_l: 141/942 | t_u_r: 127/943 | t_u: 268/1885) -> {'max_bond': 64, 'max_links': 4, 'total_elems': 41544, 'total_shapes': 1546, 'total_links': 222, 'num_tensors': 56}
2026-07-16 21:28:06,756 [INFO] [7R/1236](swap: 4, u: 1 | c_u: 5 | t_u_l: 141/942 | t_u_r: 128/943 | t_u: 269/1885) -> {'max_bond': 64, 'max_links': 4, 'total_elems': 59016, 'total_shapes': 1682, 'total_links': 222, 'num_tensors': 56}
2026-07-16 21:28:06,977 [INFO] [8R/1236](swap: 6, u: 1 | c_u: 6 | t_u_l: 141/942 | t_u_r: 129/943 | t_u: 270/1885) -> {'max_bond': 64, 'max_links': 4, 'total_elems': 61896, 'total_shapes': 1714, 'total_links': 222, 'num_tensors': 56}
2026-07-16 21:28:07,196 [INFO] [5L/1316](swap: 15, u: 1 | c_u: 7 | t_u_l: 142/942 | t_u_r: 129/943 | t_u: 271/1885) -> {'max_bond': 64, 'max_links': 4, 'total_elems': 94080, 'total_shapes': 2126, 'total_links': 222, 'num_tensors': 56}
2026-07-16 21:28:07,459 [INFO] [9R/1236](swap: 8, u: 0 | c_u: 7 | t_u_l: 142/942 | t_u_r: 129/943 | t_u: 271/1885) -> {'max_bond': 64, 'max_links': 4, 'total_elems': 94752, 'total_shapes': 2142, 'total_links': 222, 'num_tensors': 56}
2026-07-16 21:28:07,711 [INFO] [10R/1236](swap: 8, u: 0 | c_u: 7 | t_u_l: 142/942 | t_u_r: 129/943 | t_u: 271/1885) -> {'max_bond': 128, 'max_links': 4, 'total_elems': 142080, 'total_shapes': 2442, 'total_links': 222, 'num_tensors': 56}
2026-07-16 21:28:08,072 [INFO] [6L/1316](swap: 14, u: 0 | c_u: 7 | t_u_l: 142/942 | t_u_r: 129/943 | t_u: 271/1885) -> {'max_bond': 128, 'max_links': 4, 'total_elems': 194592, 'total_shapes': 2840, 'total_links': 222, 'num_tensors': 56}
2026-07-16 21:28:08,428 [INFO] [11R/1236](swap: 7, u: 0 | c_u: 7 | t_u_l: 142/942 | t_u_r: 129/943 | t_u: 271/1885) -> {'max_bond': 128, 'max_links': 4, 'total_elems': 247968, 'total_shapes': 3152, 'total_links': 222, 'num_tensors': 56}
2026-07-16 21:28:08,892 [INFO] [12R/1236](swap: 7, u: 0 | c_u: 7 | t_u_l: 142/942 | t_u_r: 129/943 | t_u: 271/1885) -> {'max_bond': 128, 'max_links': 4, 'total_elems': 345504, 'total_shapes': 3584, 'total_links': 222, 'num_tensors': 56}
2026-07-16 21:28:09,397 [INFO]     [start unswap] -> {'max_bond': 128, 'max_links': 4, 'total_elems': 345504, 'total_shapes': 3584, 'total_links': 222, 'num_tensors': 56}
2026-07-16 21:28:12,033 [INFO]     [0 | both | 0](candidate_pairs: 28/28 | new_swaps: 7 | total: 7) -> {'max_bond': 128, 'max_links': 4, 'total_elems': 363040, 'total_shapes': 3632, 'total_links': 222, 'num_tensors': 56}
2026-07-16 21:28:12,961 [INFO]     [0 | both | 1](candidate_pairs: 27/27 | new_swaps: 10 | total: 17) -> {'max_bond': 128, 'max_links': 4, 'total_elems': 177952, 'total_shapes': 2720, 'total_links': 222, 'num_tensors': 56}
2026-07-16 21:28:13,222 [INFO]     [0 | left | 0](candidate_pairs: 28/28 | new_swaps: 10 | total: 27) -> {'max_bond': 64, 'max_links': 4, 'total_elems': 106212, 'total_shapes': 2202, 'total_links': 222, 'num_tensors': 56}
2026-07-16 21:28:13,405 [INFO]     [0 | left | 1](candidate_pairs: 27/27 | new_swaps: 11 | total: 38) -> {'max_bond': 64, 'max_links': 4, 'total_elems': 58948, 'total_shapes': 1684, 'total_links': 222, 'num_tensors': 56}
2026-07-16 21:28:13,506 [INFO]     [0 | right | 0](candidate_pairs: 28/28 | new_swaps: 4 | total: 42) -> {'max_bond': 64, 'max_links': 4, 'total_elems': 54340, 'total_shapes': 1572, 'total_links': 222, 'num_tensors': 56}
2026-07-16 21:28:13,633 [INFO]     [0 | right | 1](candidate_pairs: 27/27 | new_swaps: 6 | total: 48) -> {'max_bond': 64, 'max_links': 4, 'total_elems': 33796, 'total_shapes': 1388, 'total_links': 222, 'num_tensors': 56}
2026-07-16 21:28:13,793 [INFO]     [1 | both | 0](candidate_pairs: 28/28 | new_swaps: 14 | total: 14) -> {'max_bond': 32, 'max_links': 4, 'total_elems': 11912, 'total_shapes': 982, 'total_links': 222, 'num_tensors': 56}
2026-07-16 21:28:13,902 [INFO]     [1 | both | 1](candidate_pairs: 27/27 | new_swaps: 4 | total: 18) -> {'max_bond': 16, 'max_links': 4, 'total_elems': 8584, 'total_shapes': 874, 'total_links': 222, 'num_tensors': 56}
2026-07-16 21:28:13,963 [INFO]     [1 | left | 0](candidate_pairs: 28/28 | new_swaps: 3 | total: 21) -> {'max_bond': 16, 'max_links': 4, 'total_elems': 7368, 'total_shapes': 842, 'total_links': 222, 'num_tensors': 56}
2026-07-16 21:28:14,023 [INFO]     [1 | left | 1](candidate_pairs: 27/27 | new_swaps: 5 | total: 26) -> {'max_bond': 8, 'max_links': 4, 'total_elems': 5424, 'total_shapes': 752, 'total_links': 222, 'num_tensors': 56}
2026-07-16 21:28:14,079 [INFO]     [1 | right | 0](candidate_pairs: 28/28 | new_swaps: 4 | total: 30) -> {'max_bond': 8, 'max_links': 4, 'total_elems': 4784, 'total_shapes': 716, 'total_links': 222, 'num_tensors': 56}
2026-07-16 21:28:14,103 [INFO]     [1 | right | 1](candidate_pairs: 27/27 | new_swaps: 0 | total: 30) -> {'max_bond': 8, 'max_links': 4, 'total_elems': 4784, 'total_shapes': 716, 'total_links': 222, 'num_tensors': 56}
2026-07-16 21:28:14,202 [INFO]     [2 | both | 0](candidate_pairs: 28/28 | new_swaps: 4 | total: 4) -> {'max_bond': 8, 'max_links': 4, 'total_elems': 4112, 'total_shapes': 684, 'total_links': 222, 'num_tensors': 56}
2026-07-16 21:28:14,302 [INFO]     [2 | both | 1](candidate_pairs: 27/27 | new_swaps: 2 | total: 6) -> {'max_bond': 8, 'max_links': 4, 'total_elems': 3824, 'total_shapes': 668, 'total_links': 222, 'num_tensors': 56}
2026-07-16 21:28:14,357 [INFO]     [2 | left | 0](candidate_pairs: 28/28 | new_swaps: 2 | total: 8) -> {'max_bond': 8, 'max_links': 4, 'total_elems': 3504, 'total_shapes': 652, 'total_links': 222, 'num_tensors': 56}
2026-07-16 21:28:14,400 [INFO]     [2 | left | 1](candidate_pairs: 27/27 | new_swaps: 1 | total: 9) -> {'max_bond': 8, 'max_links': 4, 'total_elems': 3376, 'total_shapes': 644, 'total_links': 222, 'num_tensors': 56}
2026-07-16 21:28:14,446 [INFO]     [2 | right | 0](candidate_pairs: 28/28 | new_swaps: 1 | total: 10) -> {'max_bond': 8, 'max_links': 4, 'total_elems': 3312, 'total_shapes': 640, 'total_links': 222, 'num_tensors': 56}
2026-07-16 21:28:14,522 [INFO]     [2 | right | 1](candidate_pairs: 27/27 | new_swaps: 2 | total: 12) -> {'max_bond': 8, 'max_links': 4, 'total_elems': 3216, 'total_shapes': 632, 'total_links': 222, 'num_tensors': 56}
2026-07-16 21:28:15,461 [INFO]     [3 | both | 0](candidate_pairs: 28/28 | new_swaps: 0 | total: 0) -> {'max_bond': 8, 'max_links': 4, 'total_elems': 3216, 'total_shapes': 632, 'total_links': 222, 'num_tensors': 56}
2026-07-16 21:28:15,508 [INFO]     [3 | both | 1](candidate_pairs: 27/27 | new_swaps: 0 | total: 0) -> {'max_bond': 8, 'max_links': 4, 'total_elems': 3216, 'total_shapes': 632, 'total_links': 222, 'num_tensors': 56}
2026-07-16 21:28:15,532 [INFO]     [3 | left | 0](candidate_pairs: 28/28 | new_swaps: 0 | total: 0) -> {'max_bond': 8, 'max_links': 4, 'total_elems': 3216, 'total_shapes': 632, 'total_links': 222, 'num_tensors': 56}
2026-07-16 21:28:15,557 [INFO]     [3 | left | 1](candidate_pairs: 27/27 | new_swaps: 0 | total: 0) -> {'max_bond': 8, 'max_links': 4, 'total_elems': 3216, 'total_shapes': 632, 'total_links': 222, 'num_tensors': 56}
2026-07-16 21:28:15,601 [INFO]     [3 | right | 0](candidate_pairs: 28/28 | new_swaps: 1 | total: 1) -> {'max_bond': 8, 'max_links': 4, 'total_elems': 3168, 'total_shapes': 628, 'total_links': 222, 'num_tensors': 56}
2026-07-16 21:28:15,625 [INFO]     [3 | right | 1](candidate_pairs: 27/27 | new_swaps: 0 | total: 1) -> {'max_bond': 8, 'max_links': 4, 'total_elems': 3168, 'total_shapes': 628, 'total_links': 222, 'num_tensors': 56}
2026-07-16 21:28:15,697 [INFO]     [4 | both | 0](candidate_pairs: 28/28 | new_swaps: 0 | total: 0) -> {'max_bond': 8, 'max_links': 4, 'total_elems': 3168, 'total_shapes': 628, 'total_links': 222, 'num_tensors': 56}
2026-07-16 21:28:15,795 [INFO]     [4 | both | 1](candidate_pairs: 27/27 | new_swaps: 1 | total: 1) -> {'max_bond': 8, 'max_links': 4, 'total_elems': 3120, 'total_shapes': 624, 'total_links': 222, 'num_tensors': 56}
2026-07-16 21:28:15,819 [INFO]     [4 | left | 0](candidate_pairs: 28/28 | new_swaps: 0 | total: 1) -> {'max_bond': 8, 'max_links': 4, 'total_elems': 3120, 'total_shapes': 624, 'total_links': 222, 'num_tensors': 56}
2026-07-16 21:28:15,845 [INFO]     [4 | left | 1](candidate_pairs: 27/27 | new_swaps: 0 | total: 1) -> {'max_bond': 8, 'max_links': 4, 'total_elems': 3120, 'total_shapes': 624, 'total_links': 222, 'num_tensors': 56}
2026-07-16 21:28:15,887 [INFO]     [4 | right | 0](candidate_pairs: 28/28 | new_swaps: 1 | total: 2) -> {'max_bond': 8, 'max_links': 4, 'total_elems': 3072, 'total_shapes': 620, 'total_links': 222, 'num_tensors': 56}
2026-07-16 21:28:15,929 [INFO]     [4 | right | 1](candidate_pairs: 27/27 | new_swaps: 1 | total: 3) -> {'max_bond': 8, 'max_links': 4, 'total_elems': 3024, 'total_shapes': 616, 'total_links': 222, 'num_tensors': 56}
2026-07-16 21:28:16,011 [INFO]     [5 | both | 0](candidate_pairs: 28/28 | new_swaps: 1 | total: 1) -> {'max_bond': 8, 'max_links': 4, 'total_elems': 2976, 'total_shapes': 612, 'total_links': 222, 'num_tensors': 56}
2026-07-16 21:28:16,055 [INFO]     [5 | both | 1](candidate_pairs: 27/27 | new_swaps: 0 | total: 1) -> {'max_bond': 8, 'max_links': 4, 'total_elems': 2976, 'total_shapes': 612, 'total_links': 222, 'num_tensors': 56}
2026-07-16 21:28:16,079 [INFO]     [5 | left | 0](candidate_pairs: 28/28 | new_swaps: 0 | total: 1) -> {'max_bond': 8, 'max_links': 4, 'total_elems': 2976, 'total_shapes': 612, 'total_links': 222, 'num_tensors': 56}
2026-07-16 21:28:16,102 [INFO]     [5 | left | 1](candidate_pairs: 27/27 | new_swaps: 0 | total: 1) -> {'max_bond': 8, 'max_links': 4, 'total_elems': 2976, 'total_shapes': 612, 'total_links': 222, 'num_tensors': 56}
2026-07-16 21:28:16,125 [INFO]     [5 | right | 0](candidate_pairs: 28/28 | new_swaps: 0 | total: 1) -> {'max_bond': 8, 'max_links': 4, 'total_elems': 2976, 'total_shapes': 612, 'total_links': 222, 'num_tensors': 56}
2026-07-16 21:28:16,148 [INFO]     [5 | right | 1](candidate_pairs: 27/27 | new_swaps: 0 | total: 1) -> {'max_bond': 8, 'max_links': 4, 'total_elems': 2976, 'total_shapes': 612, 'total_links': 222, 'num_tensors': 56}
2026-07-16 21:28:16,194 [INFO]     [6 | both | 0](candidate_pairs: 28/28 | new_swaps: 0 | total: 0) -> {'max_bond': 8, 'max_links': 4, 'total_elems': 2976, 'total_shapes': 612, 'total_links': 222, 'num_tensors': 56}
2026-07-16 21:28:16,239 [INFO]     [6 | both | 1](candidate_pairs: 27/27 | new_swaps: 0 | total: 0) -> {'max_bond': 8, 'max_links': 4, 'total_elems': 2976, 'total_shapes': 612, 'total_links': 222, 'num_tensors': 56}
2026-07-16 21:28:16,263 [INFO]     [6 | left | 0](candidate_pairs: 28/28 | new_swaps: 0 | total: 0) -> {'max_bond': 8, 'max_links': 4, 'total_elems': 2976, 'total_shapes': 612, 'total_links': 222, 'num_tensors': 56}
2026-07-16 21:28:16,286 [INFO]     [6 | left | 1](candidate_pairs: 27/27 | new_swaps: 0 | total: 0) -> {'max_bond': 8, 'max_links': 4, 'total_elems': 2976, 'total_shapes': 612, 'total_links': 222, 'num_tensors': 56}
2026-07-16 21:28:16,309 [INFO]     [6 | right | 0](candidate_pairs: 28/28 | new_swaps: 0 | total: 0) -> {'max_bond': 8, 'max_links': 4, 'total_elems': 2976, 'total_shapes': 612, 'total_links': 222, 'num_tensors': 56}
2026-07-16 21:28:16,332 [INFO]     [6 | right | 1](candidate_pairs: 27/27 | new_swaps: 0 | total: 0) -> {'max_bond': 8, 'max_links': 4, 'total_elems': 2976, 'total_shapes': 612, 'total_links': 222, 'num_tensors': 56}
2026-07-16 21:28:16,333 [INFO]     [end unswap] -> {'max_bond': 8, 'max_links': 4, 'total_elems': 2976, 'total_shapes': 612, 'total_links': 222, 'num_tensors': 56}
2026-07-16 21:28:19,978 [INFO] [start rewire](phase=post_unswap, cycle=28, side=left, layers=1312, trials=50, seed=123, parallel=False, route_candidates=1, route_score=none)
2026-07-16 21:28:21,487 [INFO] [end rewire](phase=post_unswap, cycle=28, side=left, routed_layers=1318, elapsed_s=1.51)
2026-07-16 21:28:21,487 [INFO] [start rewire](phase=post_unswap, cycle=28, side=right, layers=1226, trials=50, seed=123, parallel=False, route_candidates=1, route_score=none)
2026-07-16 21:28:22,606 [INFO] [end rewire](phase=post_unswap, cycle=28, side=right, routed_layers=1236, elapsed_s=1.12)
2026-07-16 21:28:22,926 [INFO] [1L/1316](swap: 13, u: 1 | c_u: 1 | t_u_l: 143/942 | t_u_r: 129/943 | t_u: 272/1885) -> {'max_bond': 8, 'max_links': 4, 'total_elems': 2976, 'total_shapes': 612, 'total_links': 222, 'num_tensors': 56}
2026-07-16 21:28:23,076 [INFO] [1R/1234](swap: 9, u: 0 | c_u: 1 | t_u_l: 143/942 | t_u_r: 129/943 | t_u: 272/1885) -> {'max_bond': 16, 'max_links': 4, 'total_elems': 4648, 'total_shapes': 722, 'total_links': 222, 'num_tensors': 56}
2026-07-16 21:28:23,227 [INFO] [2L/1316](swap: 12, u: 1 | c_u: 2 | t_u_l: 144/942 | t_u_r: 129/943 | t_u: 273/1885) -> {'max_bond': 16, 'max_links': 4, 'total_elems': 6288, 'total_shapes': 820, 'total_links': 222, 'num_tensors': 56}
2026-07-16 21:28:23,379 [INFO] [2R/1234](swap: 7, u: 0 | c_u: 2 | t_u_l: 144/942 | t_u_r: 129/943 | t_u: 273/1885) -> {'max_bond': 16, 'max_links': 4, 'total_elems': 7488, 'total_shapes': 872, 'total_links': 222, 'num_tensors': 56}
2026-07-16 21:28:23,532 [INFO] [3R/1234](swap: 6, u: 0 | c_u: 2 | t_u_l: 144/942 | t_u_r: 129/943 | t_u: 273/1885) -> {'max_bond': 16, 'max_links': 4, 'total_elems': 11120, 'total_shapes': 964, 'total_links': 222, 'num_tensors': 56}
2026-07-16 21:28:23,688 [INFO] [4R/1234](swap: 3, u: 1 | c_u: 3 | t_u_l: 144/942 | t_u_r: 130/943 | t_u: 274/1885) -> {'max_bond': 16, 'max_links': 4, 'total_elems': 12560, 'total_shapes': 1000, 'total_links': 222, 'num_tensors': 56}
2026-07-16 21:28:23,844 [INFO] [5R/1234](swap: 4, u: 0 | c_u: 3 | t_u_l: 144/942 | t_u_r: 130/943 | t_u: 274/1885) -> {'max_bond': 16, 'max_links': 4, 'total_elems': 14000, 'total_shapes': 1024, 'total_links': 222, 'num_tensors': 56}
2026-07-16 21:28:24,000 [INFO] [6R/1234](swap: 4, u: 0 | c_u: 3 | t_u_l: 144/942 | t_u_r: 130/943 | t_u: 274/1885) -> {'max_bond': 16, 'max_links': 4, 'total_elems': 17120, 'total_shapes': 1100, 'total_links': 222, 'num_tensors': 56}
2026-07-16 21:28:24,161 [INFO] [7R/1234](swap: 4, u: 0 | c_u: 3 | t_u_l: 144/942 | t_u_r: 130/943 | t_u: 274/1885) -> {'max_bond': 64, 'max_links': 4, 'total_elems': 25856, 'total_shapes': 1248, 'total_links': 222, 'num_tensors': 56}
2026-07-16 21:28:24,333 [INFO] [3L/1316](swap: 11, u: 1 | c_u: 4 | t_u_l: 145/942 | t_u_r: 130/943 | t_u: 275/1885) -> {'max_bond': 64, 'max_links': 4, 'total_elems': 30496, 'total_shapes': 1406, 'total_links': 222, 'num_tensors': 56}
2026-07-16 21:28:24,506 [INFO] [4L/1316](swap: 8, u: 1 | c_u: 5 | t_u_l: 146/942 | t_u_r: 130/943 | t_u: 276/1885) -> {'max_bond': 64, 'max_links': 4, 'total_elems': 39584, 'total_shapes': 1574, 'total_links': 222, 'num_tensors': 56}
2026-07-16 21:28:24,676 [INFO] [5L/1316](swap: 9, u: 0 | c_u: 5 | t_u_l: 146/942 | t_u_r: 130/943 | t_u: 276/1885) -> {'max_bond': 64, 'max_links': 4, 'total_elems': 46448, 'total_shapes': 1728, 'total_links': 222, 'num_tensors': 56}
2026-07-16 21:28:24,859 [INFO] [6L/1316](swap: 6, u: 1 | c_u: 6 | t_u_l: 147/942 | t_u_r: 130/943 | t_u: 277/1885) -> {'max_bond': 64, 'max_links': 4, 'total_elems': 59936, 'total_shapes': 1932, 'total_links': 222, 'num_tensors': 56}
2026-07-16 21:28:25,043 [INFO] [7L/1316](swap: 7, u: 0 | c_u: 6 | t_u_l: 147/942 | t_u_r: 130/943 | t_u: 277/1885) -> {'max_bond': 64, 'max_links': 4, 'total_elems': 67040, 'total_shapes': 2040, 'total_links': 222, 'num_tensors': 56}
2026-07-16 21:28:25,241 [INFO] [8L/1316](swap: 7, u: 0 | c_u: 6 | t_u_l: 147/942 | t_u_r: 130/943 | t_u: 277/1885) -> {'max_bond': 64, 'max_links': 4, 'total_elems': 87968, 'total_shapes': 2224, 'total_links': 222, 'num_tensors': 56}
2026-07-16 21:28:25,455 [INFO] [8R/1234](swap: 4, u: 0 | c_u: 6 | t_u_l: 147/942 | t_u_r: 130/943 | t_u: 277/1885) -> {'max_bond': 64, 'max_links': 4, 'total_elems': 121376, 'total_shapes': 2408, 'total_links': 222, 'num_tensors': 56}
2026-07-16 21:28:25,688 [INFO] [9R/1234](swap: 4, u: 0 | c_u: 6 | t_u_l: 147/942 | t_u_r: 130/943 | t_u: 277/1885) -> {'max_bond': 64, 'max_links': 4, 'total_elems': 121184, 'total_shapes': 2400, 'total_links': 222, 'num_tensors': 56}
2026-07-16 21:28:25,929 [INFO] [10R/1234](swap: 5, u: 0 | c_u: 6 | t_u_l: 147/942 | t_u_r: 130/943 | t_u: 277/1885) -> {'max_bond': 64, 'max_links': 4, 'total_elems': 119840, 'total_shapes': 2440, 'total_links': 222, 'num_tensors': 56}
2026-07-16 21:28:26,164 [INFO] [11R/1234](swap: 5, u: 0 | c_u: 6 | t_u_l: 147/942 | t_u_r: 130/943 | t_u: 277/1885) -> {'max_bond': 64, 'max_links': 4, 'total_elems': 144992, 'total_shapes': 2552, 'total_links': 222, 'num_tensors': 56}
2026-07-16 21:28:26,464 [INFO] [12R/1234](swap: 3, u: 2 | c_u: 8 | t_u_l: 147/942 | t_u_r: 132/943 | t_u: 279/1885) -> {'max_bond': 256, 'max_links': 4, 'total_elems': 242016, 'total_shapes': 2912, 'total_links': 222, 'num_tensors': 56}
2026-07-16 21:28:26,954 [INFO] [13R/1234](swap: 5, u: 0 | c_u: 8 | t_u_l: 147/942 | t_u_r: 132/943 | t_u: 279/1885) -> {'max_bond': 256, 'max_links': 4, 'total_elems': 498528, 'total_shapes': 3424, 'total_links': 222, 'num_tensors': 56}
2026-07-16 21:28:27,588 [INFO]     [start unswap] -> {'max_bond': 256, 'max_links': 4, 'total_elems': 498528, 'total_shapes': 3424, 'total_links': 222, 'num_tensors': 56}
2026-07-16 21:28:30,364 [INFO]     [0 | both | 0](candidate_pairs: 28/28 | new_swaps: 9 | total: 9) -> {'max_bond': 256, 'max_links': 4, 'total_elems': 476704, 'total_shapes': 3232, 'total_links': 222, 'num_tensors': 56}
2026-07-16 21:28:32,668 [INFO]     [0 | both | 1](candidate_pairs: 27/27 | new_swaps: 6 | total: 15) -> {'max_bond': 256, 'max_links': 4, 'total_elems': 202592, 'total_shapes': 2584, 'total_links': 222, 'num_tensors': 56}
2026-07-16 21:28:32,950 [INFO]     [0 | left | 0](candidate_pairs: 28/28 | new_swaps: 6 | total: 21) -> {'max_bond': 64, 'max_links': 4, 'total_elems': 92448, 'total_shapes': 2000, 'total_links': 222, 'num_tensors': 56}
2026-07-16 21:28:33,133 [INFO]     [0 | left | 1](candidate_pairs: 27/27 | new_swaps: 9 | total: 30) -> {'max_bond': 64, 'max_links': 4, 'total_elems': 44320, 'total_shapes': 1648, 'total_links': 222, 'num_tensors': 56}
2026-07-16 21:28:33,224 [INFO]     [0 | right | 0](candidate_pairs: 28/28 | new_swaps: 6 | total: 36) -> {'max_bond': 16, 'max_links': 4, 'total_elems': 27872, 'total_shapes': 1360, 'total_links': 222, 'num_tensors': 56}
2026-07-16 21:28:33,308 [INFO]     [0 | right | 1](candidate_pairs: 27/27 | new_swaps: 5 | total: 41) -> {'max_bond': 16, 'max_links': 4, 'total_elems': 21856, 'total_shapes': 1248, 'total_links': 222, 'num_tensors': 56}
2026-07-16 21:28:33,445 [INFO]     [1 | both | 0](candidate_pairs: 28/28 | new_swaps: 9 | total: 9) -> {'max_bond': 16, 'max_links': 4, 'total_elems': 17860, 'total_shapes': 1084, 'total_links': 222, 'num_tensors': 56}
2026-07-16 21:28:33,562 [INFO]     [1 | both | 1](candidate_pairs: 27/27 | new_swaps: 2 | total: 11) -> {'max_bond': 16, 'max_links': 4, 'total_elems': 16828, 'total_shapes': 1056, 'total_links': 222, 'num_tensors': 56}
2026-07-16 21:28:33,632 [INFO]     [1 | left | 0](candidate_pairs: 28/28 | new_swaps: 4 | total: 15) -> {'max_bond': 16, 'max_links': 4, 'total_elems': 13724, 'total_shapes': 984, 'total_links': 222, 'num_tensors': 56}
2026-07-16 21:28:33,698 [INFO]     [1 | left | 1](candidate_pairs: 27/27 | new_swaps: 5 | total: 20) -> {'max_bond': 16, 'max_links': 4, 'total_elems': 11328, 'total_shapes': 902, 'total_links': 222, 'num_tensors': 56}
2026-07-16 21:28:33,760 [INFO]     [1 | right | 0](candidate_pairs: 28/28 | new_swaps: 3 | total: 23) -> {'max_bond': 16, 'max_links': 4, 'total_elems': 10240, 'total_shapes': 866, 'total_links': 222, 'num_tensors': 56}
2026-07-16 21:28:33,820 [INFO]     [1 | right | 1](candidate_pairs: 27/27 | new_swaps: 2 | total: 25) -> {'max_bond': 16, 'max_links': 4, 'total_elems': 9088, 'total_shapes': 834, 'total_links': 222, 'num_tensors': 56}
2026-07-16 21:28:33,928 [INFO]     [2 | both | 0](candidate_pairs: 28/28 | new_swaps: 4 | total: 4) -> {'max_bond': 16, 'max_links': 4, 'total_elems': 6928, 'total_shapes': 774, 'total_links': 222, 'num_tensors': 56}
2026-07-16 21:28:34,016 [INFO]     [2 | both | 1](candidate_pairs: 27/27 | new_swaps: 1 | total: 5) -> {'max_bond': 16, 'max_links': 4, 'total_elems': 5968, 'total_shapes': 750, 'total_links': 222, 'num_tensors': 56}
2026-07-16 21:28:34,061 [INFO]     [2 | left | 0](candidate_pairs: 28/28 | new_swaps: 2 | total: 7) -> {'max_bond': 16, 'max_links': 4, 'total_elems': 4948, 'total_shapes': 720, 'total_links': 222, 'num_tensors': 56}
2026-07-16 21:28:34,117 [INFO]     [2 | left | 1](candidate_pairs: 27/27 | new_swaps: 2 | total: 9) -> {'max_bond': 8, 'max_links': 4, 'total_elems': 4180, 'total_shapes': 680, 'total_links': 222, 'num_tensors': 56}
2026-07-16 21:28:34,140 [INFO]     [2 | right | 0](candidate_pairs: 28/28 | new_swaps: 0 | total: 9) -> {'max_bond': 8, 'max_links': 4, 'total_elems': 4180, 'total_shapes': 680, 'total_links': 222, 'num_tensors': 56}
2026-07-16 21:28:34,194 [INFO]     [2 | right | 1](candidate_pairs: 27/27 | new_swaps: 2 | total: 11) -> {'max_bond': 8, 'max_links': 4, 'total_elems': 3940, 'total_shapes': 668, 'total_links': 222, 'num_tensors': 56}
2026-07-16 21:28:34,288 [INFO]     [3 | both | 0](candidate_pairs: 28/28 | new_swaps: 1 | total: 1) -> {'max_bond': 8, 'max_links': 4, 'total_elems': 3892, 'total_shapes': 664, 'total_links': 222, 'num_tensors': 56}
2026-07-16 21:28:34,385 [INFO]     [3 | both | 1](candidate_pairs: 27/27 | new_swaps: 3 | total: 4) -> {'max_bond': 8, 'max_links': 4, 'total_elems': 3592, 'total_shapes': 646, 'total_links': 222, 'num_tensors': 56}
2026-07-16 21:28:34,408 [INFO]     [3 | left | 0](candidate_pairs: 28/28 | new_swaps: 0 | total: 4) -> {'max_bond': 8, 'max_links': 4, 'total_elems': 3592, 'total_shapes': 646, 'total_links': 222, 'num_tensors': 56}
2026-07-16 21:28:34,432 [INFO]     [3 | left | 1](candidate_pairs: 27/27 | new_swaps: 0 | total: 4) -> {'max_bond': 8, 'max_links': 4, 'total_elems': 3592, 'total_shapes': 646, 'total_links': 222, 'num_tensors': 56}
2026-07-16 21:28:34,455 [INFO]     [3 | right | 0](candidate_pairs: 28/28 | new_swaps: 0 | total: 4) -> {'max_bond': 8, 'max_links': 4, 'total_elems': 3592, 'total_shapes': 646, 'total_links': 222, 'num_tensors': 56}
2026-07-16 21:28:34,478 [INFO]     [3 | right | 1](candidate_pairs: 27/27 | new_swaps: 0 | total: 4) -> {'max_bond': 8, 'max_links': 4, 'total_elems': 3592, 'total_shapes': 646, 'total_links': 222, 'num_tensors': 56}
2026-07-16 21:28:34,572 [INFO]     [4 | both | 0](candidate_pairs: 28/28 | new_swaps: 2 | total: 2) -> {'max_bond': 8, 'max_links': 4, 'total_elems': 3484, 'total_shapes': 636, 'total_links': 222, 'num_tensors': 56}
2026-07-16 21:28:34,656 [INFO]     [4 | both | 1](candidate_pairs: 27/27 | new_swaps: 1 | total: 3) -> {'max_bond': 8, 'max_links': 4, 'total_elems': 3424, 'total_shapes': 630, 'total_links': 222, 'num_tensors': 56}
2026-07-16 21:28:34,679 [INFO]     [4 | left | 0](candidate_pairs: 28/28 | new_swaps: 0 | total: 3) -> {'max_bond': 8, 'max_links': 4, 'total_elems': 3424, 'total_shapes': 630, 'total_links': 222, 'num_tensors': 56}
2026-07-16 21:28:34,703 [INFO]     [4 | left | 1](candidate_pairs: 27/27 | new_swaps: 0 | total: 3) -> {'max_bond': 8, 'max_links': 4, 'total_elems': 3424, 'total_shapes': 630, 'total_links': 222, 'num_tensors': 56}
2026-07-16 21:28:34,744 [INFO]     [4 | right | 0](candidate_pairs: 28/28 | new_swaps: 1 | total: 4) -> {'max_bond': 8, 'max_links': 4, 'total_elems': 3364, 'total_shapes': 624, 'total_links': 222, 'num_tensors': 56}
2026-07-16 21:28:34,785 [INFO]     [4 | right | 1](candidate_pairs: 27/27 | new_swaps: 1 | total: 5) -> {'max_bond': 8, 'max_links': 4, 'total_elems': 3304, 'total_shapes': 618, 'total_links': 222, 'num_tensors': 56}
2026-07-16 21:28:34,867 [INFO]     [5 | both | 0](candidate_pairs: 28/28 | new_swaps: 1 | total: 1) -> {'max_bond': 8, 'max_links': 4, 'total_elems': 3244, 'total_shapes': 612, 'total_links': 222, 'num_tensors': 56}
2026-07-16 21:28:34,951 [INFO]     [5 | both | 1](candidate_pairs: 27/27 | new_swaps: 1 | total: 2) -> {'max_bond': 8, 'max_links': 4, 'total_elems': 3184, 'total_shapes': 606, 'total_links': 222, 'num_tensors': 56}
2026-07-16 21:28:34,974 [INFO]     [5 | left | 0](candidate_pairs: 28/28 | new_swaps: 0 | total: 2) -> {'max_bond': 8, 'max_links': 4, 'total_elems': 3184, 'total_shapes': 606, 'total_links': 222, 'num_tensors': 56}
2026-07-16 21:28:34,997 [INFO]     [5 | left | 1](candidate_pairs: 27/27 | new_swaps: 0 | total: 2) -> {'max_bond': 8, 'max_links': 4, 'total_elems': 3184, 'total_shapes': 606, 'total_links': 222, 'num_tensors': 56}
2026-07-16 21:28:35,020 [INFO]     [5 | right | 0](candidate_pairs: 28/28 | new_swaps: 0 | total: 2) -> {'max_bond': 8, 'max_links': 4, 'total_elems': 3184, 'total_shapes': 606, 'total_links': 222, 'num_tensors': 56}
2026-07-16 21:28:35,043 [INFO]     [5 | right | 1](candidate_pairs: 27/27 | new_swaps: 0 | total: 2) -> {'max_bond': 8, 'max_links': 4, 'total_elems': 3184, 'total_shapes': 606, 'total_links': 222, 'num_tensors': 56}
2026-07-16 21:28:35,125 [INFO]     [6 | both | 0](candidate_pairs: 28/28 | new_swaps: 1 | total: 1) -> {'max_bond': 8, 'max_links': 4, 'total_elems': 3124, 'total_shapes': 600, 'total_links': 222, 'num_tensors': 56}
2026-07-16 21:28:35,209 [INFO]     [6 | both | 1](candidate_pairs: 27/27 | new_swaps: 1 | total: 2) -> {'max_bond': 8, 'max_links': 4, 'total_elems': 3064, 'total_shapes': 594, 'total_links': 222, 'num_tensors': 56}
2026-07-16 21:28:35,232 [INFO]     [6 | left | 0](candidate_pairs: 28/28 | new_swaps: 0 | total: 2) -> {'max_bond': 8, 'max_links': 4, 'total_elems': 3064, 'total_shapes': 594, 'total_links': 222, 'num_tensors': 56}
2026-07-16 21:28:35,256 [INFO]     [6 | left | 1](candidate_pairs: 27/27 | new_swaps: 0 | total: 2) -> {'max_bond': 8, 'max_links': 4, 'total_elems': 3064, 'total_shapes': 594, 'total_links': 222, 'num_tensors': 56}
2026-07-16 21:28:35,278 [INFO]     [6 | right | 0](candidate_pairs: 28/28 | new_swaps: 0 | total: 2) -> {'max_bond': 8, 'max_links': 4, 'total_elems': 3064, 'total_shapes': 594, 'total_links': 222, 'num_tensors': 56}
2026-07-16 21:28:35,302 [INFO]     [6 | right | 1](candidate_pairs: 27/27 | new_swaps: 0 | total: 2) -> {'max_bond': 8, 'max_links': 4, 'total_elems': 3064, 'total_shapes': 594, 'total_links': 222, 'num_tensors': 56}
2026-07-16 21:28:35,383 [INFO]     [7 | both | 0](candidate_pairs: 28/28 | new_swaps: 1 | total: 1) -> {'max_bond': 8, 'max_links': 4, 'total_elems': 3004, 'total_shapes': 588, 'total_links': 222, 'num_tensors': 56}
2026-07-16 21:28:35,429 [INFO]     [7 | both | 1](candidate_pairs: 27/27 | new_swaps: 0 | total: 1) -> {'max_bond': 8, 'max_links': 4, 'total_elems': 3004, 'total_shapes': 588, 'total_links': 222, 'num_tensors': 56}
2026-07-16 21:28:35,452 [INFO]     [7 | left | 0](candidate_pairs: 28/28 | new_swaps: 0 | total: 1) -> {'max_bond': 8, 'max_links': 4, 'total_elems': 3004, 'total_shapes': 588, 'total_links': 222, 'num_tensors': 56}
2026-07-16 21:28:35,475 [INFO]     [7 | left | 1](candidate_pairs: 27/27 | new_swaps: 0 | total: 1) -> {'max_bond': 8, 'max_links': 4, 'total_elems': 3004, 'total_shapes': 588, 'total_links': 222, 'num_tensors': 56}
2026-07-16 21:28:35,498 [INFO]     [7 | right | 0](candidate_pairs: 28/28 | new_swaps: 0 | total: 1) -> {'max_bond': 8, 'max_links': 4, 'total_elems': 3004, 'total_shapes': 588, 'total_links': 222, 'num_tensors': 56}
2026-07-16 21:28:35,540 [INFO]     [7 | right | 1](candidate_pairs: 27/27 | new_swaps: 1 | total: 2) -> {'max_bond': 8, 'max_links': 4, 'total_elems': 2944, 'total_shapes': 582, 'total_links': 222, 'num_tensors': 56}
2026-07-16 21:28:35,622 [INFO]     [8 | both | 0](candidate_pairs: 28/28 | new_swaps: 1 | total: 1) -> {'max_bond': 8, 'max_links': 4, 'total_elems': 2884, 'total_shapes': 576, 'total_links': 222, 'num_tensors': 56}
2026-07-16 21:28:35,705 [INFO]     [8 | both | 1](candidate_pairs: 27/27 | new_swaps: 1 | total: 2) -> {'max_bond': 8, 'max_links': 4, 'total_elems': 2824, 'total_shapes': 570, 'total_links': 222, 'num_tensors': 56}
2026-07-16 21:28:35,728 [INFO]     [8 | left | 0](candidate_pairs: 28/28 | new_swaps: 0 | total: 2) -> {'max_bond': 8, 'max_links': 4, 'total_elems': 2824, 'total_shapes': 570, 'total_links': 222, 'num_tensors': 56}
2026-07-16 21:28:35,751 [INFO]     [8 | left | 1](candidate_pairs: 27/27 | new_swaps: 0 | total: 2) -> {'max_bond': 8, 'max_links': 4, 'total_elems': 2824, 'total_shapes': 570, 'total_links': 222, 'num_tensors': 56}
2026-07-16 21:28:35,773 [INFO]     [8 | right | 0](candidate_pairs: 28/28 | new_swaps: 0 | total: 2) -> {'max_bond': 8, 'max_links': 4, 'total_elems': 2824, 'total_shapes': 570, 'total_links': 222, 'num_tensors': 56}
2026-07-16 21:28:35,796 [INFO]     [8 | right | 1](candidate_pairs: 27/27 | new_swaps: 0 | total: 2) -> {'max_bond': 8, 'max_links': 4, 'total_elems': 2824, 'total_shapes': 570, 'total_links': 222, 'num_tensors': 56}
2026-07-16 21:28:35,879 [INFO]     [9 | both | 0](candidate_pairs: 28/28 | new_swaps: 1 | total: 1) -> {'max_bond': 8, 'max_links': 4, 'total_elems': 2764, 'total_shapes': 564, 'total_links': 222, 'num_tensors': 56}
2026-07-16 21:28:35,923 [INFO]     [9 | both | 1](candidate_pairs: 27/27 | new_swaps: 0 | total: 1) -> {'max_bond': 8, 'max_links': 4, 'total_elems': 2764, 'total_shapes': 564, 'total_links': 222, 'num_tensors': 56}
2026-07-16 21:28:35,946 [INFO]     [9 | left | 0](candidate_pairs: 28/28 | new_swaps: 0 | total: 1) -> {'max_bond': 8, 'max_links': 4, 'total_elems': 2764, 'total_shapes': 564, 'total_links': 222, 'num_tensors': 56}
2026-07-16 21:28:35,969 [INFO]     [9 | left | 1](candidate_pairs: 27/27 | new_swaps: 0 | total: 1) -> {'max_bond': 8, 'max_links': 4, 'total_elems': 2764, 'total_shapes': 564, 'total_links': 222, 'num_tensors': 56}
2026-07-16 21:28:35,992 [INFO]     [9 | right | 0](candidate_pairs: 28/28 | new_swaps: 0 | total: 1) -> {'max_bond': 8, 'max_links': 4, 'total_elems': 2764, 'total_shapes': 564, 'total_links': 222, 'num_tensors': 56}
2026-07-16 21:28:36,015 [INFO]     [9 | right | 1](candidate_pairs: 27/27 | new_swaps: 0 | total: 1) -> {'max_bond': 8, 'max_links': 4, 'total_elems': 2764, 'total_shapes': 564, 'total_links': 222, 'num_tensors': 56}
2026-07-16 21:28:36,059 [INFO]     [10 | both | 0](candidate_pairs: 28/28 | new_swaps: 0 | total: 0) -> {'max_bond': 8, 'max_links': 4, 'total_elems': 2764, 'total_shapes': 564, 'total_links': 222, 'num_tensors': 56}
2026-07-16 21:28:36,104 [INFO]     [10 | both | 1](candidate_pairs: 27/27 | new_swaps: 0 | total: 0) -> {'max_bond': 8, 'max_links': 4, 'total_elems': 2764, 'total_shapes': 564, 'total_links': 222, 'num_tensors': 56}
2026-07-16 21:28:36,127 [INFO]     [10 | left | 0](candidate_pairs: 28/28 | new_swaps: 0 | total: 0) -> {'max_bond': 8, 'max_links': 4, 'total_elems': 2764, 'total_shapes': 564, 'total_links': 222, 'num_tensors': 56}
2026-07-16 21:28:36,150 [INFO]     [10 | left | 1](candidate_pairs: 27/27 | new_swaps: 0 | total: 0) -> {'max_bond': 8, 'max_links': 4, 'total_elems': 2764, 'total_shapes': 564, 'total_links': 222, 'num_tensors': 56}
2026-07-16 21:28:36,173 [INFO]     [10 | right | 0](candidate_pairs: 28/28 | new_swaps: 0 | total: 0) -> {'max_bond': 8, 'max_links': 4, 'total_elems': 2764, 'total_shapes': 564, 'total_links': 222, 'num_tensors': 56}
2026-07-16 21:28:36,195 [INFO]     [10 | right | 1](candidate_pairs: 27/27 | new_swaps: 0 | total: 0) -> {'max_bond': 8, 'max_links': 4, 'total_elems': 2764, 'total_shapes': 564, 'total_links': 222, 'num_tensors': 56}
2026-07-16 21:28:36,196 [INFO]     [end unswap] -> {'max_bond': 8, 'max_links': 4, 'total_elems': 2764, 'total_shapes': 564, 'total_links': 222, 'num_tensors': 56}
2026-07-16 21:28:42,091 [INFO] [start rewire](phase=post_unswap, cycle=29, side=left, layers=1310, trials=50, seed=123, parallel=False, route_candidates=1, route_score=none)
2026-07-16 21:28:44,433 [INFO] [end rewire](phase=post_unswap, cycle=29, side=left, routed_layers=1302, elapsed_s=2.34)
2026-07-16 21:28:44,434 [INFO] [start rewire](phase=post_unswap, cycle=29, side=right, layers=1223, trials=50, seed=123, parallel=False, route_candidates=1, route_score=none)
2026-07-16 21:28:45,649 [INFO] [end rewire](phase=post_unswap, cycle=29, side=right, routed_layers=1368, elapsed_s=1.21)
2026-07-16 21:28:45,981 [INFO] [1L/1300](swap: 12, u: 0 | c_u: 0 | t_u_l: 147/942 | t_u_r: 132/943 | t_u: 279/1885) -> {'max_bond': 8, 'max_links': 4, 'total_elems': 2764, 'total_shapes': 564, 'total_links': 222, 'num_tensors': 56}
2026-07-16 21:28:46,134 [INFO] [1R/1366](swap: 6, u: 1 | c_u: 1 | t_u_l: 147/942 | t_u_r: 133/943 | t_u: 280/1885) -> {'max_bond': 16, 'max_links': 4, 'total_elems': 3988, 'total_shapes': 644, 'total_links': 222, 'num_tensors': 56}
2026-07-16 21:28:46,287 [INFO] [2L/1300](swap: 14, u: 0 | c_u: 1 | t_u_l: 147/942 | t_u_r: 133/943 | t_u: 280/1885) -> {'max_bond': 16, 'max_links': 4, 'total_elems': 4852, 'total_shapes': 686, 'total_links': 222, 'num_tensors': 56}
2026-07-16 21:28:46,443 [INFO] [2R/1366](swap: 4, u: 0 | c_u: 1 | t_u_l: 147/942 | t_u_r: 133/943 | t_u: 280/1885) -> {'max_bond': 16, 'max_links': 4, 'total_elems': 6388, 'total_shapes': 734, 'total_links': 222, 'num_tensors': 56}
2026-07-16 21:28:46,599 [INFO] [3R/1366](swap: 4, u: 0 | c_u: 1 | t_u_l: 147/942 | t_u_r: 133/943 | t_u: 280/1885) -> {'max_bond': 32, 'max_links': 4, 'total_elems': 8848, 'total_shapes': 796, 'total_links': 222, 'num_tensors': 56}
2026-07-16 21:28:46,760 [INFO] [3L/1300](swap: 14, u: 0 | c_u: 1 | t_u_l: 147/942 | t_u_r: 133/943 | t_u: 280/1885) -> {'max_bond': 16, 'max_links': 4, 'total_elems': 8788, 'total_shapes': 848, 'total_links': 222, 'num_tensors': 56}
2026-07-16 21:28:46,924 [INFO] [4R/1366](swap: 5, u: 0 | c_u: 1 | t_u_l: 147/942 | t_u_r: 133/943 | t_u: 280/1885) -> {'max_bond': 32, 'max_links': 4, 'total_elems': 12352, 'total_shapes': 938, 'total_links': 222, 'num_tensors': 56}
2026-07-16 21:28:47,084 [INFO] [5R/1366](swap: 4, u: 0 | c_u: 1 | t_u_l: 147/942 | t_u_r: 133/943 | t_u: 280/1885) -> {'max_bond': 32, 'max_links': 4, 'total_elems': 12448, 'total_shapes': 944, 'total_links': 222, 'num_tensors': 56}
2026-07-16 21:28:47,244 [INFO] [6R/1366](swap: 5, u: 0 | c_u: 1 | t_u_l: 147/942 | t_u_r: 133/943 | t_u: 280/1885) -> {'max_bond': 32, 'max_links': 4, 'total_elems': 12448, 'total_shapes': 944, 'total_links': 222, 'num_tensors': 56}
2026-07-16 21:28:47,403 [INFO] [4L/1300](swap: 12, u: 0 | c_u: 1 | t_u_l: 147/942 | t_u_r: 133/943 | t_u: 280/1885) -> {'max_bond': 16, 'max_links': 4, 'total_elems': 12956, 'total_shapes': 996, 'total_links': 222, 'num_tensors': 56}
2026-07-16 21:28:47,561 [INFO] [7R/1366](swap: 5, u: 0 | c_u: 1 | t_u_l: 147/942 | t_u_r: 133/943 | t_u: 280/1885) -> {'max_bond': 16, 'max_links': 4, 'total_elems': 14300, 'total_shapes': 1044, 'total_links': 222, 'num_tensors': 56}
2026-07-16 21:28:47,723 [INFO] [8R/1366](swap: 4, u: 0 | c_u: 1 | t_u_l: 147/942 | t_u_r: 133/943 | t_u: 280/1885) -> {'max_bond': 16, 'max_links': 4, 'total_elems': 16220, 'total_shapes': 1080, 'total_links': 222, 'num_tensors': 56}
2026-07-16 21:28:47,883 [INFO] [9R/1366](swap: 3, u: 0 | c_u: 1 | t_u_l: 147/942 | t_u_r: 133/943 | t_u: 280/1885) -> {'max_bond': 16, 'max_links': 4, 'total_elems': 17432, 'total_shapes': 1126, 'total_links': 222, 'num_tensors': 56}
2026-07-16 21:28:48,045 [INFO] [5L/1300](swap: 12, u: 0 | c_u: 1 | t_u_l: 147/942 | t_u_r: 133/943 | t_u: 280/1885) -> {'max_bond': 32, 'max_links': 4, 'total_elems': 25304, 'total_shapes': 1302, 'total_links': 222, 'num_tensors': 56}
2026-07-16 21:28:48,219 [INFO] [10R/1366](swap: 4, u: 0 | c_u: 1 | t_u_l: 147/942 | t_u_r: 133/943 | t_u: 280/1885) -> {'max_bond': 64, 'max_links': 4, 'total_elems': 37076, 'total_shapes': 1452, 'total_links': 222, 'num_tensors': 56}
2026-07-16 21:28:48,412 [INFO] [11R/1366](swap: 4, u: 0 | c_u: 1 | t_u_l: 147/942 | t_u_r: 133/943 | t_u: 280/1885) -> {'max_bond': 64, 'max_links': 4, 'total_elems': 53200, 'total_shapes': 1616, 'total_links': 222, 'num_tensors': 56}
2026-07-16 21:28:48,610 [INFO] [12R/1366](swap: 4, u: 0 | c_u: 1 | t_u_l: 147/942 | t_u_r: 133/943 | t_u: 280/1885) -> {'max_bond': 64, 'max_links': 4, 'total_elems': 54128, 'total_shapes': 1644, 'total_links': 222, 'num_tensors': 56}
2026-07-16 21:28:48,811 [INFO] [13R/1366](swap: 3, u: 1 | c_u: 2 | t_u_l: 147/942 | t_u_r: 134/943 | t_u: 281/1885) -> {'max_bond': 64, 'max_links': 4, 'total_elems': 63728, 'total_shapes': 1818, 'total_links': 222, 'num_tensors': 56}
2026-07-16 21:28:49,026 [INFO] [14R/1366](swap: 5, u: 0 | c_u: 2 | t_u_l: 147/942 | t_u_r: 134/943 | t_u: 281/1885) -> {'max_bond': 64, 'max_links': 4, 'total_elems': 85156, 'total_shapes': 1924, 'total_links': 222, 'num_tensors': 56}
2026-07-16 21:28:49,278 [INFO] [15R/1366](swap: 6, u: 0 | c_u: 2 | t_u_l: 147/942 | t_u_r: 134/943 | t_u: 281/1885) -> {'max_bond': 64, 'max_links': 4, 'total_elems': 88016, 'total_shapes': 1954, 'total_links': 222, 'num_tensors': 56}
2026-07-16 21:28:49,532 [INFO] [16R/1366](swap: 6, u: 0 | c_u: 2 | t_u_l: 147/942 | t_u_r: 134/943 | t_u: 281/1885) -> {'max_bond': 64, 'max_links': 4, 'total_elems': 75712, 'total_shapes': 1982, 'total_links': 222, 'num_tensors': 56}
2026-07-16 21:28:49,766 [INFO] [17R/1366](swap: 5, u: 1 | c_u: 3 | t_u_l: 147/942 | t_u_r: 135/943 | t_u: 282/1885) -> {'max_bond': 64, 'max_links': 4, 'total_elems': 80640, 'total_shapes': 2074, 'total_links': 222, 'num_tensors': 56}
2026-07-16 21:28:50,006 [INFO] [18R/1366](swap: 4, u: 2 | c_u: 5 | t_u_l: 147/942 | t_u_r: 137/943 | t_u: 284/1885) -> {'max_bond': 128, 'max_links': 4, 'total_elems': 112640, 'total_shapes': 2426, 'total_links': 222, 'num_tensors': 56}
2026-07-16 21:28:50,269 [INFO] [19R/1366](swap: 4, u: 1 | c_u: 6 | t_u_l: 147/942 | t_u_r: 138/943 | t_u: 285/1885) -> {'max_bond': 128, 'max_links': 4, 'total_elems': 131216, 'total_shapes': 2570, 'total_links': 222, 'num_tensors': 56}
2026-07-16 21:28:50,564 [INFO] [20R/1366](swap: 6, u: 0 | c_u: 6 | t_u_l: 147/942 | t_u_r: 138/943 | t_u: 285/1885) -> {'max_bond': 128, 'max_links': 4, 'total_elems': 159584, 'total_shapes': 2832, 'total_links': 222, 'num_tensors': 56}
2026-07-16 21:28:50,885 [INFO] [21R/1366](swap: 5, u: 3 | c_u: 9 | t_u_l: 147/942 | t_u_r: 141/943 | t_u: 288/1885) -> {'max_bond': 128, 'max_links': 4, 'total_elems': 200576, 'total_shapes': 3052, 'total_links': 222, 'num_tensors': 56}
2026-07-16 21:28:51,264 [INFO] [22R/1366](swap: 6, u: 1 | c_u: 10 | t_u_l: 147/942 | t_u_r: 142/943 | t_u: 289/1885) -> {'max_bond': 128, 'max_links': 4, 'total_elems': 281440, 'total_shapes': 3472, 'total_links': 222, 'num_tensors': 56}
2026-07-16 21:28:51,809 [INFO] [23R/1366](swap: 6, u: 0 | c_u: 10 | t_u_l: 147/942 | t_u_r: 142/943 | t_u: 289/1885) -> {'max_bond': 128, 'max_links': 4, 'total_elems': 281184, 'total_shapes': 3468, 'total_links': 222, 'num_tensors': 56}
2026-07-16 21:28:52,372 [INFO] [24R/1366](swap: 6, u: 0 | c_u: 10 | t_u_l: 147/942 | t_u_r: 142/943 | t_u: 289/1885) -> {'max_bond': 256, 'max_links': 4, 'total_elems': 464384, 'total_shapes': 3844, 'total_links': 222, 'num_tensors': 56}
2026-07-16 21:28:52,941 [INFO] [25R/1366](swap: 6, u: 0 | c_u: 10 | t_u_l: 147/942 | t_u_r: 142/943 | t_u: 289/1885) -> {'max_bond': 256, 'max_links': 4, 'total_elems': 482896, 'total_shapes': 3916, 'total_links': 222, 'num_tensors': 56}
2026-07-16 21:28:53,501 [INFO] [26R/1366](swap: 6, u: 0 | c_u: 10 | t_u_l: 147/942 | t_u_r: 142/943 | t_u: 289/1885) -> {'max_bond': 256, 'max_links': 4, 'total_elems': 487968, 'total_shapes': 3940, 'total_links': 222, 'num_tensors': 56}
2026-07-16 21:28:54,077 [INFO]     [start unswap] -> {'max_bond': 256, 'max_links': 4, 'total_elems': 487968, 'total_shapes': 3940, 'total_links': 222, 'num_tensors': 56}
2026-07-16 21:28:56,793 [INFO]     [0 | both | 0](candidate_pairs: 28/28 | new_swaps: 2 | total: 2) -> {'max_bond': 256, 'max_links': 4, 'total_elems': 528048, 'total_shapes': 4136, 'total_links': 222, 'num_tensors': 56}
2026-07-16 21:28:58,213 [INFO]     [0 | both | 1](candidate_pairs: 27/27 | new_swaps: 10 | total: 12) -> {'max_bond': 128, 'max_links': 4, 'total_elems': 211824, 'total_shapes': 2968, 'total_links': 222, 'num_tensors': 56}
2026-07-16 21:28:58,510 [INFO]     [0 | left | 0](candidate_pairs: 28/28 | new_swaps: 9 | total: 21) -> {'max_bond': 128, 'max_links': 4, 'total_elems': 131876, 'total_shapes': 2390, 'total_links': 222, 'num_tensors': 56}
2026-07-16 21:28:58,730 [INFO]     [0 | left | 1](candidate_pairs: 27/27 | new_swaps: 5 | total: 26) -> {'max_bond': 64, 'max_links': 4, 'total_elems': 83492, 'total_shapes': 1958, 'total_links': 222, 'num_tensors': 56}
2026-07-16 21:28:58,874 [INFO]     [0 | right | 0](candidate_pairs: 28/28 | new_swaps: 5 | total: 31) -> {'max_bond': 64, 'max_links': 4, 'total_elems': 70500, 'total_shapes': 1790, 'total_links': 222, 'num_tensors': 56}
2026-07-16 21:28:59,018 [INFO]     [0 | right | 1](candidate_pairs: 27/27 | new_swaps: 7 | total: 38) -> {'max_bond': 64, 'max_links': 4, 'total_elems': 63220, 'total_shapes': 1666, 'total_links': 222, 'num_tensors': 56}
2026-07-16 21:28:59,284 [INFO]     [1 | both | 0](candidate_pairs: 28/28 | new_swaps: 8 | total: 8) -> {'max_bond': 64, 'max_links': 4, 'total_elems': 35508, 'total_shapes': 1362, 'total_links': 222, 'num_tensors': 56}
2026-07-16 21:28:59,455 [INFO]     [1 | both | 1](candidate_pairs: 27/27 | new_swaps: 7 | total: 15) -> {'max_bond': 32, 'max_links': 4, 'total_elems': 18948, 'total_shapes': 1110, 'total_links': 222, 'num_tensors': 56}
2026-07-16 21:28:59,525 [INFO]     [1 | left | 0](candidate_pairs: 28/28 | new_swaps: 4 | total: 19) -> {'max_bond': 16, 'max_links': 4, 'total_elems': 15124, 'total_shapes': 1018, 'total_links': 222, 'num_tensors': 56}
2026-07-16 21:28:59,594 [INFO]     [1 | left | 1](candidate_pairs: 27/27 | new_swaps: 4 | total: 23) -> {'max_bond': 16, 'max_links': 4, 'total_elems': 12820, 'total_shapes': 964, 'total_links': 222, 'num_tensors': 56}
2026-07-16 21:28:59,656 [INFO]     [1 | right | 0](candidate_pairs: 28/28 | new_swaps: 2 | total: 25) -> {'max_bond': 16, 'max_links': 4, 'total_elems': 11964, 'total_shapes': 940, 'total_links': 222, 'num_tensors': 56}
2026-07-16 21:28:59,721 [INFO]     [1 | right | 1](candidate_pairs: 27/27 | new_swaps: 4 | total: 29) -> {'max_bond': 16, 'max_links': 4, 'total_elems': 10592, 'total_shapes': 898, 'total_links': 222, 'num_tensors': 56}
2026-07-16 21:28:59,837 [INFO]     [2 | both | 0](candidate_pairs: 28/28 | new_swaps: 7 | total: 7) -> {'max_bond': 16, 'max_links': 4, 'total_elems': 7088, 'total_shapes': 798, 'total_links': 222, 'num_tensors': 56}
2026-07-16 21:28:59,944 [INFO]     [2 | both | 1](candidate_pairs: 27/27 | new_swaps: 5 | total: 12) -> {'max_bond': 16, 'max_links': 4, 'total_elems': 5296, 'total_shapes': 742, 'total_links': 222, 'num_tensors': 56}
2026-07-16 21:28:59,989 [INFO]     [2 | left | 0](candidate_pairs: 28/28 | new_swaps: 1 | total: 13) -> {'max_bond': 9, 'max_links': 4, 'total_elems': 4848, 'total_shapes': 716, 'total_links': 222, 'num_tensors': 56}
2026-07-16 21:29:00,035 [INFO]     [2 | left | 1](candidate_pairs: 27/27 | new_swaps: 2 | total: 15) -> {'max_bond': 8, 'max_links': 4, 'total_elems': 4256, 'total_shapes': 690, 'total_links': 222, 'num_tensors': 56}
2026-07-16 21:29:00,092 [INFO]     [2 | right | 0](candidate_pairs: 28/28 | new_swaps: 4 | total: 19) -> {'max_bond': 8, 'max_links': 4, 'total_elems': 3828, 'total_shapes': 668, 'total_links': 222, 'num_tensors': 56}
2026-07-16 21:29:00,116 [INFO]     [2 | right | 1](candidate_pairs: 27/27 | new_swaps: 0 | total: 19) -> {'max_bond': 8, 'max_links': 4, 'total_elems': 3828, 'total_shapes': 668, 'total_links': 222, 'num_tensors': 56}
2026-07-16 21:29:00,213 [INFO]     [3 | both | 0](candidate_pairs: 28/28 | new_swaps: 2 | total: 2) -> {'max_bond': 8, 'max_links': 4, 'total_elems': 3732, 'total_shapes': 660, 'total_links': 222, 'num_tensors': 56}
2026-07-16 21:29:00,298 [INFO]     [3 | both | 1](candidate_pairs: 27/27 | new_swaps: 2 | total: 4) -> {'max_bond': 8, 'max_links': 4, 'total_elems': 3636, 'total_shapes': 652, 'total_links': 222, 'num_tensors': 56}
2026-07-16 21:29:00,322 [INFO]     [3 | left | 0](candidate_pairs: 28/28 | new_swaps: 0 | total: 4) -> {'max_bond': 8, 'max_links': 4, 'total_elems': 3636, 'total_shapes': 652, 'total_links': 222, 'num_tensors': 56}
2026-07-16 21:29:00,346 [INFO]     [3 | left | 1](candidate_pairs: 27/27 | new_swaps: 0 | total: 4) -> {'max_bond': 8, 'max_links': 4, 'total_elems': 3636, 'total_shapes': 652, 'total_links': 222, 'num_tensors': 56}
2026-07-16 21:29:00,370 [INFO]     [3 | right | 0](candidate_pairs: 28/28 | new_swaps: 0 | total: 4) -> {'max_bond': 8, 'max_links': 4, 'total_elems': 3636, 'total_shapes': 652, 'total_links': 222, 'num_tensors': 56}
2026-07-16 21:29:00,393 [INFO]     [3 | right | 1](candidate_pairs: 27/27 | new_swaps: 0 | total: 4) -> {'max_bond': 8, 'max_links': 4, 'total_elems': 3636, 'total_shapes': 652, 'total_links': 222, 'num_tensors': 56}
2026-07-16 21:29:00,489 [INFO]     [4 | both | 0](candidate_pairs: 28/28 | new_swaps: 2 | total: 2) -> {'max_bond': 8, 'max_links': 4, 'total_elems': 3540, 'total_shapes': 644, 'total_links': 222, 'num_tensors': 56}
2026-07-16 21:29:00,572 [INFO]     [4 | both | 1](candidate_pairs: 27/27 | new_swaps: 1 | total: 3) -> {'max_bond': 8, 'max_links': 4, 'total_elems': 3492, 'total_shapes': 640, 'total_links': 222, 'num_tensors': 56}
2026-07-16 21:29:00,596 [INFO]     [4 | left | 0](candidate_pairs: 28/28 | new_swaps: 0 | total: 3) -> {'max_bond': 8, 'max_links': 4, 'total_elems': 3492, 'total_shapes': 640, 'total_links': 222, 'num_tensors': 56}
2026-07-16 21:29:00,620 [INFO]     [4 | left | 1](candidate_pairs: 27/27 | new_swaps: 0 | total: 3) -> {'max_bond': 8, 'max_links': 4, 'total_elems': 3492, 'total_shapes': 640, 'total_links': 222, 'num_tensors': 56}
2026-07-16 21:29:00,663 [INFO]     [4 | right | 0](candidate_pairs: 28/28 | new_swaps: 1 | total: 4) -> {'max_bond': 8, 'max_links': 4, 'total_elems': 3444, 'total_shapes': 636, 'total_links': 222, 'num_tensors': 56}
2026-07-16 21:29:00,686 [INFO]     [4 | right | 1](candidate_pairs: 27/27 | new_swaps: 0 | total: 4) -> {'max_bond': 8, 'max_links': 4, 'total_elems': 3444, 'total_shapes': 636, 'total_links': 222, 'num_tensors': 56}
2026-07-16 21:29:00,732 [INFO]     [5 | both | 0](candidate_pairs: 28/28 | new_swaps: 0 | total: 0) -> {'max_bond': 8, 'max_links': 4, 'total_elems': 3444, 'total_shapes': 636, 'total_links': 222, 'num_tensors': 56}
2026-07-16 21:29:00,815 [INFO]     [5 | both | 1](candidate_pairs: 27/27 | new_swaps: 1 | total: 1) -> {'max_bond': 8, 'max_links': 4, 'total_elems': 3396, 'total_shapes': 632, 'total_links': 222, 'num_tensors': 56}
2026-07-16 21:29:00,839 [INFO]     [5 | left | 0](candidate_pairs: 28/28 | new_swaps: 0 | total: 1) -> {'max_bond': 8, 'max_links': 4, 'total_elems': 3396, 'total_shapes': 632, 'total_links': 222, 'num_tensors': 56}
2026-07-16 21:29:00,863 [INFO]     [5 | left | 1](candidate_pairs: 27/27 | new_swaps: 0 | total: 1) -> {'max_bond': 8, 'max_links': 4, 'total_elems': 3396, 'total_shapes': 632, 'total_links': 222, 'num_tensors': 56}
2026-07-16 21:29:00,886 [INFO]     [5 | right | 0](candidate_pairs: 28/28 | new_swaps: 0 | total: 1) -> {'max_bond': 8, 'max_links': 4, 'total_elems': 3396, 'total_shapes': 632, 'total_links': 222, 'num_tensors': 56}
2026-07-16 21:29:00,910 [INFO]     [5 | right | 1](candidate_pairs: 27/27 | new_swaps: 0 | total: 1) -> {'max_bond': 8, 'max_links': 4, 'total_elems': 3396, 'total_shapes': 632, 'total_links': 222, 'num_tensors': 56}
2026-07-16 21:29:00,994 [INFO]     [6 | both | 0](candidate_pairs: 28/28 | new_swaps: 1 | total: 1) -> {'max_bond': 8, 'max_links': 4, 'total_elems': 3348, 'total_shapes': 628, 'total_links': 222, 'num_tensors': 56}
2026-07-16 21:29:01,039 [INFO]     [6 | both | 1](candidate_pairs: 27/27 | new_swaps: 0 | total: 1) -> {'max_bond': 8, 'max_links': 4, 'total_elems': 3348, 'total_shapes': 628, 'total_links': 222, 'num_tensors': 56}
2026-07-16 21:29:01,062 [INFO]     [6 | left | 0](candidate_pairs: 28/28 | new_swaps: 0 | total: 1) -> {'max_bond': 8, 'max_links': 4, 'total_elems': 3348, 'total_shapes': 628, 'total_links': 222, 'num_tensors': 56}
2026-07-16 21:29:01,086 [INFO]     [6 | left | 1](candidate_pairs: 27/27 | new_swaps: 0 | total: 1) -> {'max_bond': 8, 'max_links': 4, 'total_elems': 3348, 'total_shapes': 628, 'total_links': 222, 'num_tensors': 56}
2026-07-16 21:29:01,110 [INFO]     [6 | right | 0](candidate_pairs: 28/28 | new_swaps: 0 | total: 1) -> {'max_bond': 8, 'max_links': 4, 'total_elems': 3348, 'total_shapes': 628, 'total_links': 222, 'num_tensors': 56}
2026-07-16 21:29:01,151 [INFO]     [6 | right | 1](candidate_pairs: 27/27 | new_swaps: 1 | total: 2) -> {'max_bond': 8, 'max_links': 4, 'total_elems': 3300, 'total_shapes': 624, 'total_links': 222, 'num_tensors': 56}
2026-07-16 21:29:01,234 [INFO]     [7 | both | 0](candidate_pairs: 28/28 | new_swaps: 1 | total: 1) -> {'max_bond': 8, 'max_links': 4, 'total_elems': 3252, 'total_shapes': 620, 'total_links': 222, 'num_tensors': 56}
2026-07-16 21:29:01,279 [INFO]     [7 | both | 1](candidate_pairs: 27/27 | new_swaps: 0 | total: 1) -> {'max_bond': 8, 'max_links': 4, 'total_elems': 3252, 'total_shapes': 620, 'total_links': 222, 'num_tensors': 56}
2026-07-16 21:29:01,302 [INFO]     [7 | left | 0](candidate_pairs: 28/28 | new_swaps: 0 | total: 1) -> {'max_bond': 8, 'max_links': 4, 'total_elems': 3252, 'total_shapes': 620, 'total_links': 222, 'num_tensors': 56}
2026-07-16 21:29:01,325 [INFO]     [7 | left | 1](candidate_pairs: 27/27 | new_swaps: 0 | total: 1) -> {'max_bond': 8, 'max_links': 4, 'total_elems': 3252, 'total_shapes': 620, 'total_links': 222, 'num_tensors': 56}
2026-07-16 21:29:01,348 [INFO]     [7 | right | 0](candidate_pairs: 28/28 | new_swaps: 0 | total: 1) -> {'max_bond': 8, 'max_links': 4, 'total_elems': 3252, 'total_shapes': 620, 'total_links': 222, 'num_tensors': 56}
2026-07-16 21:29:01,371 [INFO]     [7 | right | 1](candidate_pairs: 27/27 | new_swaps: 0 | total: 1) -> {'max_bond': 8, 'max_links': 4, 'total_elems': 3252, 'total_shapes': 620, 'total_links': 222, 'num_tensors': 56}
2026-07-16 21:29:01,417 [INFO]     [8 | both | 0](candidate_pairs: 28/28 | new_swaps: 0 | total: 0) -> {'max_bond': 8, 'max_links': 4, 'total_elems': 3252, 'total_shapes': 620, 'total_links': 222, 'num_tensors': 56}
2026-07-16 21:29:01,462 [INFO]     [8 | both | 1](candidate_pairs: 27/27 | new_swaps: 0 | total: 0) -> {'max_bond': 8, 'max_links': 4, 'total_elems': 3252, 'total_shapes': 620, 'total_links': 222, 'num_tensors': 56}
2026-07-16 21:29:01,486 [INFO]     [8 | left | 0](candidate_pairs: 28/28 | new_swaps: 0 | total: 0) -> {'max_bond': 8, 'max_links': 4, 'total_elems': 3252, 'total_shapes': 620, 'total_links': 222, 'num_tensors': 56}
2026-07-16 21:29:01,510 [INFO]     [8 | left | 1](candidate_pairs: 27/27 | new_swaps: 0 | total: 0) -> {'max_bond': 8, 'max_links': 4, 'total_elems': 3252, 'total_shapes': 620, 'total_links': 222, 'num_tensors': 56}
2026-07-16 21:29:01,534 [INFO]     [8 | right | 0](candidate_pairs: 28/28 | new_swaps: 0 | total: 0) -> {'max_bond': 8, 'max_links': 4, 'total_elems': 3252, 'total_shapes': 620, 'total_links': 222, 'num_tensors': 56}
2026-07-16 21:29:01,557 [INFO]     [8 | right | 1](candidate_pairs: 27/27 | new_swaps: 0 | total: 0) -> {'max_bond': 8, 'max_links': 4, 'total_elems': 3252, 'total_shapes': 620, 'total_links': 222, 'num_tensors': 56}
2026-07-16 21:29:01,558 [INFO]     [end unswap] -> {'max_bond': 8, 'max_links': 4, 'total_elems': 3252, 'total_shapes': 620, 'total_links': 222, 'num_tensors': 56}
2026-07-16 21:29:06,678 [INFO] [start rewire](phase=post_unswap, cycle=30, side=left, layers=1297, trials=50, seed=123, parallel=False, route_candidates=1, route_score=none)
2026-07-16 21:29:08,621 [INFO] [end rewire](phase=post_unswap, cycle=30, side=left, routed_layers=1315, elapsed_s=1.94)
2026-07-16 21:29:08,622 [INFO] [start rewire](phase=post_unswap, cycle=30, side=right, layers=1342, trials=50, seed=123, parallel=False, route_candidates=1, route_score=none)
2026-07-16 21:29:10,295 [INFO] [end rewire](phase=post_unswap, cycle=30, side=right, routed_layers=1327, elapsed_s=1.67)
2026-07-16 21:29:10,653 [INFO] [1L/1313](swap: 10, u: 0 | c_u: 0 | t_u_l: 147/942 | t_u_r: 142/943 | t_u: 289/1885) -> {'max_bond': 8, 'max_links': 4, 'total_elems': 3252, 'total_shapes': 620, 'total_links': 222, 'num_tensors': 56}
2026-07-16 21:29:10,810 [INFO] [2L/1313](swap: 10, u: 1 | c_u: 1 | t_u_l: 148/942 | t_u_r: 142/943 | t_u: 290/1885) -> {'max_bond': 16, 'max_links': 4, 'total_elems': 4696, 'total_shapes': 736, 'total_links': 222, 'num_tensors': 56}
2026-07-16 21:29:10,967 [INFO] [3L/1313](swap: 10, u: 1 | c_u: 2 | t_u_l: 149/942 | t_u_r: 142/943 | t_u: 291/1885) -> {'max_bond': 16, 'max_links': 4, 'total_elems': 7496, 'total_shapes': 828, 'total_links': 222, 'num_tensors': 56}
2026-07-16 21:29:11,131 [INFO] [1R/1325](swap: 17, u: 0 | c_u: 2 | t_u_l: 149/942 | t_u_r: 142/943 | t_u: 291/1885) -> {'max_bond': 16, 'max_links': 4, 'total_elems': 9292, 'total_shapes': 926, 'total_links': 222, 'num_tensors': 56}
2026-07-16 21:29:11,292 [INFO] [2R/1325](swap: 13, u: 1 | c_u: 3 | t_u_l: 149/942 | t_u_r: 143/943 | t_u: 292/1885) -> {'max_bond': 16, 'max_links': 4, 'total_elems': 15360, 'total_shapes': 1074, 'total_links': 222, 'num_tensors': 56}
2026-07-16 21:29:11,459 [INFO] [4L/1313](swap: 11, u: 1 | c_u: 4 | t_u_l: 150/942 | t_u_r: 143/943 | t_u: 293/1885) -> {'max_bond': 64, 'max_links': 4, 'total_elems': 23552, 'total_shapes': 1242, 'total_links': 222, 'num_tensors': 56}
2026-07-16 21:29:11,647 [INFO] [5L/1313](swap: 8, u: 2 | c_u: 6 | t_u_l: 152/942 | t_u_r: 143/943 | t_u: 295/1885) -> {'max_bond': 64, 'max_links': 4, 'total_elems': 30352, 'total_shapes': 1368, 'total_links': 222, 'num_tensors': 56}
2026-07-16 21:29:11,833 [INFO] [6L/1313](swap: 8, u: 0 | c_u: 6 | t_u_l: 152/942 | t_u_r: 143/943 | t_u: 295/1885) -> {'max_bond': 64, 'max_links': 4, 'total_elems': 46992, 'total_shapes': 1608, 'total_links': 222, 'num_tensors': 56}
2026-07-16 21:29:12,040 [INFO] [3R/1325](swap: 12, u: 0 | c_u: 6 | t_u_l: 152/942 | t_u_r: 143/943 | t_u: 295/1885) -> {'max_bond': 64, 'max_links': 4, 'total_elems': 66272, 'total_shapes': 1696, 'total_links': 222, 'num_tensors': 56}
2026-07-16 21:29:12,282 [INFO] [7L/1313](swap: 7, u: 1 | c_u: 7 | t_u_l: 153/942 | t_u_r: 143/943 | t_u: 296/1885) -> {'max_bond': 32, 'max_links': 4, 'total_elems': 54880, 'total_shapes': 1664, 'total_links': 222, 'num_tensors': 56}
2026-07-16 21:29:12,498 [INFO] [4R/1325](swap: 11, u: 1 | c_u: 8 | t_u_l: 153/942 | t_u_r: 144/943 | t_u: 297/1885) -> {'max_bond': 32, 'max_links': 4, 'total_elems': 55180, 'total_shapes': 1668, 'total_links': 222, 'num_tensors': 56}
2026-07-16 21:29:12,722 [INFO] [8L/1313](swap: 8, u: 1 | c_u: 9 | t_u_l: 154/942 | t_u_r: 144/943 | t_u: 298/1885) -> {'max_bond': 32, 'max_links': 4, 'total_elems': 56304, 'total_shapes': 1698, 'total_links': 222, 'num_tensors': 56}
2026-07-16 21:29:12,954 [INFO] [5R/1325](swap: 11, u: 0 | c_u: 9 | t_u_l: 154/942 | t_u_r: 144/943 | t_u: 298/1885) -> {'max_bond': 128, 'max_links': 4, 'total_elems': 78064, 'total_shapes': 1894, 'total_links': 222, 'num_tensors': 56}
2026-07-16 21:29:13,222 [INFO] [6R/1325](swap: 11, u: 1 | c_u: 10 | t_u_l: 154/942 | t_u_r: 145/943 | t_u: 299/1885) -> {'max_bond': 128, 'max_links': 4, 'total_elems': 116592, 'total_shapes': 2182, 'total_links': 222, 'num_tensors': 56}
2026-07-16 21:29:13,506 [INFO] [7R/1325](swap: 9, u: 1 | c_u: 11 | t_u_l: 154/942 | t_u_r: 146/943 | t_u: 300/1885) -> {'max_bond': 128, 'max_links': 4, 'total_elems': 146672, 'total_shapes': 2306, 'total_links': 222, 'num_tensors': 56}
2026-07-16 21:29:13,819 [INFO] [8R/1325](swap: 6, u: 2 | c_u: 13 | t_u_l: 154/942 | t_u_r: 148/943 | t_u: 302/1885) -> {'max_bond': 128, 'max_links': 4, 'total_elems': 145648, 'total_shapes': 2298, 'total_links': 222, 'num_tensors': 56}
2026-07-16 21:29:14,165 [INFO] [9R/1325](swap: 7, u: 1 | c_u: 14 | t_u_l: 154/942 | t_u_r: 149/943 | t_u: 303/1885) -> {'max_bond': 128, 'max_links': 4, 'total_elems': 193264, 'total_shapes': 2778, 'total_links': 222, 'num_tensors': 56}
2026-07-16 21:29:14,538 [INFO] [10R/1325](swap: 5, u: 1 | c_u: 15 | t_u_l: 154/942 | t_u_r: 150/943 | t_u: 304/1885) -> {'max_bond': 128, 'max_links': 4, 'total_elems': 244976, 'total_shapes': 3026, 'total_links': 222, 'num_tensors': 56}
2026-07-16 21:29:15,025 [INFO] [11R/1325](swap: 5, u: 0 | c_u: 15 | t_u_l: 154/942 | t_u_r: 150/943 | t_u: 304/1885) -> {'max_bond': 128, 'max_links': 4, 'total_elems': 269104, 'total_shapes': 3098, 'total_links': 222, 'num_tensors': 56}
2026-07-16 21:29:15,518 [INFO] [12R/1325](swap: 5, u: 0 | c_u: 15 | t_u_l: 154/942 | t_u_r: 150/943 | t_u: 304/1885) -> {'max_bond': 128, 'max_links': 4, 'total_elems': 322096, 'total_shapes': 3338, 'total_links': 222, 'num_tensors': 56}
2026-07-16 21:29:16,198 [INFO]     [start unswap] -> {'max_bond': 128, 'max_links': 4, 'total_elems': 322096, 'total_shapes': 3338, 'total_links': 222, 'num_tensors': 56}
2026-07-16 21:29:17,914 [INFO]     [0 | both | 0](candidate_pairs: 28/28 | new_swaps: 2 | total: 2) -> {'max_bond': 256, 'max_links': 4, 'total_elems': 485680, 'total_shapes': 3786, 'total_links': 222, 'num_tensors': 56}
2026-07-16 21:29:19,653 [INFO]     [0 | both | 1](candidate_pairs: 27/27 | new_swaps: 7 | total: 9) -> {'max_bond': 256, 'max_links': 4, 'total_elems': 299376, 'total_shapes': 3090, 'total_links': 222, 'num_tensors': 56}
2026-07-16 21:29:20,093 [INFO]     [0 | left | 0](candidate_pairs: 28/28 | new_swaps: 7 | total: 16) -> {'max_bond': 64, 'max_links': 4, 'total_elems': 135168, 'total_shapes': 2238, 'total_links': 222, 'num_tensors': 56}
2026-07-16 21:29:20,330 [INFO]     [0 | left | 1](candidate_pairs: 27/27 | new_swaps: 6 | total: 22) -> {'max_bond': 64, 'max_links': 4, 'total_elems': 100912, 'total_shapes': 1998, 'total_links': 222, 'num_tensors': 56}
2026-07-16 21:29:20,512 [INFO]     [0 | right | 0](candidate_pairs: 28/28 | new_swaps: 5 | total: 27) -> {'max_bond': 64, 'max_links': 4, 'total_elems': 90768, 'total_shapes': 1838, 'total_links': 222, 'num_tensors': 56}
2026-07-16 21:29:20,664 [INFO]     [0 | right | 1](candidate_pairs: 27/27 | new_swaps: 6 | total: 33) -> {'max_bond': 64, 'max_links': 4, 'total_elems': 83092, 'total_shapes': 1716, 'total_links': 222, 'num_tensors': 56}
2026-07-16 21:29:21,020 [INFO]     [1 | both | 0](candidate_pairs: 28/28 | new_swaps: 5 | total: 5) -> {'max_bond': 64, 'max_links': 4, 'total_elems': 76212, 'total_shapes': 1596, 'total_links': 222, 'num_tensors': 56}
2026-07-16 21:29:21,302 [INFO]     [1 | both | 1](candidate_pairs: 27/27 | new_swaps: 7 | total: 12) -> {'max_bond': 64, 'max_links': 4, 'total_elems': 52060, 'total_shapes': 1368, 'total_links': 222, 'num_tensors': 56}
2026-07-16 21:29:21,410 [INFO]     [1 | left | 0](candidate_pairs: 28/28 | new_swaps: 4 | total: 16) -> {'max_bond': 64, 'max_links': 4, 'total_elems': 50540, 'total_shapes': 1308, 'total_links': 222, 'num_tensors': 56}
2026-07-16 21:29:21,514 [INFO]     [1 | left | 1](candidate_pairs: 27/27 | new_swaps: 1 | total: 17) -> {'max_bond': 64, 'max_links': 4, 'total_elems': 50300, 'total_shapes': 1296, 'total_links': 222, 'num_tensors': 56}
2026-07-16 21:29:21,634 [INFO]     [1 | right | 0](candidate_pairs: 28/28 | new_swaps: 5 | total: 22) -> {'max_bond': 64, 'max_links': 4, 'total_elems': 27136, 'total_shapes': 1090, 'total_links': 222, 'num_tensors': 56}
2026-07-16 21:29:21,710 [INFO]     [1 | right | 1](candidate_pairs: 27/27 | new_swaps: 4 | total: 26) -> {'max_bond': 32, 'max_links': 4, 'total_elems': 16836, 'total_shapes': 960, 'total_links': 222, 'num_tensors': 56}
2026-07-16 21:29:21,847 [INFO]     [2 | both | 0](candidate_pairs: 28/28 | new_swaps: 6 | total: 6) -> {'max_bond': 32, 'max_links': 4, 'total_elems': 10580, 'total_shapes': 844, 'total_links': 222, 'num_tensors': 56}
2026-07-16 21:29:21,957 [INFO]     [2 | both | 1](candidate_pairs: 27/27 | new_swaps: 5 | total: 11) -> {'max_bond': 16, 'max_links': 4, 'total_elems': 5712, 'total_shapes': 716, 'total_links': 222, 'num_tensors': 56}
2026-07-16 21:29:22,011 [INFO]     [2 | left | 0](candidate_pairs: 28/28 | new_swaps: 1 | total: 12) -> {'max_bond': 16, 'max_links': 4, 'total_elems': 5600, 'total_shapes': 708, 'total_links': 222, 'num_tensors': 56}
2026-07-16 21:29:22,037 [INFO]     [2 | left | 1](candidate_pairs: 27/27 | new_swaps: 0 | total: 12) -> {'max_bond': 16, 'max_links': 4, 'total_elems': 5600, 'total_shapes': 708, 'total_links': 222, 'num_tensors': 56}
2026-07-16 21:29:22,093 [INFO]     [2 | right | 0](candidate_pairs: 28/28 | new_swaps: 3 | total: 15) -> {'max_bond': 16, 'max_links': 4, 'total_elems': 4420, 'total_shapes': 674, 'total_links': 222, 'num_tensors': 56}
2026-07-16 21:29:22,136 [INFO]     [2 | right | 1](candidate_pairs: 27/27 | new_swaps: 1 | total: 16) -> {'max_bond': 16, 'max_links': 4, 'total_elems': 4324, 'total_shapes': 668, 'total_links': 222, 'num_tensors': 56}
2026-07-16 21:29:22,234 [INFO]     [3 | both | 0](candidate_pairs: 28/28 | new_swaps: 3 | total: 3) -> {'max_bond': 16, 'max_links': 4, 'total_elems': 3264, 'total_shapes': 638, 'total_links': 222, 'num_tensors': 56}
2026-07-16 21:29:22,326 [INFO]     [3 | both | 1](candidate_pairs: 27/27 | new_swaps: 2 | total: 5) -> {'max_bond': 16, 'max_links': 4, 'total_elems': 3068, 'total_shapes': 622, 'total_links': 222, 'num_tensors': 56}
2026-07-16 21:29:22,350 [INFO]     [3 | left | 0](candidate_pairs: 28/28 | new_swaps: 0 | total: 5) -> {'max_bond': 16, 'max_links': 4, 'total_elems': 3068, 'total_shapes': 622, 'total_links': 222, 'num_tensors': 56}
2026-07-16 21:29:22,392 [INFO]     [3 | left | 1](candidate_pairs: 27/27 | new_swaps: 1 | total: 6) -> {'max_bond': 8, 'max_links': 4, 'total_elems': 2684, 'total_shapes': 598, 'total_links': 222, 'num_tensors': 56}
2026-07-16 21:29:22,433 [INFO]     [3 | right | 0](candidate_pairs: 28/28 | new_swaps: 1 | total: 7) -> {'max_bond': 8, 'max_links': 4, 'total_elems': 2612, 'total_shapes': 594, 'total_links': 222, 'num_tensors': 56}
2026-07-16 21:29:22,456 [INFO]     [3 | right | 1](candidate_pairs: 27/27 | new_swaps: 0 | total: 7) -> {'max_bond': 8, 'max_links': 4, 'total_elems': 2612, 'total_shapes': 594, 'total_links': 222, 'num_tensors': 56}
2026-07-16 21:29:22,538 [INFO]     [4 | both | 0](candidate_pairs: 28/28 | new_swaps: 1 | total: 1) -> {'max_bond': 8, 'max_links': 4, 'total_elems': 2552, 'total_shapes': 588, 'total_links': 222, 'num_tensors': 56}
2026-07-16 21:29:22,619 [INFO]     [4 | both | 1](candidate_pairs: 27/27 | new_swaps: 1 | total: 2) -> {'max_bond': 8, 'max_links': 4, 'total_elems': 2456, 'total_shapes': 580, 'total_links': 222, 'num_tensors': 56}
2026-07-16 21:29:22,642 [INFO]     [4 | left | 0](candidate_pairs: 28/28 | new_swaps: 0 | total: 2) -> {'max_bond': 8, 'max_links': 4, 'total_elems': 2456, 'total_shapes': 580, 'total_links': 222, 'num_tensors': 56}
2026-07-16 21:29:22,684 [INFO]     [4 | left | 1](candidate_pairs: 27/27 | new_swaps: 1 | total: 3) -> {'max_bond': 8, 'max_links': 4, 'total_elems': 2396, 'total_shapes': 574, 'total_links': 222, 'num_tensors': 56}
2026-07-16 21:29:22,706 [INFO]     [4 | right | 0](candidate_pairs: 28/28 | new_swaps: 0 | total: 3) -> {'max_bond': 8, 'max_links': 4, 'total_elems': 2396, 'total_shapes': 574, 'total_links': 222, 'num_tensors': 56}
2026-07-16 21:29:22,728 [INFO]     [4 | right | 1](candidate_pairs: 27/27 | new_swaps: 0 | total: 3) -> {'max_bond': 8, 'max_links': 4, 'total_elems': 2396, 'total_shapes': 574, 'total_links': 222, 'num_tensors': 56}
2026-07-16 21:29:22,773 [INFO]     [5 | both | 0](candidate_pairs: 28/28 | new_swaps: 0 | total: 0) -> {'max_bond': 8, 'max_links': 4, 'total_elems': 2396, 'total_shapes': 574, 'total_links': 222, 'num_tensors': 56}
2026-07-16 21:29:22,816 [INFO]     [5 | both | 1](candidate_pairs: 27/27 | new_swaps: 0 | total: 0) -> {'max_bond': 8, 'max_links': 4, 'total_elems': 2396, 'total_shapes': 574, 'total_links': 222, 'num_tensors': 56}
2026-07-16 21:29:22,858 [INFO]     [5 | left | 0](candidate_pairs: 28/28 | new_swaps: 1 | total: 1) -> {'max_bond': 8, 'max_links': 4, 'total_elems': 2356, 'total_shapes': 570, 'total_links': 222, 'num_tensors': 56}
2026-07-16 21:29:22,881 [INFO]     [5 | left | 1](candidate_pairs: 27/27 | new_swaps: 0 | total: 1) -> {'max_bond': 8, 'max_links': 4, 'total_elems': 2356, 'total_shapes': 570, 'total_links': 222, 'num_tensors': 56}
2026-07-16 21:29:22,903 [INFO]     [5 | right | 0](candidate_pairs: 28/28 | new_swaps: 0 | total: 1) -> {'max_bond': 8, 'max_links': 4, 'total_elems': 2356, 'total_shapes': 570, 'total_links': 222, 'num_tensors': 56}
2026-07-16 21:29:22,925 [INFO]     [5 | right | 1](candidate_pairs: 27/27 | new_swaps: 0 | total: 1) -> {'max_bond': 8, 'max_links': 4, 'total_elems': 2356, 'total_shapes': 570, 'total_links': 222, 'num_tensors': 56}
2026-07-16 21:29:22,969 [INFO]     [6 | both | 0](candidate_pairs: 28/28 | new_swaps: 0 | total: 0) -> {'max_bond': 8, 'max_links': 4, 'total_elems': 2356, 'total_shapes': 570, 'total_links': 222, 'num_tensors': 56}
2026-07-16 21:29:23,052 [INFO]     [6 | both | 1](candidate_pairs: 27/27 | new_swaps: 1 | total: 1) -> {'max_bond': 8, 'max_links': 4, 'total_elems': 2308, 'total_shapes': 566, 'total_links': 222, 'num_tensors': 56}
2026-07-16 21:29:23,093 [INFO]     [6 | left | 0](candidate_pairs: 28/28 | new_swaps: 1 | total: 2) -> {'max_bond': 8, 'max_links': 4, 'total_elems': 2236, 'total_shapes': 560, 'total_links': 222, 'num_tensors': 56}
2026-07-16 21:29:23,116 [INFO]     [6 | left | 1](candidate_pairs: 27/27 | new_swaps: 0 | total: 2) -> {'max_bond': 8, 'max_links': 4, 'total_elems': 2236, 'total_shapes': 560, 'total_links': 222, 'num_tensors': 56}
2026-07-16 21:29:23,139 [INFO]     [6 | right | 0](candidate_pairs: 28/28 | new_swaps: 0 | total: 2) -> {'max_bond': 8, 'max_links': 4, 'total_elems': 2236, 'total_shapes': 560, 'total_links': 222, 'num_tensors': 56}
2026-07-16 21:29:23,162 [INFO]     [6 | right | 1](candidate_pairs: 27/27 | new_swaps: 0 | total: 2) -> {'max_bond': 8, 'max_links': 4, 'total_elems': 2236, 'total_shapes': 560, 'total_links': 222, 'num_tensors': 56}
2026-07-16 21:29:23,243 [INFO]     [7 | both | 0](candidate_pairs: 28/28 | new_swaps: 1 | total: 1) -> {'max_bond': 8, 'max_links': 4, 'total_elems': 2224, 'total_shapes': 558, 'total_links': 222, 'num_tensors': 56}
2026-07-16 21:29:23,324 [INFO]     [7 | both | 1](candidate_pairs: 27/27 | new_swaps: 1 | total: 2) -> {'max_bond': 8, 'max_links': 4, 'total_elems': 2164, 'total_shapes': 552, 'total_links': 222, 'num_tensors': 56}
2026-07-16 21:29:23,347 [INFO]     [7 | left | 0](candidate_pairs: 28/28 | new_swaps: 0 | total: 2) -> {'max_bond': 8, 'max_links': 4, 'total_elems': 2164, 'total_shapes': 552, 'total_links': 222, 'num_tensors': 56}
2026-07-16 21:29:23,370 [INFO]     [7 | left | 1](candidate_pairs: 27/27 | new_swaps: 0 | total: 2) -> {'max_bond': 8, 'max_links': 4, 'total_elems': 2164, 'total_shapes': 552, 'total_links': 222, 'num_tensors': 56}
2026-07-16 21:29:23,411 [INFO]     [7 | right | 0](candidate_pairs: 28/28 | new_swaps: 1 | total: 3) -> {'max_bond': 8, 'max_links': 4, 'total_elems': 2104, 'total_shapes': 546, 'total_links': 222, 'num_tensors': 56}
2026-07-16 21:29:23,434 [INFO]     [7 | right | 1](candidate_pairs: 27/27 | new_swaps: 0 | total: 3) -> {'max_bond': 8, 'max_links': 4, 'total_elems': 2104, 'total_shapes': 546, 'total_links': 222, 'num_tensors': 56}
2026-07-16 21:29:23,477 [INFO]     [8 | both | 0](candidate_pairs: 28/28 | new_swaps: 0 | total: 0) -> {'max_bond': 8, 'max_links': 4, 'total_elems': 2104, 'total_shapes': 546, 'total_links': 222, 'num_tensors': 56}
2026-07-16 21:29:23,558 [INFO]     [8 | both | 1](candidate_pairs: 27/27 | new_swaps: 1 | total: 1) -> {'max_bond': 8, 'max_links': 4, 'total_elems': 2044, 'total_shapes': 540, 'total_links': 222, 'num_tensors': 56}
2026-07-16 21:29:23,580 [INFO]     [8 | left | 0](candidate_pairs: 28/28 | new_swaps: 0 | total: 1) -> {'max_bond': 8, 'max_links': 4, 'total_elems': 2044, 'total_shapes': 540, 'total_links': 222, 'num_tensors': 56}
2026-07-16 21:29:23,604 [INFO]     [8 | left | 1](candidate_pairs: 27/27 | new_swaps: 0 | total: 1) -> {'max_bond': 8, 'max_links': 4, 'total_elems': 2044, 'total_shapes': 540, 'total_links': 222, 'num_tensors': 56}
2026-07-16 21:29:23,626 [INFO]     [8 | right | 0](candidate_pairs: 28/28 | new_swaps: 0 | total: 1) -> {'max_bond': 8, 'max_links': 4, 'total_elems': 2044, 'total_shapes': 540, 'total_links': 222, 'num_tensors': 56}
2026-07-16 21:29:23,648 [INFO]     [8 | right | 1](candidate_pairs: 27/27 | new_swaps: 0 | total: 1) -> {'max_bond': 8, 'max_links': 4, 'total_elems': 2044, 'total_shapes': 540, 'total_links': 222, 'num_tensors': 56}
2026-07-16 21:29:23,730 [INFO]     [9 | both | 0](candidate_pairs: 28/28 | new_swaps: 1 | total: 1) -> {'max_bond': 8, 'max_links': 4, 'total_elems': 1984, 'total_shapes': 534, 'total_links': 222, 'num_tensors': 56}
2026-07-16 21:29:23,810 [INFO]     [9 | both | 1](candidate_pairs: 27/27 | new_swaps: 1 | total: 2) -> {'max_bond': 8, 'max_links': 4, 'total_elems': 1944, 'total_shapes': 530, 'total_links': 222, 'num_tensors': 56}
2026-07-16 21:29:23,833 [INFO]     [9 | left | 0](candidate_pairs: 28/28 | new_swaps: 0 | total: 2) -> {'max_bond': 8, 'max_links': 4, 'total_elems': 1944, 'total_shapes': 530, 'total_links': 222, 'num_tensors': 56}
2026-07-16 21:29:23,856 [INFO]     [9 | left | 1](candidate_pairs: 27/27 | new_swaps: 0 | total: 2) -> {'max_bond': 8, 'max_links': 4, 'total_elems': 1944, 'total_shapes': 530, 'total_links': 222, 'num_tensors': 56}
2026-07-16 21:29:23,878 [INFO]     [9 | right | 0](candidate_pairs: 28/28 | new_swaps: 0 | total: 2) -> {'max_bond': 8, 'max_links': 4, 'total_elems': 1944, 'total_shapes': 530, 'total_links': 222, 'num_tensors': 56}
2026-07-16 21:29:23,900 [INFO]     [9 | right | 1](candidate_pairs: 27/27 | new_swaps: 0 | total: 2) -> {'max_bond': 8, 'max_links': 4, 'total_elems': 1944, 'total_shapes': 530, 'total_links': 222, 'num_tensors': 56}
2026-07-16 21:29:23,944 [INFO]     [10 | both | 0](candidate_pairs: 28/28 | new_swaps: 0 | total: 0) -> {'max_bond': 8, 'max_links': 4, 'total_elems': 1944, 'total_shapes': 530, 'total_links': 222, 'num_tensors': 56}
2026-07-16 21:29:23,987 [INFO]     [10 | both | 1](candidate_pairs: 27/27 | new_swaps: 0 | total: 0) -> {'max_bond': 8, 'max_links': 4, 'total_elems': 1944, 'total_shapes': 530, 'total_links': 222, 'num_tensors': 56}
2026-07-16 21:29:24,010 [INFO]     [10 | left | 0](candidate_pairs: 28/28 | new_swaps: 0 | total: 0) -> {'max_bond': 8, 'max_links': 4, 'total_elems': 1944, 'total_shapes': 530, 'total_links': 222, 'num_tensors': 56}
2026-07-16 21:29:24,032 [INFO]     [10 | left | 1](candidate_pairs: 27/27 | new_swaps: 0 | total: 0) -> {'max_bond': 8, 'max_links': 4, 'total_elems': 1944, 'total_shapes': 530, 'total_links': 222, 'num_tensors': 56}
2026-07-16 21:29:24,055 [INFO]     [10 | right | 0](candidate_pairs: 28/28 | new_swaps: 0 | total: 0) -> {'max_bond': 8, 'max_links': 4, 'total_elems': 1944, 'total_shapes': 530, 'total_links': 222, 'num_tensors': 56}
2026-07-16 21:29:24,077 [INFO]     [10 | right | 1](candidate_pairs: 27/27 | new_swaps: 0 | total: 0) -> {'max_bond': 8, 'max_links': 4, 'total_elems': 1944, 'total_shapes': 530, 'total_links': 222, 'num_tensors': 56}
2026-07-16 21:29:24,078 [INFO]     [end unswap] -> {'max_bond': 8, 'max_links': 4, 'total_elems': 1944, 'total_shapes': 530, 'total_links': 222, 'num_tensors': 56}
2026-07-16 21:29:30,512 [INFO] [start rewire](phase=post_unswap, cycle=31, side=left, layers=1307, trials=50, seed=123, parallel=False, route_candidates=1, route_score=none)
2026-07-16 21:29:32,500 [INFO] [end rewire](phase=post_unswap, cycle=31, side=left, routed_layers=1205, elapsed_s=1.99)
2026-07-16 21:29:32,500 [INFO] [start rewire](phase=post_unswap, cycle=31, side=right, layers=1315, trials=50, seed=123, parallel=False, route_candidates=1, route_score=none)
2026-07-16 21:29:34,286 [INFO] [end rewire](phase=post_unswap, cycle=31, side=right, routed_layers=1389, elapsed_s=1.79)
2026-07-16 21:29:34,649 [INFO] [1L/1203](swap: 11, u: 3 | c_u: 3 | t_u_l: 157/942 | t_u_r: 150/943 | t_u: 307/1885) -> {'max_bond': 8, 'max_links': 4, 'total_elems': 1856, 'total_shapes': 520, 'total_links': 222, 'num_tensors': 56}
2026-07-16 21:29:34,809 [INFO] [1R/1387](swap: 12, u: 0 | c_u: 3 | t_u_l: 157/942 | t_u_r: 150/943 | t_u: 307/1885) -> {'max_bond': 16, 'max_links': 4, 'total_elems': 3248, 'total_shapes': 648, 'total_links': 222, 'num_tensors': 56}
2026-07-16 21:29:34,972 [INFO] [2L/1203](swap: 11, u: 0 | c_u: 3 | t_u_l: 157/942 | t_u_r: 150/943 | t_u: 307/1885) -> {'max_bond': 16, 'max_links': 4, 'total_elems': 4560, 'total_shapes': 688, 'total_links': 222, 'num_tensors': 56}
2026-07-16 21:29:35,136 [INFO] [3L/1203](swap: 11, u: 1 | c_u: 4 | t_u_l: 158/942 | t_u_r: 150/943 | t_u: 308/1885) -> {'max_bond': 16, 'max_links': 4, 'total_elems': 6136, 'total_shapes': 736, 'total_links': 222, 'num_tensors': 56}
2026-07-16 21:29:35,301 [INFO] [2R/1387](swap: 11, u: 0 | c_u: 4 | t_u_l: 158/942 | t_u_r: 150/943 | t_u: 308/1885) -> {'max_bond': 16, 'max_links': 4, 'total_elems': 7828, 'total_shapes': 806, 'total_links': 222, 'num_tensors': 56}
2026-07-16 21:29:35,467 [INFO] [3R/1387](swap: 9, u: 0 | c_u: 4 | t_u_l: 158/942 | t_u_r: 150/943 | t_u: 308/1885) -> {'max_bond': 16, 'max_links': 4, 'total_elems': 10112, 'total_shapes': 886, 'total_links': 222, 'num_tensors': 56}
2026-07-16 21:29:35,634 [INFO] [4R/1387](swap: 7, u: 0 | c_u: 4 | t_u_l: 158/942 | t_u_r: 150/943 | t_u: 308/1885) -> {'max_bond': 16, 'max_links': 4, 'total_elems': 10600, 'total_shapes': 924, 'total_links': 222, 'num_tensors': 56}
2026-07-16 21:29:35,801 [INFO] [4L/1203](swap: 13, u: 1 | c_u: 5 | t_u_l: 159/942 | t_u_r: 150/943 | t_u: 309/1885) -> {'max_bond': 16, 'max_links': 4, 'total_elems': 12484, 'total_shapes': 962, 'total_links': 222, 'num_tensors': 56}
2026-07-16 21:29:35,967 [INFO] [5R/1387](swap: 8, u: 0 | c_u: 5 | t_u_l: 159/942 | t_u_r: 150/943 | t_u: 309/1885) -> {'max_bond': 16, 'max_links': 4, 'total_elems': 14212, 'total_shapes': 1032, 'total_links': 222, 'num_tensors': 56}
2026-07-16 21:29:36,138 [INFO] [5L/1203](swap: 14, u: 0 | c_u: 5 | t_u_l: 159/942 | t_u_r: 150/943 | t_u: 309/1885) -> {'max_bond': 16, 'max_links': 4, 'total_elems': 15400, 'total_shapes': 1056, 'total_links': 222, 'num_tensors': 56}
2026-07-16 21:29:36,308 [INFO] [6R/1387](swap: 7, u: 1 | c_u: 6 | t_u_l: 159/942 | t_u_r: 151/943 | t_u: 310/1885) -> {'max_bond': 16, 'max_links': 4, 'total_elems': 18248, 'total_shapes': 1128, 'total_links': 222, 'num_tensors': 56}
2026-07-16 21:29:36,482 [INFO] [7R/1387](swap: 6, u: 1 | c_u: 7 | t_u_l: 159/942 | t_u_r: 152/943 | t_u: 311/1885) -> {'max_bond': 16, 'max_links': 4, 'total_elems': 20120, 'total_shapes': 1156, 'total_links': 222, 'num_tensors': 56}
2026-07-16 21:29:36,658 [INFO] [8R/1387](swap: 7, u: 0 | c_u: 7 | t_u_l: 159/942 | t_u_r: 152/943 | t_u: 311/1885) -> {'max_bond': 64, 'max_links': 4, 'total_elems': 26888, 'total_shapes': 1282, 'total_links': 222, 'num_tensors': 56}
2026-07-16 21:29:36,842 [INFO] [9R/1387](swap: 5, u: 2 | c_u: 9 | t_u_l: 159/942 | t_u_r: 154/943 | t_u: 313/1885) -> {'max_bond': 64, 'max_links': 4, 'total_elems': 28584, 'total_shapes': 1334, 'total_links': 222, 'num_tensors': 56}
2026-07-16 21:29:37,028 [INFO] [10R/1387](swap: 5, u: 3 | c_u: 12 | t_u_l: 159/942 | t_u_r: 157/943 | t_u: 316/1885) -> {'max_bond': 64, 'max_links': 4, 'total_elems': 31400, 'total_shapes': 1414, 'total_links': 222, 'num_tensors': 56}
2026-07-16 21:29:37,217 [INFO] [11R/1387](swap: 8, u: 0 | c_u: 12 | t_u_l: 159/942 | t_u_r: 157/943 | t_u: 316/1885) -> {'max_bond': 64, 'max_links': 4, 'total_elems': 35656, 'total_shapes': 1490, 'total_links': 222, 'num_tensors': 56}
2026-07-16 21:29:37,418 [INFO] [12R/1387](swap: 9, u: 1 | c_u: 13 | t_u_l: 159/942 | t_u_r: 158/943 | t_u: 317/1885) -> {'max_bond': 64, 'max_links': 4, 'total_elems': 42152, 'total_shapes': 1586, 'total_links': 222, 'num_tensors': 56}
2026-07-16 21:29:37,621 [INFO] [13R/1387](swap: 7, u: 2 | c_u: 15 | t_u_l: 159/942 | t_u_r: 160/943 | t_u: 319/1885) -> {'max_bond': 64, 'max_links': 4, 'total_elems': 36720, 'total_shapes': 1502, 'total_links': 222, 'num_tensors': 56}
2026-07-16 21:29:37,814 [INFO] [6L/1203](swap: 11, u: 1 | c_u: 16 | t_u_l: 160/942 | t_u_r: 160/943 | t_u: 320/1885) -> {'max_bond': 64, 'max_links': 4, 'total_elems': 50176, 'total_shapes': 1694, 'total_links': 222, 'num_tensors': 56}
2026-07-16 21:29:38,018 [INFO] [14R/1387](swap: 10, u: 0 | c_u: 16 | t_u_l: 160/942 | t_u_r: 160/943 | t_u: 320/1885) -> {'max_bond': 64, 'max_links': 4, 'total_elems': 44552, 'total_shapes': 1658, 'total_links': 222, 'num_tensors': 56}
2026-07-16 21:29:38,231 [INFO] [15R/1387](swap: 9, u: 0 | c_u: 16 | t_u_l: 160/942 | t_u_r: 160/943 | t_u: 320/1885) -> {'max_bond': 64, 'max_links': 4, 'total_elems': 69256, 'total_shapes': 1946, 'total_links': 222, 'num_tensors': 56}
2026-07-16 21:29:38,485 [INFO] [16R/1387](swap: 10, u: 0 | c_u: 16 | t_u_l: 160/942 | t_u_r: 160/943 | t_u: 320/1885) -> {'max_bond': 64, 'max_links': 4, 'total_elems': 103560, 'total_shapes': 2150, 'total_links': 222, 'num_tensors': 56}
2026-07-16 21:29:38,756 [INFO] [17R/1387](swap: 8, u: 2 | c_u: 18 | t_u_l: 160/942 | t_u_r: 162/943 | t_u: 322/1885) -> {'max_bond': 64, 'max_links': 4, 'total_elems': 105192, 'total_shapes': 2190, 'total_links': 222, 'num_tensors': 56}
2026-07-16 21:29:39,049 [INFO] [18R/1387](swap: 11, u: 0 | c_u: 18 | t_u_l: 160/942 | t_u_r: 162/943 | t_u: 322/1885) -> {'max_bond': 64, 'max_links': 4, 'total_elems': 138128, 'total_shapes': 2432, 'total_links': 222, 'num_tensors': 56}
2026-07-16 21:29:39,384 [INFO] [19R/1387](swap: 8, u: 2 | c_u: 20 | t_u_l: 160/942 | t_u_r: 164/943 | t_u: 324/1885) -> {'max_bond': 64, 'max_links': 4, 'total_elems': 162560, 'total_shapes': 2528, 'total_links': 222, 'num_tensors': 56}
2026-07-16 21:29:39,760 [INFO] [7L/1203](swap: 8, u: 2 | c_u: 22 | t_u_l: 162/942 | t_u_r: 164/943 | t_u: 326/1885) -> {'max_bond': 256, 'max_links': 4, 'total_elems': 231200, 'total_shapes': 2892, 'total_links': 222, 'num_tensors': 56}
2026-07-16 21:29:40,093 [INFO] [8L/1203](swap: 7, u: 0 | c_u: 22 | t_u_l: 162/942 | t_u_r: 164/943 | t_u: 326/1885) -> {'max_bond': 256, 'max_links': 4, 'total_elems': 233736, 'total_shapes': 2882, 'total_links': 222, 'num_tensors': 56}
2026-07-16 21:29:40,434 [INFO] [9L/1203](swap: 6, u: 2 | c_u: 24 | t_u_l: 164/942 | t_u_r: 164/943 | t_u: 328/1885) -> {'max_bond': 256, 'max_links': 4, 'total_elems': 249160, 'total_shapes': 2982, 'total_links': 222, 'num_tensors': 56}
2026-07-16 21:29:40,862 [INFO] [20R/1387](swap: 12, u: 0 | c_u: 24 | t_u_l: 164/942 | t_u_r: 164/943 | t_u: 328/1885) -> {'max_bond': 256, 'max_links': 4, 'total_elems': 265416, 'total_shapes': 3120, 'total_links': 222, 'num_tensors': 56}
2026-07-16 21:29:41,491 [INFO]     [start unswap] -> {'max_bond': 256, 'max_links': 4, 'total_elems': 265416, 'total_shapes': 3120, 'total_links': 222, 'num_tensors': 56}
2026-07-16 21:29:43,090 [INFO]     [0 | both | 0](candidate_pairs: 28/28 | new_swaps: 6 | total: 6) -> {'max_bond': 256, 'max_links': 4, 'total_elems': 464360, 'total_shapes': 3066, 'total_links': 222, 'num_tensors': 56}
2026-07-16 21:29:44,285 [INFO]     [0 | both | 1](candidate_pairs: 27/27 | new_swaps: 11 | total: 17) -> {'max_bond': 256, 'max_links': 4, 'total_elems': 266980, 'total_shapes': 2372, 'total_links': 222, 'num_tensors': 56}
2026-07-16 21:29:44,707 [INFO]     [0 | left | 0](candidate_pairs: 28/28 | new_swaps: 10 | total: 27) -> {'max_bond': 128, 'max_links': 4, 'total_elems': 109420, 'total_shapes': 1764, 'total_links': 222, 'num_tensors': 56}
2026-07-16 21:29:44,900 [INFO]     [0 | left | 1](candidate_pairs: 27/27 | new_swaps: 10 | total: 37) -> {'max_bond': 64, 'max_links': 4, 'total_elems': 56464, 'total_shapes': 1422, 'total_links': 222, 'num_tensors': 56}
2026-07-16 21:29:45,008 [INFO]     [0 | right | 0](candidate_pairs: 28/28 | new_swaps: 8 | total: 45) -> {'max_bond': 64, 'max_links': 4, 'total_elems': 43128, 'total_shapes': 1246, 'total_links': 222, 'num_tensors': 56}
2026-07-16 21:29:45,111 [INFO]     [0 | right | 1](candidate_pairs: 27/27 | new_swaps: 5 | total: 50) -> {'max_bond': 64, 'max_links': 4, 'total_elems': 40916, 'total_shapes': 1180, 'total_links': 222, 'num_tensors': 56}
2026-07-16 21:29:45,284 [INFO]     [1 | both | 0](candidate_pairs: 28/28 | new_swaps: 9 | total: 9) -> {'max_bond': 64, 'max_links': 4, 'total_elems': 21108, 'total_shapes': 956, 'total_links': 222, 'num_tensors': 56}
2026-07-16 21:29:45,418 [INFO]     [1 | both | 1](candidate_pairs: 27/27 | new_swaps: 6 | total: 15) -> {'max_bond': 32, 'max_links': 4, 'total_elems': 8348, 'total_shapes': 774, 'total_links': 222, 'num_tensors': 56}
2026-07-16 21:29:45,480 [INFO]     [1 | left | 0](candidate_pairs: 28/28 | new_swaps: 5 | total: 20) -> {'max_bond': 16, 'max_links': 4, 'total_elems': 4972, 'total_shapes': 668, 'total_links': 222, 'num_tensors': 56}
2026-07-16 21:29:45,540 [INFO]     [1 | left | 1](candidate_pairs: 27/27 | new_swaps: 5 | total: 25) -> {'max_bond': 16, 'max_links': 4, 'total_elems': 3180, 'total_shapes': 600, 'total_links': 222, 'num_tensors': 56}
2026-07-16 21:29:45,593 [INFO]     [1 | right | 0](candidate_pairs: 28/28 | new_swaps: 3 | total: 28) -> {'max_bond': 16, 'max_links': 4, 'total_elems': 3020, 'total_shapes': 588, 'total_links': 222, 'num_tensors': 56}
2026-07-16 21:29:45,648 [INFO]     [1 | right | 1](candidate_pairs: 27/27 | new_swaps: 4 | total: 32) -> {'max_bond': 16, 'max_links': 4, 'total_elems': 2804, 'total_shapes': 570, 'total_links': 222, 'num_tensors': 56}
2026-07-16 21:29:45,747 [INFO]     [2 | both | 0](candidate_pairs: 28/28 | new_swaps: 8 | total: 8) -> {'max_bond': 8, 'max_links': 4, 'total_elems': 2036, 'total_shapes': 526, 'total_links': 222, 'num_tensors': 56}
2026-07-16 21:29:45,840 [INFO]     [2 | both | 1](candidate_pairs: 27/27 | new_swaps: 2 | total: 10) -> {'max_bond': 8, 'max_links': 4, 'total_elems': 1976, 'total_shapes': 520, 'total_links': 222, 'num_tensors': 56}
2026-07-16 21:29:45,893 [INFO]     [2 | left | 0](candidate_pairs: 28/28 | new_swaps: 2 | total: 12) -> {'max_bond': 8, 'max_links': 4, 'total_elems': 1844, 'total_shapes': 508, 'total_links': 222, 'num_tensors': 56}
2026-07-16 21:29:45,948 [INFO]     [2 | left | 1](candidate_pairs: 27/27 | new_swaps: 3 | total: 15) -> {'max_bond': 8, 'max_links': 4, 'total_elems': 1676, 'total_shapes': 490, 'total_links': 222, 'num_tensors': 56}
2026-07-16 21:29:45,970 [INFO]     [2 | right | 0](candidate_pairs: 28/28 | new_swaps: 0 | total: 15) -> {'max_bond': 8, 'max_links': 4, 'total_elems': 1676, 'total_shapes': 490, 'total_links': 222, 'num_tensors': 56}
2026-07-16 21:29:45,992 [INFO]     [2 | right | 1](candidate_pairs: 27/27 | new_swaps: 0 | total: 15) -> {'max_bond': 8, 'max_links': 4, 'total_elems': 1676, 'total_shapes': 490, 'total_links': 222, 'num_tensors': 56}
2026-07-16 21:29:46,086 [INFO]     [3 | both | 0](candidate_pairs: 28/28 | new_swaps: 4 | total: 4) -> {'max_bond': 8, 'max_links': 4, 'total_elems': 1544, 'total_shapes': 476, 'total_links': 222, 'num_tensors': 56}
2026-07-16 21:29:46,178 [INFO]     [3 | both | 1](candidate_pairs: 27/27 | new_swaps: 4 | total: 8) -> {'max_bond': 8, 'max_links': 4, 'total_elems': 1340, 'total_shapes': 458, 'total_links': 222, 'num_tensors': 56}
2026-07-16 21:29:46,219 [INFO]     [3 | left | 0](candidate_pairs: 28/28 | new_swaps: 1 | total: 9) -> {'max_bond': 8, 'max_links': 4, 'total_elems': 1316, 'total_shapes': 454, 'total_links': 222, 'num_tensors': 56}
2026-07-16 21:29:46,261 [INFO]     [3 | left | 1](candidate_pairs: 27/27 | new_swaps: 1 | total: 10) -> {'max_bond': 8, 'max_links': 4, 'total_elems': 1244, 'total_shapes': 448, 'total_links': 222, 'num_tensors': 56}
2026-07-16 21:29:46,311 [INFO]     [3 | right | 0](candidate_pairs: 28/28 | new_swaps: 2 | total: 12) -> {'max_bond': 8, 'max_links': 4, 'total_elems': 1060, 'total_shapes': 434, 'total_links': 222, 'num_tensors': 56}
2026-07-16 21:29:46,351 [INFO]     [3 | right | 1](candidate_pairs: 27/27 | new_swaps: 1 | total: 13) -> {'max_bond': 8, 'max_links': 4, 'total_elems': 932, 'total_shapes': 426, 'total_links': 222, 'num_tensors': 56}
2026-07-16 21:29:46,392 [INFO]     [4 | both | 0](candidate_pairs: 28/28 | new_swaps: 0 | total: 0) -> {'max_bond': 8, 'max_links': 4, 'total_elems': 932, 'total_shapes': 426, 'total_links': 222, 'num_tensors': 56}
2026-07-16 21:29:46,433 [INFO]     [4 | both | 1](candidate_pairs: 27/27 | new_swaps: 0 | total: 0) -> {'max_bond': 8, 'max_links': 4, 'total_elems': 932, 'total_shapes': 426, 'total_links': 222, 'num_tensors': 56}
2026-07-16 21:29:46,473 [INFO]     [4 | left | 0](candidate_pairs: 28/28 | new_swaps: 1 | total: 1) -> {'max_bond': 8, 'max_links': 4, 'total_elems': 884, 'total_shapes': 422, 'total_links': 222, 'num_tensors': 56}
2026-07-16 21:29:46,513 [INFO]     [4 | left | 1](candidate_pairs: 27/27 | new_swaps: 1 | total: 2) -> {'max_bond': 8, 'max_links': 4, 'total_elems': 812, 'total_shapes': 416, 'total_links': 222, 'num_tensors': 56}
2026-07-16 21:29:46,553 [INFO]     [4 | right | 0](candidate_pairs: 28/28 | new_swaps: 1 | total: 3) -> {'max_bond': 8, 'max_links': 4, 'total_elems': 788, 'total_shapes': 410, 'total_links': 222, 'num_tensors': 56}
2026-07-16 21:29:46,574 [INFO]     [4 | right | 1](candidate_pairs: 27/27 | new_swaps: 0 | total: 3) -> {'max_bond': 8, 'max_links': 4, 'total_elems': 788, 'total_shapes': 410, 'total_links': 222, 'num_tensors': 56}
2026-07-16 21:29:46,614 [INFO]     [5 | both | 0](candidate_pairs: 28/28 | new_swaps: 0 | total: 0) -> {'max_bond': 8, 'max_links': 4, 'total_elems': 788, 'total_shapes': 410, 'total_links': 222, 'num_tensors': 56}
2026-07-16 21:29:46,655 [INFO]     [5 | both | 1](candidate_pairs: 27/27 | new_swaps: 0 | total: 0) -> {'max_bond': 8, 'max_links': 4, 'total_elems': 788, 'total_shapes': 410, 'total_links': 222, 'num_tensors': 56}
2026-07-16 21:29:46,676 [INFO]     [5 | left | 0](candidate_pairs: 28/28 | new_swaps: 0 | total: 0) -> {'max_bond': 8, 'max_links': 4, 'total_elems': 788, 'total_shapes': 410, 'total_links': 222, 'num_tensors': 56}
2026-07-16 21:29:46,697 [INFO]     [5 | left | 1](candidate_pairs: 27/27 | new_swaps: 0 | total: 0) -> {'max_bond': 8, 'max_links': 4, 'total_elems': 788, 'total_shapes': 410, 'total_links': 222, 'num_tensors': 56}
2026-07-16 21:29:46,718 [INFO]     [5 | right | 0](candidate_pairs: 28/28 | new_swaps: 0 | total: 0) -> {'max_bond': 8, 'max_links': 4, 'total_elems': 788, 'total_shapes': 410, 'total_links': 222, 'num_tensors': 56}
2026-07-16 21:29:46,739 [INFO]     [5 | right | 1](candidate_pairs: 27/27 | new_swaps: 0 | total: 0) -> {'max_bond': 8, 'max_links': 4, 'total_elems': 788, 'total_shapes': 410, 'total_links': 222, 'num_tensors': 56}
2026-07-16 21:29:46,740 [INFO]     [end unswap] -> {'max_bond': 8, 'max_links': 4, 'total_elems': 788, 'total_shapes': 410, 'total_links': 222, 'num_tensors': 56}
2026-07-16 21:29:50,412 [INFO] [start rewire](phase=post_unswap, cycle=32, side=left, layers=1196, trials=50, seed=123, parallel=False, route_candidates=1, route_score=none)
2026-07-16 21:29:51,973 [INFO] [end rewire](phase=post_unswap, cycle=32, side=left, routed_layers=1347, elapsed_s=1.56)
2026-07-16 21:29:51,973 [INFO] [start rewire](phase=post_unswap, cycle=32, side=right, layers=1369, trials=50, seed=123, parallel=False, route_candidates=1, route_score=none)
2026-07-16 21:29:53,653 [INFO] [end rewire](phase=post_unswap, cycle=32, side=right, routed_layers=1156, elapsed_s=1.68)
2026-07-16 21:29:54,024 [INFO] [1L/1345](swap: 10, u: 3 | c_u: 3 | t_u_l: 167/942 | t_u_r: 164/943 | t_u: 331/1885) -> {'max_bond': 8, 'max_links': 4, 'total_elems': 760, 'total_shapes': 404, 'total_links': 222, 'num_tensors': 56}
2026-07-16 21:29:54,190 [INFO] [1R/1154](swap: 10, u: 2 | c_u: 5 | t_u_l: 167/942 | t_u_r: 166/943 | t_u: 333/1885) -> {'max_bond': 8, 'max_links': 4, 'total_elems': 1048, 'total_shapes': 458, 'total_links': 222, 'num_tensors': 56}
2026-07-16 21:29:54,356 [INFO] [2L/1345](swap: 12, u: 2 | c_u: 7 | t_u_l: 169/942 | t_u_r: 166/943 | t_u: 335/1885) -> {'max_bond': 8, 'max_links': 4, 'total_elems': 1164, 'total_shapes': 474, 'total_links': 222, 'num_tensors': 56}
2026-07-16 21:29:54,520 [INFO] [2R/1154](swap: 11, u: 2 | c_u: 9 | t_u_l: 169/942 | t_u_r: 168/943 | t_u: 337/1885) -> {'max_bond': 8, 'max_links': 4, 'total_elems': 1972, 'total_shapes': 536, 'total_links': 222, 'num_tensors': 56}
2026-07-16 21:29:54,685 [INFO] [3L/1345](swap: 14, u: 0 | c_u: 9 | t_u_l: 169/942 | t_u_r: 168/943 | t_u: 337/1885) -> {'max_bond': 16, 'max_links': 4, 'total_elems': 2596, 'total_shapes': 564, 'total_links': 222, 'num_tensors': 56}
2026-07-16 21:29:54,853 [INFO] [3R/1154](swap: 14, u: 1 | c_u: 10 | t_u_l: 169/942 | t_u_r: 169/943 | t_u: 338/1885) -> {'max_bond': 16, 'max_links': 4, 'total_elems': 3104, 'total_shapes': 612, 'total_links': 222, 'num_tensors': 56}
2026-07-16 21:29:55,020 [INFO] [4L/1345](swap: 11, u: 1 | c_u: 11 | t_u_l: 170/942 | t_u_r: 169/943 | t_u: 339/1885) -> {'max_bond': 16, 'max_links': 4, 'total_elems': 4396, 'total_shapes': 640, 'total_links': 222, 'num_tensors': 56}
2026-07-16 21:29:55,189 [INFO] [4R/1154](swap: 14, u: 2 | c_u: 13 | t_u_l: 170/942 | t_u_r: 171/943 | t_u: 341/1885) -> {'max_bond': 21, 'max_links': 4, 'total_elems': 5944, 'total_shapes': 734, 'total_links': 222, 'num_tensors': 56}
2026-07-16 21:29:55,366 [INFO] [5L/1345](swap: 10, u: 0 | c_u: 13 | t_u_l: 170/942 | t_u_r: 171/943 | t_u: 341/1885) -> {'max_bond': 16, 'max_links': 4, 'total_elems': 6772, 'total_shapes': 716, 'total_links': 222, 'num_tensors': 56}
2026-07-16 21:29:55,539 [INFO] [6L/1345](swap: 7, u: 2 | c_u: 15 | t_u_l: 172/942 | t_u_r: 171/943 | t_u: 343/1885) -> {'max_bond': 16, 'max_links': 4, 'total_elems': 6968, 'total_shapes': 726, 'total_links': 222, 'num_tensors': 56}
2026-07-16 21:29:55,708 [INFO] [7L/1345](swap: 8, u: 0 | c_u: 15 | t_u_l: 172/942 | t_u_r: 171/943 | t_u: 343/1885) -> {'max_bond': 16, 'max_links': 4, 'total_elems': 6944, 'total_shapes': 740, 'total_links': 222, 'num_tensors': 56}
2026-07-16 21:29:55,877 [INFO] [8L/1345](swap: 8, u: 0 | c_u: 15 | t_u_l: 172/942 | t_u_r: 171/943 | t_u: 343/1885) -> {'max_bond': 16, 'max_links': 4, 'total_elems': 7956, 'total_shapes': 790, 'total_links': 222, 'num_tensors': 56}
2026-07-16 21:29:56,048 [INFO] [9L/1345](swap: 8, u: 0 | c_u: 15 | t_u_l: 172/942 | t_u_r: 171/943 | t_u: 343/1885) -> {'max_bond': 16, 'max_links': 4, 'total_elems': 8892, 'total_shapes': 842, 'total_links': 222, 'num_tensors': 56}
2026-07-16 21:29:56,222 [INFO] [5R/1154](swap: 14, u: 2 | c_u: 17 | t_u_l: 172/942 | t_u_r: 173/943 | t_u: 345/1885) -> {'max_bond': 31, 'max_links': 4, 'total_elems': 9952, 'total_shapes': 846, 'total_links': 222, 'num_tensors': 56}
2026-07-16 21:29:56,395 [INFO] [6R/1154](swap: 10, u: 1 | c_u: 18 | t_u_l: 172/942 | t_u_r: 174/943 | t_u: 346/1885) -> {'max_bond': 32, 'max_links': 4, 'total_elems': 10356, 'total_shapes': 868, 'total_links': 222, 'num_tensors': 56}
2026-07-16 21:29:56,569 [INFO] [7R/1154](swap: 11, u: 0 | c_u: 18 | t_u_l: 172/942 | t_u_r: 174/943 | t_u: 346/1885) -> {'max_bond': 32, 'max_links': 4, 'total_elems': 15056, 'total_shapes': 910, 'total_links': 222, 'num_tensors': 56}
2026-07-16 21:29:56,743 [INFO] [8R/1154](swap: 12, u: 0 | c_u: 18 | t_u_l: 172/942 | t_u_r: 174/943 | t_u: 346/1885) -> {'max_bond': 32, 'max_links': 4, 'total_elems': 16252, 'total_shapes': 974, 'total_links': 222, 'num_tensors': 56}
2026-07-16 21:29:56,920 [INFO] [10L/1345](swap: 10, u: 1 | c_u: 19 | t_u_l: 173/942 | t_u_r: 174/943 | t_u: 347/1885) -> {'max_bond': 32, 'max_links': 4, 'total_elems': 19004, 'total_shapes': 1000, 'total_links': 222, 'num_tensors': 56}
2026-07-16 21:29:57,102 [INFO] [11L/1345](swap: 13, u: 0 | c_u: 19 | t_u_l: 173/942 | t_u_r: 174/943 | t_u: 347/1885) -> {'max_bond': 32, 'max_links': 4, 'total_elems': 22716, 'total_shapes': 1090, 'total_links': 222, 'num_tensors': 56}
2026-07-16 21:29:57,287 [INFO] [12L/1345](swap: 12, u: 1 | c_u: 20 | t_u_l: 174/942 | t_u_r: 174/943 | t_u: 348/1885) -> {'max_bond': 64, 'max_links': 4, 'total_elems': 28556, 'total_shapes': 1154, 'total_links': 222, 'num_tensors': 56}
2026-07-16 21:29:57,485 [INFO] [9R/1154](swap: 13, u: 0 | c_u: 20 | t_u_l: 174/942 | t_u_r: 174/943 | t_u: 348/1885) -> {'max_bond': 64, 'max_links': 4, 'total_elems': 37116, 'total_shapes': 1294, 'total_links': 222, 'num_tensors': 56}
2026-07-16 21:29:57,697 [INFO] [13L/1345](swap: 10, u: 2 | c_u: 22 | t_u_l: 176/942 | t_u_r: 174/943 | t_u: 350/1885) -> {'max_bond': 64, 'max_links': 4, 'total_elems': 65944, 'total_shapes': 1494, 'total_links': 222, 'num_tensors': 56}
2026-07-16 21:29:57,933 [INFO] [14L/1345](swap: 9, u: 2 | c_u: 24 | t_u_l: 178/942 | t_u_r: 174/943 | t_u: 352/1885) -> {'max_bond': 64, 'max_links': 4, 'total_elems': 88416, 'total_shapes': 1742, 'total_links': 222, 'num_tensors': 56}
2026-07-16 21:29:58,219 [INFO] [15L/1345](swap: 8, u: 2 | c_u: 26 | t_u_l: 180/942 | t_u_r: 174/943 | t_u: 354/1885) -> {'max_bond': 64, 'max_links': 4, 'total_elems': 90996, 'total_shapes': 1826, 'total_links': 222, 'num_tensors': 56}
2026-07-16 21:29:58,483 [INFO] [16L/1345](swap: 7, u: 2 | c_u: 28 | t_u_l: 182/942 | t_u_r: 174/943 | t_u: 356/1885) -> {'max_bond': 64, 'max_links': 4, 'total_elems': 104356, 'total_shapes': 1976, 'total_links': 222, 'num_tensors': 56}
2026-07-16 21:29:58,756 [INFO] [17L/1345](swap: 7, u: 2 | c_u: 30 | t_u_l: 184/942 | t_u_r: 174/943 | t_u: 358/1885) -> {'max_bond': 64, 'max_links': 4, 'total_elems': 105848, 'total_shapes': 2066, 'total_links': 222, 'num_tensors': 56}
2026-07-16 21:29:59,027 [INFO] [10R/1154](swap: 10, u: 2 | c_u: 32 | t_u_l: 184/942 | t_u_r: 176/943 | t_u: 360/1885) -> {'max_bond': 64, 'max_links': 4, 'total_elems': 113176, 'total_shapes': 2068, 'total_links': 222, 'num_tensors': 56}
2026-07-16 21:29:59,323 [INFO] [11R/1154](swap: 10, u: 1 | c_u: 33 | t_u_l: 184/942 | t_u_r: 177/943 | t_u: 361/1885) -> {'max_bond': 64, 'max_links': 4, 'total_elems': 121556, 'total_shapes': 2000, 'total_links': 222, 'num_tensors': 56}
2026-07-16 21:29:59,602 [INFO] [12R/1154](swap: 7, u: 3 | c_u: 36 | t_u_l: 184/942 | t_u_r: 180/943 | t_u: 364/1885) -> {'max_bond': 64, 'max_links': 4, 'total_elems': 122668, 'total_shapes': 2000, 'total_links': 222, 'num_tensors': 56}
2026-07-16 21:29:59,885 [INFO] [18L/1345](swap: 8, u: 1 | c_u: 37 | t_u_l: 185/942 | t_u_r: 180/943 | t_u: 365/1885) -> {'max_bond': 64, 'max_links': 4, 'total_elems': 127936, 'total_shapes': 2108, 'total_links': 222, 'num_tensors': 56}
2026-07-16 21:30:00,181 [INFO] [13R/1154](swap: 8, u: 1 | c_u: 38 | t_u_l: 185/942 | t_u_r: 181/943 | t_u: 366/1885) -> {'max_bond': 64, 'max_links': 4, 'total_elems': 133848, 'total_shapes': 2152, 'total_links': 222, 'num_tensors': 56}
2026-07-16 21:30:00,470 [INFO] [14R/1154](swap: 8, u: 1 | c_u: 39 | t_u_l: 185/942 | t_u_r: 182/943 | t_u: 367/1885) -> {'max_bond': 64, 'max_links': 4, 'total_elems': 132796, 'total_shapes': 2144, 'total_links': 222, 'num_tensors': 56}
2026-07-16 21:30:00,772 [INFO] [15R/1154](swap: 8, u: 1 | c_u: 40 | t_u_l: 185/942 | t_u_r: 183/943 | t_u: 368/1885) -> {'max_bond': 64, 'max_links': 4, 'total_elems': 133696, 'total_shapes': 2156, 'total_links': 222, 'num_tensors': 56}
2026-07-16 21:30:01,072 [INFO] [19L/1345](swap: 6, u: 1 | c_u: 41 | t_u_l: 186/942 | t_u_r: 183/943 | t_u: 369/1885) -> {'max_bond': 64, 'max_links': 4, 'total_elems': 136240, 'total_shapes': 2212, 'total_links': 222, 'num_tensors': 56}
2026-07-16 21:30:01,371 [INFO] [20L/1345](swap: 7, u: 0 | c_u: 41 | t_u_l: 186/942 | t_u_r: 183/943 | t_u: 369/1885) -> {'max_bond': 64, 'max_links': 4, 'total_elems': 130384, 'total_shapes': 2124, 'total_links': 222, 'num_tensors': 56}
2026-07-16 21:30:01,685 [INFO] [21L/1345](swap: 4, u: 3 | c_u: 44 | t_u_l: 189/942 | t_u_r: 183/943 | t_u: 372/1885) -> {'max_bond': 64, 'max_links': 4, 'total_elems': 117464, 'total_shapes': 2072, 'total_links': 222, 'num_tensors': 56}
2026-07-16 21:30:01,938 [INFO] [22L/1345](swap: 6, u: 0 | c_u: 44 | t_u_l: 189/942 | t_u_r: 183/943 | t_u: 372/1885) -> {'max_bond': 64, 'max_links': 4, 'total_elems': 117464, 'total_shapes': 2072, 'total_links': 222, 'num_tensors': 56}
2026-07-16 21:30:02,198 [INFO] [23L/1345](swap: 5, u: 1 | c_u: 45 | t_u_l: 190/942 | t_u_r: 183/943 | t_u: 373/1885) -> {'max_bond': 64, 'max_links': 4, 'total_elems': 103796, 'total_shapes': 1942, 'total_links': 222, 'num_tensors': 56}
2026-07-16 21:30:02,442 [INFO] [24L/1345](swap: 6, u: 2 | c_u: 47 | t_u_l: 192/942 | t_u_r: 183/943 | t_u: 375/1885) -> {'max_bond': 64, 'max_links': 4, 'total_elems': 101864, 'total_shapes': 1896, 'total_links': 222, 'num_tensors': 56}
2026-07-16 21:30:02,682 [INFO] [16R/1154](swap: 7, u: 1 | c_u: 48 | t_u_l: 192/942 | t_u_r: 184/943 | t_u: 376/1885) -> {'max_bond': 64, 'max_links': 4, 'total_elems': 104900, 'total_shapes': 1936, 'total_links': 222, 'num_tensors': 56}
2026-07-16 21:30:02,955 [INFO] [25L/1345](swap: 9, u: 0 | c_u: 48 | t_u_l: 192/942 | t_u_r: 184/943 | t_u: 376/1885) -> {'max_bond': 64, 'max_links': 4, 'total_elems': 111104, 'total_shapes': 2038, 'total_links': 222, 'num_tensors': 56}
2026-07-16 21:30:03,205 [INFO] [26L/1345](swap: 9, u: 0 | c_u: 48 | t_u_l: 192/942 | t_u_r: 184/943 | t_u: 376/1885) -> {'max_bond': 64, 'max_links': 4, 'total_elems': 127868, 'total_shapes': 2212, 'total_links': 222, 'num_tensors': 56}
2026-07-16 21:30:03,468 [INFO] [27L/1345](swap: 8, u: 1 | c_u: 49 | t_u_l: 193/942 | t_u_r: 184/943 | t_u: 377/1885) -> {'max_bond': 64, 'max_links': 4, 'total_elems': 144952, 'total_shapes': 2370, 'total_links': 222, 'num_tensors': 56}
2026-07-16 21:30:03,742 [INFO] [17R/1154](swap: 9, u: 1 | c_u: 50 | t_u_l: 193/942 | t_u_r: 185/943 | t_u: 378/1885) -> {'max_bond': 64, 'max_links': 4, 'total_elems': 167008, 'total_shapes': 2566, 'total_links': 222, 'num_tensors': 56}
2026-07-16 21:30:04,038 [INFO] [28L/1345](swap: 8, u: 0 | c_u: 50 | t_u_l: 193/942 | t_u_r: 185/943 | t_u: 378/1885) -> {'max_bond': 64, 'max_links': 4, 'total_elems': 185500, 'total_shapes': 2772, 'total_links': 222, 'num_tensors': 56}
2026-07-16 21:30:04,362 [INFO] [18R/1154](swap: 5, u: 4 | c_u: 54 | t_u_l: 193/942 | t_u_r: 189/943 | t_u: 382/1885) -> {'max_bond': 128, 'max_links': 4, 'total_elems': 230652, 'total_shapes': 3098, 'total_links': 222, 'num_tensors': 56}
2026-07-16 21:30:04,735 [INFO] [19R/1154](swap: 7, u: 1 | c_u: 55 | t_u_l: 193/942 | t_u_r: 190/943 | t_u: 383/1885) -> {'max_bond': 128, 'max_links': 4, 'total_elems': 230588, 'total_shapes': 3138, 'total_links': 222, 'num_tensors': 56}
2026-07-16 21:30:05,125 [INFO] [29L/1345](swap: 7, u: 1 | c_u: 56 | t_u_l: 194/942 | t_u_r: 190/943 | t_u: 384/1885) -> {'max_bond': 128, 'max_links': 4, 'total_elems': 272444, 'total_shapes': 3410, 'total_links': 222, 'num_tensors': 56}
2026-07-16 21:30:05,555 [INFO] [20R/1154](swap: 8, u: 1 | c_u: 57 | t_u_l: 194/942 | t_u_r: 191/943 | t_u: 385/1885) -> {'max_bond': 128, 'max_links': 4, 'total_elems': 279036, 'total_shapes': 3434, 'total_links': 222, 'num_tensors': 56}
2026-07-16 21:30:06,041 [INFO] [21R/1154](swap: 8, u: 0 | c_u: 57 | t_u_l: 194/942 | t_u_r: 191/943 | t_u: 385/1885) -> {'max_bond': 128, 'max_links': 4, 'total_elems': 381372, 'total_shapes': 3778, 'total_links': 222, 'num_tensors': 56}
2026-07-16 21:30:06,679 [INFO]     [start unswap] -> {'max_bond': 128, 'max_links': 4, 'total_elems': 381372, 'total_shapes': 3778, 'total_links': 222, 'num_tensors': 56}
2026-07-16 21:30:08,335 [INFO]     [0 | both | 0](candidate_pairs: 28/28 | new_swaps: 8 | total: 8) -> {'max_bond': 128, 'max_links': 4, 'total_elems': 184700, 'total_shapes': 2954, 'total_links': 222, 'num_tensors': 56}
2026-07-16 21:30:08,816 [INFO]     [0 | both | 1](candidate_pairs: 27/27 | new_swaps: 10 | total: 18) -> {'max_bond': 64, 'max_links': 4, 'total_elems': 103164, 'total_shapes': 2154, 'total_links': 222, 'num_tensors': 56}
2026-07-16 21:30:08,995 [INFO]     [0 | left | 0](candidate_pairs: 28/28 | new_swaps: 8 | total: 26) -> {'max_bond': 64, 'max_links': 4, 'total_elems': 72252, 'total_shapes': 1834, 'total_links': 222, 'num_tensors': 56}
2026-07-16 21:30:09,142 [INFO]     [0 | left | 1](candidate_pairs: 27/27 | new_swaps: 12 | total: 38) -> {'max_bond': 64, 'max_links': 4, 'total_elems': 41504, 'total_shapes': 1420, 'total_links': 222, 'num_tensors': 56}
2026-07-16 21:30:09,242 [INFO]     [0 | right | 0](candidate_pairs: 28/28 | new_swaps: 7 | total: 45) -> {'max_bond': 32, 'max_links': 4, 'total_elems': 30692, 'total_shapes': 1238, 'total_links': 222, 'num_tensors': 56}
2026-07-16 21:30:09,318 [INFO]     [0 | right | 1](candidate_pairs: 27/27 | new_swaps: 2 | total: 47) -> {'max_bond': 32, 'max_links': 4, 'total_elems': 26660, 'total_shapes': 1182, 'total_links': 222, 'num_tensors': 56}
2026-07-16 21:30:09,479 [INFO]     [1 | both | 0](candidate_pairs: 28/28 | new_swaps: 9 | total: 9) -> {'max_bond': 32, 'max_links': 4, 'total_elems': 17336, 'total_shapes': 1028, 'total_links': 222, 'num_tensors': 56}
2026-07-16 21:30:09,611 [INFO]     [1 | both | 1](candidate_pairs: 27/27 | new_swaps: 7 | total: 16) -> {'max_bond': 16, 'max_links': 4, 'total_elems': 13152, 'total_shapes': 920, 'total_links': 222, 'num_tensors': 56}
2026-07-16 21:30:09,677 [INFO]     [1 | left | 0](candidate_pairs: 28/28 | new_swaps: 5 | total: 21) -> {'max_bond': 16, 'max_links': 4, 'total_elems': 10980, 'total_shapes': 852, 'total_links': 222, 'num_tensors': 56}
2026-07-16 21:30:09,728 [INFO]     [1 | left | 1](candidate_pairs: 27/27 | new_swaps: 1 | total: 22) -> {'max_bond': 16, 'max_links': 4, 'total_elems': 10920, 'total_shapes': 846, 'total_links': 222, 'num_tensors': 56}
2026-07-16 21:30:09,758 [INFO]     [1 | right | 0](candidate_pairs: 28/28 | new_swaps: 0 | total: 22) -> {'max_bond': 16, 'max_links': 4, 'total_elems': 10920, 'total_shapes': 846, 'total_links': 222, 'num_tensors': 56}
2026-07-16 21:30:09,819 [INFO]     [1 | right | 1](candidate_pairs: 27/27 | new_swaps: 2 | total: 24) -> {'max_bond': 16, 'max_links': 4, 'total_elems': 10232, 'total_shapes': 826, 'total_links': 222, 'num_tensors': 56}
2026-07-16 21:30:09,933 [INFO]     [2 | both | 0](candidate_pairs: 28/28 | new_swaps: 4 | total: 4) -> {'max_bond': 16, 'max_links': 4, 'total_elems': 9176, 'total_shapes': 794, 'total_links': 222, 'num_tensors': 56}
2026-07-16 21:30:10,047 [INFO]     [2 | both | 1](candidate_pairs: 27/27 | new_swaps: 7 | total: 11) -> {'max_bond': 16, 'max_links': 4, 'total_elems': 6896, 'total_shapes': 722, 'total_links': 222, 'num_tensors': 56}
2026-07-16 21:30:10,103 [INFO]     [2 | left | 0](candidate_pairs: 28/28 | new_swaps: 2 | total: 13) -> {'max_bond': 16, 'max_links': 4, 'total_elems': 5684, 'total_shapes': 692, 'total_links': 222, 'num_tensors': 56}
2026-07-16 21:30:10,149 [INFO]     [2 | left | 1](candidate_pairs: 27/27 | new_swaps: 1 | total: 14) -> {'max_bond': 16, 'max_links': 4, 'total_elems': 4724, 'total_shapes': 668, 'total_links': 222, 'num_tensors': 56}
2026-07-16 21:30:10,202 [INFO]     [2 | right | 0](candidate_pairs: 28/28 | new_swaps: 2 | total: 16) -> {'max_bond': 16, 'max_links': 4, 'total_elems': 4408, 'total_shapes': 646, 'total_links': 222, 'num_tensors': 56}
2026-07-16 21:30:10,245 [INFO]     [2 | right | 1](candidate_pairs: 27/27 | new_swaps: 2 | total: 18) -> {'max_bond': 16, 'max_links': 4, 'total_elems': 4300, 'total_shapes': 636, 'total_links': 222, 'num_tensors': 56}
2026-07-16 21:30:10,342 [INFO]     [3 | both | 0](candidate_pairs: 28/28 | new_swaps: 5 | total: 5) -> {'max_bond': 16, 'max_links': 4, 'total_elems': 3760, 'total_shapes': 606, 'total_links': 222, 'num_tensors': 56}
2026-07-16 21:30:10,439 [INFO]     [3 | both | 1](candidate_pairs: 27/27 | new_swaps: 5 | total: 10) -> {'max_bond': 16, 'max_links': 4, 'total_elems': 3404, 'total_shapes': 580, 'total_links': 222, 'num_tensors': 56}
2026-07-16 21:30:10,495 [INFO]     [3 | left | 0](candidate_pairs: 28/28 | new_swaps: 3 | total: 13) -> {'max_bond': 16, 'max_links': 4, 'total_elems': 3176, 'total_shapes': 560, 'total_links': 222, 'num_tensors': 56}
2026-07-16 21:30:10,538 [INFO]     [3 | left | 1](candidate_pairs: 27/27 | new_swaps: 1 | total: 14) -> {'max_bond': 16, 'max_links': 4, 'total_elems': 3116, 'total_shapes': 554, 'total_links': 222, 'num_tensors': 56}
2026-07-16 21:30:10,591 [INFO]     [3 | right | 0](candidate_pairs: 28/28 | new_swaps: 2 | total: 16) -> {'max_bond': 16, 'max_links': 4, 'total_elems': 3020, 'total_shapes': 542, 'total_links': 222, 'num_tensors': 56}
2026-07-16 21:30:10,633 [INFO]     [3 | right | 1](candidate_pairs: 27/27 | new_swaps: 1 | total: 17) -> {'max_bond': 16, 'max_links': 4, 'total_elems': 2980, 'total_shapes': 538, 'total_links': 222, 'num_tensors': 56}
2026-07-16 21:30:10,716 [INFO]     [4 | both | 0](candidate_pairs: 28/28 | new_swaps: 1 | total: 1) -> {'max_bond': 16, 'max_links': 4, 'total_elems': 2932, 'total_shapes': 534, 'total_links': 222, 'num_tensors': 56}
2026-07-16 21:30:10,811 [INFO]     [4 | both | 1](candidate_pairs: 27/27 | new_swaps: 4 | total: 5) -> {'max_bond': 16, 'max_links': 4, 'total_elems': 2800, 'total_shapes': 520, 'total_links': 222, 'num_tensors': 56}
2026-07-16 21:30:10,834 [INFO]     [4 | left | 0](candidate_pairs: 28/28 | new_swaps: 0 | total: 5) -> {'max_bond': 16, 'max_links': 4, 'total_elems': 2800, 'total_shapes': 520, 'total_links': 222, 'num_tensors': 56}
2026-07-16 21:30:10,857 [INFO]     [4 | left | 1](candidate_pairs: 27/27 | new_swaps: 0 | total: 5) -> {'max_bond': 16, 'max_links': 4, 'total_elems': 2800, 'total_shapes': 520, 'total_links': 222, 'num_tensors': 56}
2026-07-16 21:30:10,898 [INFO]     [4 | right | 0](candidate_pairs: 28/28 | new_swaps: 1 | total: 6) -> {'max_bond': 16, 'max_links': 4, 'total_elems': 2752, 'total_shapes': 516, 'total_links': 222, 'num_tensors': 56}
2026-07-16 21:30:10,921 [INFO]     [4 | right | 1](candidate_pairs: 27/27 | new_swaps: 0 | total: 6) -> {'max_bond': 16, 'max_links': 4, 'total_elems': 2752, 'total_shapes': 516, 'total_links': 222, 'num_tensors': 56}
2026-07-16 21:30:11,015 [INFO]     [5 | both | 0](candidate_pairs: 28/28 | new_swaps: 3 | total: 3) -> {'max_bond': 16, 'max_links': 4, 'total_elems': 2668, 'total_shapes': 506, 'total_links': 222, 'num_tensors': 56}
2026-07-16 21:30:11,108 [INFO]     [5 | both | 1](candidate_pairs: 27/27 | new_swaps: 2 | total: 5) -> {'max_bond': 16, 'max_links': 4, 'total_elems': 2644, 'total_shapes': 502, 'total_links': 222, 'num_tensors': 56}
2026-07-16 21:30:11,130 [INFO]     [5 | left | 0](candidate_pairs: 28/28 | new_swaps: 0 | total: 5) -> {'max_bond': 16, 'max_links': 4, 'total_elems': 2644, 'total_shapes': 502, 'total_links': 222, 'num_tensors': 56}
2026-07-16 21:30:11,172 [INFO]     [5 | left | 1](candidate_pairs: 27/27 | new_swaps: 1 | total: 6) -> {'max_bond': 16, 'max_links': 4, 'total_elems': 2608, 'total_shapes': 496, 'total_links': 222, 'num_tensors': 56}
2026-07-16 21:30:11,194 [INFO]     [5 | right | 0](candidate_pairs: 28/28 | new_swaps: 0 | total: 6) -> {'max_bond': 16, 'max_links': 4, 'total_elems': 2608, 'total_shapes': 496, 'total_links': 222, 'num_tensors': 56}
2026-07-16 21:30:11,217 [INFO]     [5 | right | 1](candidate_pairs: 27/27 | new_swaps: 0 | total: 6) -> {'max_bond': 16, 'max_links': 4, 'total_elems': 2608, 'total_shapes': 496, 'total_links': 222, 'num_tensors': 56}
2026-07-16 21:30:11,300 [INFO]     [6 | both | 0](candidate_pairs: 28/28 | new_swaps: 1 | total: 1) -> {'max_bond': 16, 'max_links': 4, 'total_elems': 2596, 'total_shapes': 494, 'total_links': 222, 'num_tensors': 56}
2026-07-16 21:30:11,381 [INFO]     [6 | both | 1](candidate_pairs: 27/27 | new_swaps: 1 | total: 2) -> {'max_bond': 16, 'max_links': 4, 'total_elems': 2584, 'total_shapes': 492, 'total_links': 222, 'num_tensors': 56}
2026-07-16 21:30:11,404 [INFO]     [6 | left | 0](candidate_pairs: 28/28 | new_swaps: 0 | total: 2) -> {'max_bond': 16, 'max_links': 4, 'total_elems': 2584, 'total_shapes': 492, 'total_links': 222, 'num_tensors': 56}
2026-07-16 21:30:11,427 [INFO]     [6 | left | 1](candidate_pairs: 27/27 | new_swaps: 0 | total: 2) -> {'max_bond': 16, 'max_links': 4, 'total_elems': 2584, 'total_shapes': 492, 'total_links': 222, 'num_tensors': 56}
2026-07-16 21:30:11,450 [INFO]     [6 | right | 0](candidate_pairs: 28/28 | new_swaps: 0 | total: 2) -> {'max_bond': 16, 'max_links': 4, 'total_elems': 2584, 'total_shapes': 492, 'total_links': 222, 'num_tensors': 56}
2026-07-16 21:30:11,473 [INFO]     [6 | right | 1](candidate_pairs: 27/27 | new_swaps: 0 | total: 2) -> {'max_bond': 16, 'max_links': 4, 'total_elems': 2584, 'total_shapes': 492, 'total_links': 222, 'num_tensors': 56}
2026-07-16 21:30:11,555 [INFO]     [7 | both | 0](candidate_pairs: 28/28 | new_swaps: 1 | total: 1) -> {'max_bond': 16, 'max_links': 4, 'total_elems': 2572, 'total_shapes': 490, 'total_links': 222, 'num_tensors': 56}
2026-07-16 21:30:11,636 [INFO]     [7 | both | 1](candidate_pairs: 27/27 | new_swaps: 1 | total: 2) -> {'max_bond': 16, 'max_links': 4, 'total_elems': 2560, 'total_shapes': 488, 'total_links': 222, 'num_tensors': 56}
2026-07-16 21:30:11,659 [INFO]     [7 | left | 0](candidate_pairs: 28/28 | new_swaps: 0 | total: 2) -> {'max_bond': 16, 'max_links': 4, 'total_elems': 2560, 'total_shapes': 488, 'total_links': 222, 'num_tensors': 56}
2026-07-16 21:30:11,681 [INFO]     [7 | left | 1](candidate_pairs: 27/27 | new_swaps: 0 | total: 2) -> {'max_bond': 16, 'max_links': 4, 'total_elems': 2560, 'total_shapes': 488, 'total_links': 222, 'num_tensors': 56}
2026-07-16 21:30:11,703 [INFO]     [7 | right | 0](candidate_pairs: 28/28 | new_swaps: 0 | total: 2) -> {'max_bond': 16, 'max_links': 4, 'total_elems': 2560, 'total_shapes': 488, 'total_links': 222, 'num_tensors': 56}
2026-07-16 21:30:11,730 [INFO]     [7 | right | 1](candidate_pairs: 27/27 | new_swaps: 0 | total: 2) -> {'max_bond': 16, 'max_links': 4, 'total_elems': 2560, 'total_shapes': 488, 'total_links': 222, 'num_tensors': 56}
2026-07-16 21:30:11,811 [INFO]     [8 | both | 0](candidate_pairs: 28/28 | new_swaps: 1 | total: 1) -> {'max_bond': 16, 'max_links': 4, 'total_elems': 2548, 'total_shapes': 486, 'total_links': 222, 'num_tensors': 56}
2026-07-16 21:30:11,893 [INFO]     [8 | both | 1](candidate_pairs: 27/27 | new_swaps: 1 | total: 2) -> {'max_bond': 16, 'max_links': 4, 'total_elems': 2536, 'total_shapes': 484, 'total_links': 222, 'num_tensors': 56}
2026-07-16 21:30:11,916 [INFO]     [8 | left | 0](candidate_pairs: 28/28 | new_swaps: 0 | total: 2) -> {'max_bond': 16, 'max_links': 4, 'total_elems': 2536, 'total_shapes': 484, 'total_links': 222, 'num_tensors': 56}
2026-07-16 21:30:11,938 [INFO]     [8 | left | 1](candidate_pairs: 27/27 | new_swaps: 0 | total: 2) -> {'max_bond': 16, 'max_links': 4, 'total_elems': 2536, 'total_shapes': 484, 'total_links': 222, 'num_tensors': 56}
2026-07-16 21:30:11,961 [INFO]     [8 | right | 0](candidate_pairs: 28/28 | new_swaps: 0 | total: 2) -> {'max_bond': 16, 'max_links': 4, 'total_elems': 2536, 'total_shapes': 484, 'total_links': 222, 'num_tensors': 56}
2026-07-16 21:30:11,983 [INFO]     [8 | right | 1](candidate_pairs: 27/27 | new_swaps: 0 | total: 2) -> {'max_bond': 16, 'max_links': 4, 'total_elems': 2536, 'total_shapes': 484, 'total_links': 222, 'num_tensors': 56}
2026-07-16 21:30:12,065 [INFO]     [9 | both | 0](candidate_pairs: 28/28 | new_swaps: 1 | total: 1) -> {'max_bond': 16, 'max_links': 4, 'total_elems': 2524, 'total_shapes': 482, 'total_links': 222, 'num_tensors': 56}
2026-07-16 21:30:12,146 [INFO]     [9 | both | 1](candidate_pairs: 27/27 | new_swaps: 1 | total: 2) -> {'max_bond': 16, 'max_links': 4, 'total_elems': 2512, 'total_shapes': 480, 'total_links': 222, 'num_tensors': 56}
2026-07-16 21:30:12,169 [INFO]     [9 | left | 0](candidate_pairs: 28/28 | new_swaps: 0 | total: 2) -> {'max_bond': 16, 'max_links': 4, 'total_elems': 2512, 'total_shapes': 480, 'total_links': 222, 'num_tensors': 56}
2026-07-16 21:30:12,192 [INFO]     [9 | left | 1](candidate_pairs: 27/27 | new_swaps: 0 | total: 2) -> {'max_bond': 16, 'max_links': 4, 'total_elems': 2512, 'total_shapes': 480, 'total_links': 222, 'num_tensors': 56}
2026-07-16 21:30:12,214 [INFO]     [9 | right | 0](candidate_pairs: 28/28 | new_swaps: 0 | total: 2) -> {'max_bond': 16, 'max_links': 4, 'total_elems': 2512, 'total_shapes': 480, 'total_links': 222, 'num_tensors': 56}
2026-07-16 21:30:12,236 [INFO]     [9 | right | 1](candidate_pairs: 27/27 | new_swaps: 0 | total: 2) -> {'max_bond': 16, 'max_links': 4, 'total_elems': 2512, 'total_shapes': 480, 'total_links': 222, 'num_tensors': 56}
2026-07-16 21:30:12,318 [INFO]     [10 | both | 0](candidate_pairs: 28/28 | new_swaps: 1 | total: 1) -> {'max_bond': 16, 'max_links': 4, 'total_elems': 2500, 'total_shapes': 478, 'total_links': 222, 'num_tensors': 56}
2026-07-16 21:30:12,361 [INFO]     [10 | both | 1](candidate_pairs: 27/27 | new_swaps: 0 | total: 1) -> {'max_bond': 16, 'max_links': 4, 'total_elems': 2500, 'total_shapes': 478, 'total_links': 222, 'num_tensors': 56}
2026-07-16 21:30:12,384 [INFO]     [10 | left | 0](candidate_pairs: 28/28 | new_swaps: 0 | total: 1) -> {'max_bond': 16, 'max_links': 4, 'total_elems': 2500, 'total_shapes': 478, 'total_links': 222, 'num_tensors': 56}
2026-07-16 21:30:12,407 [INFO]     [10 | left | 1](candidate_pairs: 27/27 | new_swaps: 0 | total: 1) -> {'max_bond': 16, 'max_links': 4, 'total_elems': 2500, 'total_shapes': 478, 'total_links': 222, 'num_tensors': 56}
2026-07-16 21:30:12,429 [INFO]     [10 | right | 0](candidate_pairs: 28/28 | new_swaps: 0 | total: 1) -> {'max_bond': 16, 'max_links': 4, 'total_elems': 2500, 'total_shapes': 478, 'total_links': 222, 'num_tensors': 56}
2026-07-16 21:30:12,451 [INFO]     [10 | right | 1](candidate_pairs: 27/27 | new_swaps: 0 | total: 1) -> {'max_bond': 16, 'max_links': 4, 'total_elems': 2500, 'total_shapes': 478, 'total_links': 222, 'num_tensors': 56}
2026-07-16 21:30:12,495 [INFO]     [11 | both | 0](candidate_pairs: 28/28 | new_swaps: 0 | total: 0) -> {'max_bond': 16, 'max_links': 4, 'total_elems': 2500, 'total_shapes': 478, 'total_links': 222, 'num_tensors': 56}
2026-07-16 21:30:12,538 [INFO]     [11 | both | 1](candidate_pairs: 27/27 | new_swaps: 0 | total: 0) -> {'max_bond': 16, 'max_links': 4, 'total_elems': 2500, 'total_shapes': 478, 'total_links': 222, 'num_tensors': 56}
2026-07-16 21:30:12,561 [INFO]     [11 | left | 0](candidate_pairs: 28/28 | new_swaps: 0 | total: 0) -> {'max_bond': 16, 'max_links': 4, 'total_elems': 2500, 'total_shapes': 478, 'total_links': 222, 'num_tensors': 56}
2026-07-16 21:30:12,585 [INFO]     [11 | left | 1](candidate_pairs: 27/27 | new_swaps: 0 | total: 0) -> {'max_bond': 16, 'max_links': 4, 'total_elems': 2500, 'total_shapes': 478, 'total_links': 222, 'num_tensors': 56}
2026-07-16 21:30:12,606 [INFO]     [11 | right | 0](candidate_pairs: 28/28 | new_swaps: 0 | total: 0) -> {'max_bond': 16, 'max_links': 4, 'total_elems': 2500, 'total_shapes': 478, 'total_links': 222, 'num_tensors': 56}
2026-07-16 21:30:12,629 [INFO]     [11 | right | 1](candidate_pairs: 27/27 | new_swaps: 0 | total: 0) -> {'max_bond': 16, 'max_links': 4, 'total_elems': 2500, 'total_shapes': 478, 'total_links': 222, 'num_tensors': 56}
2026-07-16 21:30:12,629 [INFO]     [end unswap] -> {'max_bond': 16, 'max_links': 4, 'total_elems': 2500, 'total_shapes': 478, 'total_links': 222, 'num_tensors': 56}
2026-07-16 21:30:20,281 [INFO] [start rewire](phase=post_unswap, cycle=33, side=left, layers=1318, trials=50, seed=123, parallel=False, route_candidates=1, route_score=none)
2026-07-16 21:30:21,783 [INFO] [end rewire](phase=post_unswap, cycle=33, side=left, routed_layers=1152, elapsed_s=1.50)
2026-07-16 21:30:21,783 [INFO] [start rewire](phase=post_unswap, cycle=33, side=right, layers=1135, trials=50, seed=123, parallel=False, route_candidates=1, route_score=none)
2026-07-16 21:30:23,380 [INFO] [end rewire](phase=post_unswap, cycle=33, side=right, routed_layers=1067, elapsed_s=1.60)
2026-07-16 21:30:23,767 [INFO] [1L/1150](swap: 9, u: 3 | c_u: 3 | t_u_l: 197/942 | t_u_r: 191/943 | t_u: 388/1885) -> {'max_bond': 8, 'max_links': 4, 'total_elems': 1972, 'total_shapes': 458, 'total_links': 222, 'num_tensors': 56}
2026-07-16 21:30:23,937 [INFO] [1R/1065](swap: 10, u: 0 | c_u: 3 | t_u_l: 197/942 | t_u_r: 191/943 | t_u: 388/1885) -> {'max_bond': 8, 'max_links': 4, 'total_elems': 2164, 'total_shapes': 506, 'total_links': 222, 'num_tensors': 56}
2026-07-16 21:30:24,105 [INFO] [2L/1150](swap: 14, u: 0 | c_u: 3 | t_u_l: 197/942 | t_u_r: 191/943 | t_u: 388/1885) -> {'max_bond': 8, 'max_links': 4, 'total_elems': 2248, 'total_shapes': 484, 'total_links': 222, 'num_tensors': 56}
2026-07-16 21:30:24,277 [INFO] [2R/1065](swap: 11, u: 1 | c_u: 4 | t_u_l: 197/942 | t_u_r: 192/943 | t_u: 389/1885) -> {'max_bond': 8, 'max_links': 4, 'total_elems': 2516, 'total_shapes': 536, 'total_links': 222, 'num_tensors': 56}
2026-07-16 21:30:24,450 [INFO] [3L/1150](swap: 12, u: 1 | c_u: 5 | t_u_l: 198/942 | t_u_r: 192/943 | t_u: 390/1885) -> {'max_bond': 8, 'max_links': 4, 'total_elems': 2596, 'total_shapes': 516, 'total_links': 222, 'num_tensors': 56}
2026-07-16 21:30:24,624 [INFO] [3R/1065](swap: 10, u: 1 | c_u: 6 | t_u_l: 198/942 | t_u_r: 193/943 | t_u: 391/1885) -> {'max_bond': 8, 'max_links': 4, 'total_elems': 2624, 'total_shapes': 536, 'total_links': 222, 'num_tensors': 56}
2026-07-16 21:30:24,796 [INFO] [4L/1150](swap: 12, u: 2 | c_u: 8 | t_u_l: 200/942 | t_u_r: 193/943 | t_u: 393/1885) -> {'max_bond': 8, 'max_links': 4, 'total_elems': 2944, 'total_shapes': 552, 'total_links': 222, 'num_tensors': 56}
2026-07-16 21:30:24,968 [INFO] [4R/1065](swap: 9, u: 1 | c_u: 9 | t_u_l: 200/942 | t_u_r: 194/943 | t_u: 394/1885) -> {'max_bond': 8, 'max_links': 4, 'total_elems': 2804, 'total_shapes': 554, 'total_links': 222, 'num_tensors': 56}
2026-07-16 21:30:25,138 [INFO] [5L/1150](swap: 13, u: 0 | c_u: 9 | t_u_l: 200/942 | t_u_r: 194/943 | t_u: 394/1885) -> {'max_bond': 8, 'max_links': 4, 'total_elems': 3276, 'total_shapes': 580, 'total_links': 222, 'num_tensors': 56}
2026-07-16 21:30:25,308 [INFO] [5R/1065](swap: 7, u: 1 | c_u: 10 | t_u_l: 200/942 | t_u_r: 195/943 | t_u: 395/1885) -> {'max_bond': 16, 'max_links': 4, 'total_elems': 4352, 'total_shapes': 638, 'total_links': 222, 'num_tensors': 56}
2026-07-16 21:30:25,480 [INFO] [6L/1150](swap: 12, u: 0 | c_u: 10 | t_u_l: 200/942 | t_u_r: 195/943 | t_u: 395/1885) -> {'max_bond': 16, 'max_links': 4, 'total_elems': 5720, 'total_shapes': 696, 'total_links': 222, 'num_tensors': 56}
2026-07-16 21:30:25,654 [INFO] [6R/1065](swap: 8, u: 0 | c_u: 10 | t_u_l: 200/942 | t_u_r: 195/943 | t_u: 395/1885) -> {'max_bond': 16, 'max_links': 4, 'total_elems': 6992, 'total_shapes': 746, 'total_links': 222, 'num_tensors': 56}
2026-07-16 21:30:25,829 [INFO] [7R/1065](swap: 9, u: 0 | c_u: 10 | t_u_l: 200/942 | t_u_r: 195/943 | t_u: 395/1885) -> {'max_bond': 16, 'max_links': 4, 'total_elems': 6812, 'total_shapes': 740, 'total_links': 222, 'num_tensors': 56}
2026-07-16 21:30:26,005 [INFO] [8R/1065](swap: 9, u: 1 | c_u: 11 | t_u_l: 200/942 | t_u_r: 196/943 | t_u: 396/1885) -> {'max_bond': 16, 'max_links': 4, 'total_elems': 8356, 'total_shapes': 836, 'total_links': 222, 'num_tensors': 56}
2026-07-16 21:30:26,183 [INFO] [9R/1065](swap: 10, u: 1 | c_u: 12 | t_u_l: 200/942 | t_u_r: 197/943 | t_u: 397/1885) -> {'max_bond': 16, 'max_links': 4, 'total_elems': 11248, 'total_shapes': 916, 'total_links': 222, 'num_tensors': 56}
2026-07-16 21:30:26,361 [INFO] [7L/1150](swap: 10, u: 1 | c_u: 13 | t_u_l: 201/942 | t_u_r: 197/943 | t_u: 398/1885) -> {'max_bond': 32, 'max_links': 4, 'total_elems': 14496, 'total_shapes': 960, 'total_links': 222, 'num_tensors': 56}
2026-07-16 21:30:26,544 [INFO] [8L/1150](swap: 11, u: 0 | c_u: 13 | t_u_l: 201/942 | t_u_r: 197/943 | t_u: 398/1885) -> {'max_bond': 32, 'max_links': 4, 'total_elems': 14148, 'total_shapes': 938, 'total_links': 222, 'num_tensors': 56}
2026-07-16 21:30:26,726 [INFO] [9L/1150](swap: 9, u: 1 | c_u: 14 | t_u_l: 202/942 | t_u_r: 197/943 | t_u: 399/1885) -> {'max_bond': 16, 'max_links': 4, 'total_elems': 11196, 'total_shapes': 882, 'total_links': 222, 'num_tensors': 56}
2026-07-16 21:30:26,902 [INFO] [10L/1150](swap: 9, u: 0 | c_u: 14 | t_u_l: 202/942 | t_u_r: 197/943 | t_u: 399/1885) -> {'max_bond': 16, 'max_links': 4, 'total_elems': 9952, 'total_shapes': 850, 'total_links': 222, 'num_tensors': 56}
2026-07-16 21:30:27,082 [INFO] [11L/1150](swap: 10, u: 1 | c_u: 15 | t_u_l: 203/942 | t_u_r: 197/943 | t_u: 400/1885) -> {'max_bond': 16, 'max_links': 4, 'total_elems': 11964, 'total_shapes': 906, 'total_links': 222, 'num_tensors': 56}
2026-07-16 21:30:27,264 [INFO] [10R/1065](swap: 11, u: 1 | c_u: 16 | t_u_l: 203/942 | t_u_r: 198/943 | t_u: 401/1885) -> {'max_bond': 16, 'max_links': 4, 'total_elems': 12888, 'total_shapes': 966, 'total_links': 222, 'num_tensors': 56}
2026-07-16 21:30:27,446 [INFO] [11R/1065](swap: 9, u: 1 | c_u: 17 | t_u_l: 203/942 | t_u_r: 199/943 | t_u: 402/1885) -> {'max_bond': 16, 'max_links': 4, 'total_elems': 15744, 'total_shapes': 1070, 'total_links': 222, 'num_tensors': 56}
2026-07-16 21:30:27,631 [INFO] [12R/1065](swap: 6, u: 2 | c_u: 19 | t_u_l: 203/942 | t_u_r: 201/943 | t_u: 404/1885) -> {'max_bond': 16, 'max_links': 4, 'total_elems': 17088, 'total_shapes': 1108, 'total_links': 222, 'num_tensors': 56}
2026-07-16 21:30:27,817 [INFO] [13R/1065](swap: 9, u: 1 | c_u: 20 | t_u_l: 203/942 | t_u_r: 202/943 | t_u: 405/1885) -> {'max_bond': 32, 'max_links': 4, 'total_elems': 18048, 'total_shapes': 1156, 'total_links': 222, 'num_tensors': 56}
2026-07-16 21:30:28,003 [INFO] [14R/1065](swap: 8, u: 1 | c_u: 21 | t_u_l: 203/942 | t_u_r: 203/943 | t_u: 406/1885) -> {'max_bond': 32, 'max_links': 4, 'total_elems': 24000, 'total_shapes': 1244, 'total_links': 222, 'num_tensors': 56}
2026-07-16 21:30:28,196 [INFO] [12L/1150](swap: 8, u: 2 | c_u: 23 | t_u_l: 205/942 | t_u_r: 203/943 | t_u: 408/1885) -> {'max_bond': 64, 'max_links': 4, 'total_elems': 30656, 'total_shapes': 1348, 'total_links': 222, 'num_tensors': 56}
2026-07-16 21:30:28,390 [INFO] [13L/1150](swap: 9, u: 1 | c_u: 24 | t_u_l: 206/942 | t_u_r: 203/943 | t_u: 409/1885) -> {'max_bond': 64, 'max_links': 4, 'total_elems': 30880, 'total_shapes': 1336, 'total_links': 222, 'num_tensors': 56}
2026-07-16 21:30:28,596 [INFO] [15R/1065](swap: 12, u: 0 | c_u: 24 | t_u_l: 206/942 | t_u_r: 203/943 | t_u: 409/1885) -> {'max_bond': 64, 'max_links': 4, 'total_elems': 49152, 'total_shapes': 1620, 'total_links': 222, 'num_tensors': 56}
2026-07-16 21:30:28,849 [INFO] [14L/1150](swap: 10, u: 1 | c_u: 25 | t_u_l: 207/942 | t_u_r: 203/943 | t_u: 410/1885) -> {'max_bond': 64, 'max_links': 4, 'total_elems': 81600, 'total_shapes': 1756, 'total_links': 222, 'num_tensors': 56}
2026-07-16 21:30:29,129 [INFO] [15L/1150](swap: 10, u: 0 | c_u: 25 | t_u_l: 207/942 | t_u_r: 203/943 | t_u: 410/1885) -> {'max_bond': 128, 'max_links': 4, 'total_elems': 139872, 'total_shapes': 2222, 'total_links': 222, 'num_tensors': 56}
2026-07-16 21:30:29,555 [INFO] [16L/1150](swap: 11, u: 0 | c_u: 25 | t_u_l: 207/942 | t_u_r: 203/943 | t_u: 410/1885) -> {'max_bond': 128, 'max_links': 4, 'total_elems': 236640, 'total_shapes': 2726, 'total_links': 222, 'num_tensors': 56}
2026-07-16 21:30:30,077 [INFO] [16R/1065](swap: 11, u: 2 | c_u: 27 | t_u_l: 207/942 | t_u_r: 205/943 | t_u: 412/1885) -> {'max_bond': 128, 'max_links': 4, 'total_elems': 284800, 'total_shapes': 2908, 'total_links': 222, 'num_tensors': 56}
2026-07-16 21:30:30,655 [INFO] [17R/1065](swap: 11, u: 0 | c_u: 27 | t_u_l: 207/942 | t_u_r: 205/943 | t_u: 412/1885) -> {'max_bond': 256, 'max_links': 4, 'total_elems': 434464, 'total_shapes': 3336, 'total_links': 222, 'num_tensors': 56}
2026-07-16 21:30:31,409 [INFO] [18R/1065](swap: 9, u: 1 | c_u: 28 | t_u_l: 207/942 | t_u_r: 206/943 | t_u: 413/1885) -> {'max_bond': 256, 'max_links': 4, 'total_elems': 431584, 'total_shapes': 3448, 'total_links': 222, 'num_tensors': 56}
2026-07-16 21:30:32,317 [INFO] [17L/1150](swap: 9, u: 2 | c_u: 30 | t_u_l: 209/942 | t_u_r: 206/943 | t_u: 415/1885) -> {'max_bond': 128, 'max_links': 4, 'total_elems': 390848, 'total_shapes': 3396, 'total_links': 222, 'num_tensors': 56}
2026-07-16 21:30:32,976 [INFO] [19R/1065](swap: 10, u: 2 | c_u: 32 | t_u_l: 209/942 | t_u_r: 208/943 | t_u: 417/1885) -> {'max_bond': 128, 'max_links': 4, 'total_elems': 453636, 'total_shapes': 3758, 'total_links': 222, 'num_tensors': 56}
2026-07-16 21:30:33,793 [INFO] [18L/1150](swap: 11, u: 1 | c_u: 33 | t_u_l: 210/942 | t_u_r: 208/943 | t_u: 418/1885) -> {'max_bond': 128, 'max_links': 4, 'total_elems': 468252, 'total_shapes': 3880, 'total_links': 222, 'num_tensors': 56}
2026-07-16 21:30:34,749 [INFO]     [start unswap] -> {'max_bond': 128, 'max_links': 4, 'total_elems': 468252, 'total_shapes': 3880, 'total_links': 222, 'num_tensors': 56}
2026-07-16 21:30:38,502 [INFO]     [0 | both | 0](candidate_pairs: 28/28 | new_swaps: 5 | total: 5) -> {'max_bond': 256, 'max_links': 4, 'total_elems': 415964, 'total_shapes': 3552, 'total_links': 222, 'num_tensors': 56}
2026-07-16 21:30:39,571 [INFO]     [0 | both | 1](candidate_pairs: 27/27 | new_swaps: 7 | total: 12) -> {'max_bond': 128, 'max_links': 4, 'total_elems': 203996, 'total_shapes': 2664, 'total_links': 222, 'num_tensors': 56}
2026-07-16 21:30:39,864 [INFO]     [0 | left | 0](candidate_pairs: 28/28 | new_swaps: 12 | total: 24) -> {'max_bond': 64, 'max_links': 4, 'total_elems': 129012, 'total_shapes': 2128, 'total_links': 222, 'num_tensors': 56}
2026-07-16 21:30:40,067 [INFO]     [0 | left | 1](candidate_pairs: 27/27 | new_swaps: 8 | total: 32) -> {'max_bond': 64, 'max_links': 4, 'total_elems': 85528, 'total_shapes': 1748, 'total_links': 222, 'num_tensors': 56}
2026-07-16 21:30:40,197 [INFO]     [0 | right | 0](candidate_pairs: 28/28 | new_swaps: 3 | total: 35) -> {'max_bond': 64, 'max_links': 4, 'total_elems': 83868, 'total_shapes': 1702, 'total_links': 222, 'num_tensors': 56}
2026-07-16 21:30:40,361 [INFO]     [0 | right | 1](candidate_pairs: 27/27 | new_swaps: 6 | total: 41) -> {'max_bond': 64, 'max_links': 4, 'total_elems': 64940, 'total_shapes': 1514, 'total_links': 222, 'num_tensors': 56}
2026-07-16 21:30:40,588 [INFO]     [1 | both | 0](candidate_pairs: 28/28 | new_swaps: 9 | total: 9) -> {'max_bond': 64, 'max_links': 4, 'total_elems': 22784, 'total_shapes': 1104, 'total_links': 222, 'num_tensors': 56}
2026-07-16 21:30:40,723 [INFO]     [1 | both | 1](candidate_pairs: 27/27 | new_swaps: 8 | total: 17) -> {'max_bond': 64, 'max_links': 4, 'total_elems': 19388, 'total_shapes': 986, 'total_links': 222, 'num_tensors': 56}
2026-07-16 21:30:40,797 [INFO]     [1 | left | 0](candidate_pairs: 28/28 | new_swaps: 2 | total: 19) -> {'max_bond': 64, 'max_links': 4, 'total_elems': 19268, 'total_shapes': 974, 'total_links': 222, 'num_tensors': 56}
2026-07-16 21:30:40,870 [INFO]     [1 | left | 1](candidate_pairs: 27/27 | new_swaps: 3 | total: 22) -> {'max_bond': 16, 'max_links': 4, 'total_elems': 13040, 'total_shapes': 866, 'total_links': 222, 'num_tensors': 56}
2026-07-16 21:30:40,901 [INFO]     [1 | right | 0](candidate_pairs: 28/28 | new_swaps: 0 | total: 22) -> {'max_bond': 16, 'max_links': 4, 'total_elems': 13040, 'total_shapes': 866, 'total_links': 222, 'num_tensors': 56}
2026-07-16 21:30:40,955 [INFO]     [1 | right | 1](candidate_pairs: 27/27 | new_swaps: 1 | total: 23) -> {'max_bond': 16, 'max_links': 4, 'total_elems': 12400, 'total_shapes': 850, 'total_links': 222, 'num_tensors': 56}
2026-07-16 21:30:41,080 [INFO]     [2 | both | 0](candidate_pairs: 28/28 | new_swaps: 8 | total: 8) -> {'max_bond': 16, 'max_links': 4, 'total_elems': 8764, 'total_shapes': 752, 'total_links': 222, 'num_tensors': 56}
2026-07-16 21:30:41,193 [INFO]     [2 | both | 1](candidate_pairs: 27/27 | new_swaps: 8 | total: 16) -> {'max_bond': 16, 'max_links': 4, 'total_elems': 6616, 'total_shapes': 682, 'total_links': 222, 'num_tensors': 56}
2026-07-16 21:30:41,251 [INFO]     [2 | left | 0](candidate_pairs: 28/28 | new_swaps: 3 | total: 19) -> {'max_bond': 16, 'max_links': 4, 'total_elems': 5728, 'total_shapes': 654, 'total_links': 222, 'num_tensors': 56}
2026-07-16 21:30:41,295 [INFO]     [2 | left | 1](candidate_pairs: 27/27 | new_swaps: 1 | total: 20) -> {'max_bond': 16, 'max_links': 4, 'total_elems': 5088, 'total_shapes': 638, 'total_links': 222, 'num_tensors': 56}
2026-07-16 21:30:41,352 [INFO]     [2 | right | 0](candidate_pairs: 28/28 | new_swaps: 2 | total: 22) -> {'max_bond': 16, 'max_links': 4, 'total_elems': 4480, 'total_shapes': 616, 'total_links': 222, 'num_tensors': 56}
2026-07-16 21:30:41,406 [INFO]     [2 | right | 1](candidate_pairs: 27/27 | new_swaps: 2 | total: 24) -> {'max_bond': 8, 'max_links': 4, 'total_elems': 3652, 'total_shapes': 586, 'total_links': 222, 'num_tensors': 56}
2026-07-16 21:30:41,505 [INFO]     [3 | both | 0](candidate_pairs: 28/28 | new_swaps: 5 | total: 5) -> {'max_bond': 8, 'max_links': 4, 'total_elems': 3100, 'total_shapes': 554, 'total_links': 222, 'num_tensors': 56}
2026-07-16 21:30:41,605 [INFO]     [3 | both | 1](candidate_pairs: 27/27 | new_swaps: 9 | total: 14) -> {'max_bond': 8, 'max_links': 4, 'total_elems': 2164, 'total_shapes': 498, 'total_links': 222, 'num_tensors': 56}
2026-07-16 21:30:41,659 [INFO]     [3 | left | 0](candidate_pairs: 28/28 | new_swaps: 3 | total: 17) -> {'max_bond': 8, 'max_links': 4, 'total_elems': 1880, 'total_shapes': 476, 'total_links': 222, 'num_tensors': 56}
2026-07-16 21:30:41,682 [INFO]     [3 | left | 1](candidate_pairs: 27/27 | new_swaps: 0 | total: 17) -> {'max_bond': 8, 'max_links': 4, 'total_elems': 1880, 'total_shapes': 476, 'total_links': 222, 'num_tensors': 56}
2026-07-16 21:30:41,722 [INFO]     [3 | right | 0](candidate_pairs: 28/28 | new_swaps: 2 | total: 19) -> {'max_bond': 8, 'max_links': 4, 'total_elems': 1736, 'total_shapes': 466, 'total_links': 222, 'num_tensors': 56}
2026-07-16 21:30:41,774 [INFO]     [3 | right | 1](candidate_pairs: 27/27 | new_swaps: 2 | total: 21) -> {'max_bond': 8, 'max_links': 4, 'total_elems': 1436, 'total_shapes': 448, 'total_links': 222, 'num_tensors': 56}
2026-07-16 21:30:41,868 [INFO]     [4 | both | 0](candidate_pairs: 28/28 | new_swaps: 5 | total: 5) -> {'max_bond': 8, 'max_links': 4, 'total_elems': 824, 'total_shapes': 410, 'total_links': 222, 'num_tensors': 56}
2026-07-16 21:30:41,957 [INFO]     [4 | both | 1](candidate_pairs: 27/27 | new_swaps: 2 | total: 7) -> {'max_bond': 4, 'max_links': 4, 'total_elems': 620, 'total_shapes': 392, 'total_links': 222, 'num_tensors': 56}
2026-07-16 21:30:41,997 [INFO]     [4 | left | 0](candidate_pairs: 28/28 | new_swaps: 1 | total: 8) -> {'max_bond': 4, 'max_links': 4, 'total_elems': 596, 'total_shapes': 388, 'total_links': 222, 'num_tensors': 56}
2026-07-16 21:30:42,048 [INFO]     [4 | left | 1](candidate_pairs: 27/27 | new_swaps: 2 | total: 10) -> {'max_bond': 4, 'max_links': 4, 'total_elems': 512, 'total_shapes': 376, 'total_links': 222, 'num_tensors': 56}
2026-07-16 21:30:42,070 [INFO]     [4 | right | 0](candidate_pairs: 28/28 | new_swaps: 0 | total: 10) -> {'max_bond': 4, 'max_links': 4, 'total_elems': 512, 'total_shapes': 376, 'total_links': 222, 'num_tensors': 56}
2026-07-16 21:30:42,091 [INFO]     [4 | right | 1](candidate_pairs: 27/27 | new_swaps: 0 | total: 10) -> {'max_bond': 4, 'max_links': 4, 'total_elems': 512, 'total_shapes': 376, 'total_links': 222, 'num_tensors': 56}
2026-07-16 21:30:42,168 [INFO]     [5 | both | 0](candidate_pairs: 28/28 | new_swaps: 1 | total: 1) -> {'max_bond': 4, 'max_links': 4, 'total_elems': 500, 'total_shapes': 374, 'total_links': 222, 'num_tensors': 56}
2026-07-16 21:30:42,209 [INFO]     [5 | both | 1](candidate_pairs: 27/27 | new_swaps: 0 | total: 1) -> {'max_bond': 4, 'max_links': 4, 'total_elems': 500, 'total_shapes': 374, 'total_links': 222, 'num_tensors': 56}
2026-07-16 21:30:42,248 [INFO]     [5 | left | 0](candidate_pairs: 28/28 | new_swaps: 1 | total: 2) -> {'max_bond': 4, 'max_links': 4, 'total_elems': 460, 'total_shapes': 370, 'total_links': 222, 'num_tensors': 56}
2026-07-16 21:30:42,269 [INFO]     [5 | left | 1](candidate_pairs: 27/27 | new_swaps: 0 | total: 2) -> {'max_bond': 4, 'max_links': 4, 'total_elems': 460, 'total_shapes': 370, 'total_links': 222, 'num_tensors': 56}
2026-07-16 21:30:42,290 [INFO]     [5 | right | 0](candidate_pairs: 28/28 | new_swaps: 0 | total: 2) -> {'max_bond': 4, 'max_links': 4, 'total_elems': 460, 'total_shapes': 370, 'total_links': 222, 'num_tensors': 56}
2026-07-16 21:30:42,311 [INFO]     [5 | right | 1](candidate_pairs: 27/27 | new_swaps: 0 | total: 2) -> {'max_bond': 4, 'max_links': 4, 'total_elems': 460, 'total_shapes': 370, 'total_links': 222, 'num_tensors': 56}
2026-07-16 21:30:42,352 [INFO]     [6 | both | 0](candidate_pairs: 28/28 | new_swaps: 0 | total: 0) -> {'max_bond': 4, 'max_links': 4, 'total_elems': 460, 'total_shapes': 370, 'total_links': 222, 'num_tensors': 56}
2026-07-16 21:30:42,392 [INFO]     [6 | both | 1](candidate_pairs: 27/27 | new_swaps: 0 | total: 0) -> {'max_bond': 4, 'max_links': 4, 'total_elems': 460, 'total_shapes': 370, 'total_links': 222, 'num_tensors': 56}
2026-07-16 21:30:42,414 [INFO]     [6 | left | 0](candidate_pairs: 28/28 | new_swaps: 0 | total: 0) -> {'max_bond': 4, 'max_links': 4, 'total_elems': 460, 'total_shapes': 370, 'total_links': 222, 'num_tensors': 56}
2026-07-16 21:30:42,435 [INFO]     [6 | left | 1](candidate_pairs: 27/27 | new_swaps: 0 | total: 0) -> {'max_bond': 4, 'max_links': 4, 'total_elems': 460, 'total_shapes': 370, 'total_links': 222, 'num_tensors': 56}
2026-07-16 21:30:42,456 [INFO]     [6 | right | 0](candidate_pairs: 28/28 | new_swaps: 0 | total: 0) -> {'max_bond': 4, 'max_links': 4, 'total_elems': 460, 'total_shapes': 370, 'total_links': 222, 'num_tensors': 56}
2026-07-16 21:30:42,477 [INFO]     [6 | right | 1](candidate_pairs: 27/27 | new_swaps: 0 | total: 0) -> {'max_bond': 4, 'max_links': 4, 'total_elems': 460, 'total_shapes': 370, 'total_links': 222, 'num_tensors': 56}
2026-07-16 21:30:42,477 [INFO]     [end unswap] -> {'max_bond': 4, 'max_links': 4, 'total_elems': 460, 'total_shapes': 370, 'total_links': 222, 'num_tensors': 56}
2026-07-16 21:30:47,187 [INFO] [start rewire](phase=post_unswap, cycle=34, side=left, layers=1134, trials=50, seed=123, parallel=False, route_candidates=1, route_score=none)
2026-07-16 21:30:49,150 [INFO] [end rewire](phase=post_unswap, cycle=34, side=left, routed_layers=1119, elapsed_s=1.96)
2026-07-16 21:30:49,150 [INFO] [start rewire](phase=post_unswap, cycle=34, side=right, layers=1048, trials=50, seed=123, parallel=False, route_candidates=1, route_score=none)
2026-07-16 21:30:50,250 [INFO] [end rewire](phase=post_unswap, cycle=34, side=right, routed_layers=1219, elapsed_s=1.10)
2026-07-16 21:30:50,642 [INFO] [1L/1117](swap: 14, u: 0 | c_u: 0 | t_u_l: 210/942 | t_u_r: 208/943 | t_u: 418/1885) -> {'max_bond': 4, 'max_links': 4, 'total_elems': 460, 'total_shapes': 370, 'total_links': 222, 'num_tensors': 56}
2026-07-16 21:30:50,814 [INFO] [1R/1217](swap: 12, u: 1 | c_u: 1 | t_u_l: 210/942 | t_u_r: 209/943 | t_u: 419/1885) -> {'max_bond': 8, 'max_links': 4, 'total_elems': 956, 'total_shapes': 452, 'total_links': 222, 'num_tensors': 56}
2026-07-16 21:30:50,988 [INFO] [2L/1117](swap: 13, u: 1 | c_u: 2 | t_u_l: 211/942 | t_u_r: 209/943 | t_u: 420/1885) -> {'max_bond': 4, 'max_links': 4, 'total_elems': 668, 'total_shapes': 404, 'total_links': 222, 'num_tensors': 56}
2026-07-16 21:30:51,161 [INFO] [3L/1117](swap: 11, u: 1 | c_u: 3 | t_u_l: 212/942 | t_u_r: 209/943 | t_u: 421/1885) -> {'max_bond': 8, 'max_links': 4, 'total_elems': 1328, 'total_shapes': 494, 'total_links': 222, 'num_tensors': 56}
2026-07-16 21:30:51,334 [INFO] [2R/1217](swap: 15, u: 0 | c_u: 3 | t_u_l: 212/942 | t_u_r: 209/943 | t_u: 421/1885) -> {'max_bond': 16, 'max_links': 4, 'total_elems': 1488, 'total_shapes': 468, 'total_links': 222, 'num_tensors': 56}
2026-07-16 21:30:51,506 [INFO] [4L/1117](swap: 9, u: 0 | c_u: 3 | t_u_l: 212/942 | t_u_r: 209/943 | t_u: 421/1885) -> {'max_bond': 16, 'max_links': 4, 'total_elems': 2076, 'total_shapes': 534, 'total_links': 222, 'num_tensors': 56}
2026-07-16 21:30:51,678 [INFO] [3R/1217](swap: 17, u: 0 | c_u: 3 | t_u_l: 212/942 | t_u_r: 209/943 | t_u: 421/1885) -> {'max_bond': 16, 'max_links': 4, 'total_elems': 2396, 'total_shapes': 546, 'total_links': 222, 'num_tensors': 56}
2026-07-16 21:30:52,654 [INFO] [5L/1117](swap: 9, u: 0 | c_u: 3 | t_u_l: 212/942 | t_u_r: 209/943 | t_u: 421/1885) -> {'max_bond': 16, 'max_links': 4, 'total_elems': 2936, 'total_shapes': 600, 'total_links': 222, 'num_tensors': 56}
2026-07-16 21:30:52,829 [INFO] [4R/1217](swap: 16, u: 0 | c_u: 3 | t_u_l: 212/942 | t_u_r: 209/943 | t_u: 421/1885) -> {'max_bond': 16, 'max_links': 4, 'total_elems': 3456, 'total_shapes': 592, 'total_links': 222, 'num_tensors': 56}
2026-07-16 21:30:53,003 [INFO] [6L/1117](swap: 10, u: 0 | c_u: 3 | t_u_l: 212/942 | t_u_r: 209/943 | t_u: 421/1885) -> {'max_bond': 16, 'max_links': 4, 'total_elems': 4588, 'total_shapes': 666, 'total_links': 222, 'num_tensors': 56}
2026-07-16 21:30:53,177 [INFO] [7L/1117](swap: 10, u: 0 | c_u: 3 | t_u_l: 212/942 | t_u_r: 209/943 | t_u: 421/1885) -> {'max_bond': 16, 'max_links': 4, 'total_elems': 8172, 'total_shapes': 770, 'total_links': 222, 'num_tensors': 56}
2026-07-16 21:30:53,356 [INFO] [5R/1217](swap: 13, u: 0 | c_u: 3 | t_u_l: 212/942 | t_u_r: 209/943 | t_u: 421/1885) -> {'max_bond': 64, 'max_links': 4, 'total_elems': 17628, 'total_shapes': 970, 'total_links': 222, 'num_tensors': 56}
2026-07-16 21:30:53,554 [INFO] [8L/1117](swap: 10, u: 0 | c_u: 3 | t_u_l: 212/942 | t_u_r: 209/943 | t_u: 421/1885) -> {'max_bond': 64, 'max_links': 4, 'total_elems': 39900, 'total_shapes': 1148, 'total_links': 222, 'num_tensors': 56}
2026-07-16 21:30:53,783 [INFO] [6R/1217](swap: 11, u: 0 | c_u: 3 | t_u_l: 212/942 | t_u_r: 209/943 | t_u: 421/1885) -> {'max_bond': 64, 'max_links': 4, 'total_elems': 58432, 'total_shapes': 1368, 'total_links': 222, 'num_tensors': 56}
2026-07-16 21:30:54,053 [INFO] [7R/1217](swap: 10, u: 0 | c_u: 3 | t_u_l: 212/942 | t_u_r: 209/943 | t_u: 421/1885) -> {'max_bond': 64, 'max_links': 4, 'total_elems': 90784, 'total_shapes': 1614, 'total_links': 222, 'num_tensors': 56}
2026-07-16 21:30:54,371 [INFO] [9L/1117](swap: 8, u: 1 | c_u: 4 | t_u_l: 213/942 | t_u_r: 209/943 | t_u: 422/1885) -> {'max_bond': 64, 'max_links': 4, 'total_elems': 83836, 'total_shapes': 1686, 'total_links': 222, 'num_tensors': 56}
2026-07-16 21:30:54,661 [INFO] [8R/1217](swap: 10, u: 2 | c_u: 6 | t_u_l: 213/942 | t_u_r: 211/943 | t_u: 424/1885) -> {'max_bond': 64, 'max_links': 4, 'total_elems': 117636, 'total_shapes': 1886, 'total_links': 222, 'num_tensors': 56}
2026-07-16 21:30:54,988 [INFO] [10L/1117](swap: 8, u: 0 | c_u: 6 | t_u_l: 213/942 | t_u_r: 211/943 | t_u: 424/1885) -> {'max_bond': 64, 'max_links': 4, 'total_elems': 121308, 'total_shapes': 2012, 'total_links': 222, 'num_tensors': 56}
2026-07-16 21:30:55,334 [INFO] [11L/1117](swap: 7, u: 1 | c_u: 7 | t_u_l: 214/942 | t_u_r: 211/943 | t_u: 425/1885) -> {'max_bond': 128, 'max_links': 4, 'total_elems': 176684, 'total_shapes': 2212, 'total_links': 222, 'num_tensors': 56}
2026-07-16 21:30:55,792 [INFO] [12L/1117](swap: 6, u: 2 | c_u: 9 | t_u_l: 216/942 | t_u_r: 211/943 | t_u: 427/1885) -> {'max_bond': 256, 'max_links': 4, 'total_elems': 254508, 'total_shapes': 2660, 'total_links': 222, 'num_tensors': 56}
2026-07-16 21:30:56,431 [INFO] [13L/1117](swap: 5, u: 1 | c_u: 10 | t_u_l: 217/942 | t_u_r: 211/943 | t_u: 428/1885) -> {'max_bond': 256, 'max_links': 4, 'total_elems': 275532, 'total_shapes': 2818, 'total_links': 222, 'num_tensors': 56}
2026-07-16 21:30:57,006 [INFO] [14L/1117](swap: 6, u: 0 | c_u: 10 | t_u_l: 217/942 | t_u_r: 211/943 | t_u: 428/1885) -> {'max_bond': 256, 'max_links': 4, 'total_elems': 286028, 'total_shapes': 2834, 'total_links': 222, 'num_tensors': 56}
2026-07-16 21:30:57,633 [INFO] [15L/1117](swap: 6, u: 0 | c_u: 10 | t_u_l: 217/942 | t_u_r: 211/943 | t_u: 428/1885) -> {'max_bond': 256, 'max_links': 4, 'total_elems': 386636, 'total_shapes': 3266, 'total_links': 222, 'num_tensors': 56}
2026-07-16 21:30:58,277 [INFO] [16L/1117](swap: 6, u: 1 | c_u: 11 | t_u_l: 218/942 | t_u_r: 211/943 | t_u: 429/1885) -> {'max_bond': 256, 'max_links': 4, 'total_elems': 391756, 'total_shapes': 3346, 'total_links': 222, 'num_tensors': 56}
2026-07-16 21:30:59,015 [INFO] [17L/1117](swap: 6, u: 0 | c_u: 11 | t_u_l: 218/942 | t_u_r: 211/943 | t_u: 429/1885) -> {'max_bond': 256, 'max_links': 4, 'total_elems': 396364, 'total_shapes': 3394, 'total_links': 222, 'num_tensors': 56}
2026-07-16 21:30:59,726 [INFO] [18L/1117](swap: 5, u: 0 | c_u: 11 | t_u_l: 218/942 | t_u_r: 211/943 | t_u: 429/1885) -> {'max_bond': 256, 'max_links': 4, 'total_elems': 298444, 'total_shapes': 3018, 'total_links': 222, 'num_tensors': 56}
2026-07-16 21:31:00,214 [INFO] [19L/1117](swap: 6, u: 0 | c_u: 11 | t_u_l: 218/942 | t_u_r: 211/943 | t_u: 429/1885) -> {'max_bond': 256, 'max_links': 4, 'total_elems': 275020, 'total_shapes': 2962, 'total_links': 222, 'num_tensors': 56}
2026-07-16 21:31:00,630 [INFO] [9R/1217](swap: 10, u: 0 | c_u: 11 | t_u_l: 218/942 | t_u_r: 211/943 | t_u: 429/1885) -> {'max_bond': 64, 'max_links': 4, 'total_elems': 201040, 'total_shapes': 2572, 'total_links': 222, 'num_tensors': 56}
2026-07-16 21:31:01,034 [INFO] [20L/1117](swap: 6, u: 0 | c_u: 11 | t_u_l: 218/942 | t_u_r: 211/943 | t_u: 429/1885) -> {'max_bond': 64, 'max_links': 4, 'total_elems': 162640, 'total_shapes': 2404, 'total_links': 222, 'num_tensors': 56}
2026-07-16 21:31:01,478 [INFO] [10R/1217](swap: 7, u: 3 | c_u: 14 | t_u_l: 218/942 | t_u_r: 214/943 | t_u: 432/1885) -> {'max_bond': 64, 'max_links': 4, 'total_elems': 152044, 'total_shapes': 2278, 'total_links': 222, 'num_tensors': 56}
2026-07-16 21:31:01,919 [INFO] [11R/1217](swap: 7, u: 1 | c_u: 15 | t_u_l: 218/942 | t_u_r: 215/943 | t_u: 433/1885) -> {'max_bond': 128, 'max_links': 4, 'total_elems': 180540, 'total_shapes': 2466, 'total_links': 222, 'num_tensors': 56}
2026-07-16 21:31:02,407 [INFO] [21L/1117](swap: 2, u: 3 | c_u: 18 | t_u_l: 221/942 | t_u_r: 215/943 | t_u: 436/1885) -> {'max_bond': 128, 'max_links': 4, 'total_elems': 175356, 'total_shapes': 2362, 'total_links': 222, 'num_tensors': 56}
2026-07-16 21:31:02,730 [INFO] [12R/1217](swap: 7, u: 0 | c_u: 18 | t_u_l: 221/942 | t_u_r: 215/943 | t_u: 436/1885) -> {'max_bond': 64, 'max_links': 4, 'total_elems': 169528, 'total_shapes': 2384, 'total_links': 222, 'num_tensors': 56}
2026-07-16 21:31:03,049 [INFO] [13R/1217](swap: 7, u: 0 | c_u: 18 | t_u_l: 221/942 | t_u_r: 215/943 | t_u: 436/1885) -> {'max_bond': 64, 'max_links': 4, 'total_elems': 167028, 'total_shapes': 2358, 'total_links': 222, 'num_tensors': 56}
2026-07-16 21:31:03,367 [INFO] [14R/1217](swap: 6, u: 1 | c_u: 19 | t_u_l: 221/942 | t_u_r: 216/943 | t_u: 437/1885) -> {'max_bond': 64, 'max_links': 4, 'total_elems': 151764, 'total_shapes': 2268, 'total_links': 222, 'num_tensors': 56}
2026-07-16 21:31:03,653 [INFO] [15R/1217](swap: 5, u: 2 | c_u: 21 | t_u_l: 221/942 | t_u_r: 218/943 | t_u: 439/1885) -> {'max_bond': 64, 'max_links': 4, 'total_elems': 149108, 'total_shapes': 2258, 'total_links': 222, 'num_tensors': 56}
2026-07-16 21:31:03,918 [INFO] [22L/1117](swap: 3, u: 0 | c_u: 21 | t_u_l: 221/942 | t_u_r: 218/943 | t_u: 439/1885) -> {'max_bond': 64, 'max_links': 4, 'total_elems': 150644, 'total_shapes': 2282, 'total_links': 222, 'num_tensors': 56}
2026-07-16 21:31:04,229 [INFO] [23L/1117](swap: 4, u: 0 | c_u: 21 | t_u_l: 221/942 | t_u_r: 218/943 | t_u: 439/1885) -> {'max_bond': 64, 'max_links': 4, 'total_elems': 151028, 'total_shapes': 2306, 'total_links': 222, 'num_tensors': 56}
2026-07-16 21:31:04,545 [INFO] [24L/1117](swap: 5, u: 1 | c_u: 22 | t_u_l: 222/942 | t_u_r: 218/943 | t_u: 440/1885) -> {'max_bond': 64, 'max_links': 4, 'total_elems': 151988, 'total_shapes': 2330, 'total_links': 222, 'num_tensors': 56}
2026-07-16 21:31:04,890 [INFO] [16R/1217](swap: 8, u: 0 | c_u: 22 | t_u_l: 222/942 | t_u_r: 218/943 | t_u: 440/1885) -> {'max_bond': 64, 'max_links': 4, 'total_elems': 163316, 'total_shapes': 2450, 'total_links': 222, 'num_tensors': 56}
2026-07-16 21:31:05,269 [INFO] [17R/1217](swap: 9, u: 1 | c_u: 23 | t_u_l: 222/942 | t_u_r: 219/943 | t_u: 441/1885) -> {'max_bond': 64, 'max_links': 4, 'total_elems': 180564, 'total_shapes': 2628, 'total_links': 222, 'num_tensors': 56}
2026-07-16 21:31:05,645 [INFO] [18R/1217](swap: 9, u: 0 | c_u: 23 | t_u_l: 222/942 | t_u_r: 219/943 | t_u: 441/1885) -> {'max_bond': 64, 'max_links': 4, 'total_elems': 219348, 'total_shapes': 2964, 'total_links': 222, 'num_tensors': 56}
2026-07-16 21:31:06,053 [INFO] [19R/1217](swap: 10, u: 0 | c_u: 23 | t_u_l: 222/942 | t_u_r: 219/943 | t_u: 441/1885) -> {'max_bond': 64, 'max_links': 4, 'total_elems': 306324, 'total_shapes': 3468, 'total_links': 222, 'num_tensors': 56}
2026-07-16 21:31:06,600 [INFO] [25L/1117](swap: 7, u: 0 | c_u: 23 | t_u_l: 222/942 | t_u_r: 219/943 | t_u: 441/1885) -> {'max_bond': 256, 'max_links': 4, 'total_elems': 487572, 'total_shapes': 4140, 'total_links': 222, 'num_tensors': 56}
2026-07-16 21:31:07,664 [INFO]     [start unswap] -> {'max_bond': 256, 'max_links': 4, 'total_elems': 487572, 'total_shapes': 4140, 'total_links': 222, 'num_tensors': 56}
