raw	permuted
11010110011101011100011000101011110100011000100010000101	01101110110001100000100000001010011100001101010111110111
11010110001101011100011000101011110100011000101010001101	01101110111001100000100000001010011100101100010111110111
11010110111101011100011001001011110100011000101010001101	01101110111001101000100000000010011100111101010111110111
11010110011101011100111000101011110100011000101010001001	01101110111001100000100000001010010100101101110111110111
11010111011101011100011000101011110100011000101010011101	01101110111001100100100100001010011100101101010111110111
11010110011101011100011000101011110110011000100010001101	01101110110001100000100010001010011100101101010111110111
11010110011101011100011000101011110100011000101010001101	01101110111001100000100000001010011100101101010111110111
11010110011101011100011000101011110100011000001010101101	01101110111001100010100000001010011100101001010111110111
11000110011101011100011000101011110100111001111010101101	01101100111101100010100000001010011100101111011111110111
11010110011101011100111000101011110100011100101010001101	01101110111001110000100000001010011100101101110111110111
11010110011101010000011000111111110100010100101010000101	01101110101000010000101000001110011100001101010111110111
11010110011101011100011000101011110100011000001010001101	01101110111001100000100000001010011100101001010111110111
11010110011101011100011000101011111100011000101010001001	01101110111001100000100000001011010100101101010111110111
11010110011100011100011000101011110100011000101011000100	01001110111001100000100000011010011000001101010111110111
11010110011101011100111000101011110100011001101010001101	01101110111101100000100000001010011100101101110111110111
10010110011001011100011000101011110100011000101010001100	01001110011001100000100000001010011100101101010101110111
11010110011101011100011000101011110110011000101010001111	01101110111001100000110010001010011100101101010111110111
11010010011101011100011000101011110100010000101010001101	01101110111000100000100000001000011100101101010111110111
11010110011111011100011001101011110100011000101010001101	01101110111001100000100000001010011110111101010111110111
11010110011101011100011001101011110100011000101010001101	01101110111001100000100000001010011100111101010111110111
11010110011100011100011000101011100100011000101010001101	01100110111001100000100000001010011000101101010111110111
11010110011101011100011000101011111100011010101010011101	01101110111001100000100101001011011100101101010111110111
11010110011101011100011000101011110100011000101010011101	01101110111001100000100100001010011100101101010111110111
11010110011101001100011000101011110100011000101010000111	01101110111001100000110000001010011100001101010011110111
11010110011101011100011100101011110100011000101000001101	01111110111001100000100000001010011100101101010111110101
11010110001101011100011010101011110100011000101000011101	11101110111001100000100100001010011100101100010111110101
11010110011001011100011000101011110100011000101010001101	01101110011001100000100000001010011100101101010111110111
11010110011101011100011000101010110100001000100010001101	01101110110001100000100000001010001100101101000111110111
10010110011101011100011000101011110100011000101010001101	01101110111001100000100000001010011100101101010101110111
11010100001101011100011000101011111100011000101010111101	01101110111001100010000100001011011100101100010111110111
11010110011101011000011000101111110100011000001010001101	01101110101001100000100000001110011100101001010111110111
11010110011101011100011000101011110110001000101010001011	01101110111001100000110010001010000100101101010111110111
11010110011101011000011000101011110100011001101010001101	01101110101101100000100000001010011100101101010111110111
11010110011101011000011000101011110100011000101010001101	01101110101001100000100000001010011100101101010111110111
11010110011101011110011000101011111100001010101010001101	01101110111001100001100001001011001100101101010111110111
11010110011101011100010000101011110110011000101010001101	01101110111001100000100010001010011100101101010111110011
11010110011101011100011000100011110100011000101010011101	01101010111001100000100100001010011100101101010111110111
11010110011101011100011001100011110100011000101010001101	01101010111001100000100000001010011100111101010111110111
11010110011101011100011000101011110100011000101010001101	01101110111001100000100000001010011100101101010111110111
11010110011101011100011000100011110100011000101010001101	01101010111001100000100000001010011100101101010111110111
11010110011101011100011000101011110110011100101010001101	01101110111001110000100010001010011100101101010111110111
11000110011101011101011000101011110110011000101010001101	01101100111001100000100010101010011100101101010111110111
11010110011111011100011000101011110000111000101010001001	01101110111001100000100000001010010110101101011111100111
10010110011101001100011000101011110101011001101010101101	01101111111101100010100000001010011100101101010001110111
11010110011101011100011000101011110100011000101010001111	01101110111001100000110000001010011100101101010111110111
11010110011111011000011000101010110100011000101010001101	01101110101001100000100000001010011110101101000111110111
11010110011101011110101000101011110100011000101011001101	01101110111001100001100000011010011100101101110111010111
11010110011101011100011000101011110100011000101010101100	01001110111001100010100000001010011100101101010111110111
11010110011101011100111000101011110100011000101010001101	01101110111001100000100000001010011100101101110111110111
11011110011101011100111000111011110100011000101010001101	01101110111001100000101000001010011101101101110111110111
11010100011101011100011010101011110000011000101010001101	11101110111001100000000000001010011100101101010111100111
11010110011101011100011000101011110100011000100010001101	01101110110001100000100000001010011100101101010111110111
11010110011101011100011000101011110100011000111010001101	01101110111001100000100000001010011100101111010111110111
11010110011101011100011000001011110100001000001010001101	01101110111001100000100000000010001100101001010111110111
11010110011101011100111010101011110100011000101010001100	11001110111001100000100000001010011100101101110111110111
11010110011101011100011000101011110100011000101010001101	01101110111001100000100000001010011100101101010111110111
11010110011111011100011000101011110100011001101010001001	01101110111101100000100000001010010110101101010111110111
11010110011101011100011000101011110100011000101010001101	01101110111001100000100000001010011100101101010111110111
11010110011101011100001000101011100100011000101010000101	01100110111001100000100000001010011100001101010111010111
01010110011101011100011000111011110100011000101010001111	00101110111001100000111000001010011100101101010111110111
01110110011101011100011000100011110100011000101010001101	00101010111001100000100000001010111100101101010111110111
11010110011101001100011000101011110100011000101010001101	01101110111001100000100000001010011100101101010011110111
01010110011101011100011001101011110100011010101010001101	00101110111001100000100001001010011100111101010111110111
11010110011001011100011000101011110100001000101010001101	01101110011001100000100000001010001100101101010111110111
11010110011101011100011000101011110100011000101010001101	01101110111001100000100000001010011100101101010111110111
11010110011101010100010000101011110100011000101010001111	01101110111001000000110000001010011100101101010111110011
11010110011001011100001000101011110100011000101110001101	01101110011011100000100000001010011100101101010111010111
11010110011101011100011000101011110100010000101010001101	01101110111000100000100000001010011100101101010111110111
11010110011101011100011000001011110000011000101010001101	01101110111001100000100000000010011100101101010111100111
11010110011101011100011000101011110100011000101010001101	01101110111001100000100000001010011100101101010111110111
11010110011111011100011000101011110100011000101010001101	01101110111001100000100000001010011110101101010111110111
11010110011101011100011000100011110100011100101010001101	01101010111001110000100000001010011100101101010111110111
11010110111101011100011100101011010100011000101010001111	01111110111001101000110000001010011100101101010111110110
11010110011101011100011000101011110100011000101010001100	01001110111001100000100000001010011100101101010111110111
11010110111101011100011000101111110100111000101000001101	01101110111001101000100000001110011100101101011111110101
11010110011101011100011000111011110100011000101010000101	01101110111001100000101000001010011100001101010111110111
10010100011101011100011000101011110100011000001010001101	01101110111001100000000000001010011100101001010101110111
11010110011101011100011000101011110100011000101010001101	01101110111001100000100000001010011100101101010111110111
11010110011101011100011000001011110100011001101010001101	01101110111101100000100000000010011100101101010111110111
11010110111101011100111000101011110100011000101010001101	01101110111001101000100000001010011100101101110111110111
11010111011101011000011000001011110100011000101010001101	01101110101001100100100000000010011100101101010111110111
11010110001101011110111000101011110100011000101010001101	01101110111001100001100000001010011100101100110111110111
11000110010100011100011000101011110100011000101010001101	01101100111001100000100000001010011000100101010111110111
11010110011101011100011000101011111101011000101010001101	01101111111001100000100000001011011100101101010111110111
11010110011100011100011000101011110100011000101010001101	01101110111001100000100000001010011000101101010111110111
11010110011111010100011000101011110100011000101010001101	01101110111001000000100000001010011110101101010111110111
11010100011100011110011000111010110100011000101010001001	01101110111001100001001000001010010000101101000111110111
11000110011101011100011000101011110100011001101110001101	01101100111111100000100000001010011100101101010111110111
11010110011101011100011000101011110100011000001110001101	01101110111011100000100000001010011100101001010111110111
11010111011101001100011000101011110100011000100110001101	01101110110011100100100000001010011100101101010011110111
11010110011101011100011000101011110100011000101000000101	01101110111001100000100000001010011100001101010111110101
11010110011101011100011000101010110100011000101000001101	01101110111001100000100000001010011100101101000111110101
11010110011001011100011000101011110100011000100010001101	01101110010001100000100000001010011100101101010111110111
01010110011001011100011010101011110100011000101010001101	10101110011001100000100000001010011100101101010111110111
11010110011101011100011000101011110100011000011011001101	01101110111001100000100000011010011100101011010111110111
01010110010101011100011000101011110100011000101010000101	00101110111001100000100000001010011100000101010111110111
11010110011100011100011000101011110100011100101010001100	01001110111001110000100000001010011000101101010111110111
11010111011101111100011000101011110100011000101010001101	01101110111001100100100000001010011100101101010111111111
11010110011101011100011000101011110100011000101010000101	01101110111001100000100000001010011100001101010111110111
11010110011101011100011000100011110100011000101010001101	01101010111001100000100000001010011100101101010111110111
01010110011101011100001000101011111100011000101010001101	00101110111001100000100000001011011100101101010111010111
11010100011101011100011000111010010100011000101010001101	01101110111001100000001000001010011100101101000111110110
11010110111101011000011000101011110100011000101010001101	01101110101001101000100000001010011100101101010111110111
11010110010101011100011000101011110000011000101010001001	01101110111001100000100000001010010100100101010111100111
11010110011101011100011000101011010000011000101010010101	01101110111001100000100100001010011100001101010111100110
11010111011101011100011000101011110100011000101000101000	01001110111001100110100000001010010100101101010111110101
11110110011101011000011000101010110100011000101010001101	01101110101001100000100000001010111100101101000111110111
11010010011111011100011000100011110100011000001010001101	01101010111001100000100000001000011110101001010111110111
11010110011101011000011000101011110100011000101010001101	01101110101001100000100000001010011100101101010111110111
11010110011101011100011000101001110100011000101010001101	01101110111001100000100000001010011100101101010110110111
11010110011100011100011000101011110100011000101010001101	01101110111001100000100000001010011000101101010111110111
11010110011101011000011000101011110100011010101010000101	01101110101001100000100001001010011100001101010111110111
11010110011101011100011100101011110100011000101010001101	01111110111001100000100000001010011100101101010111110111
11010110011101011100011000101011110100011001101010001101	01101110111101100000100000001010011100101101010111110111
10010110011101111100011000101011110100011000100010101101	01101110110001100010100000001010011100101101010101111111
11010110011101011100011000101011110100011000101010001101	01101110111001100000100000001010011100101101010111110111
11010110011101011100011001101010110100011000101010001101	01101110111001100000100000001010011100111101000111110111
11000110011101011100011000101001110100010000101010001101	01101100111000100000100000001010011100101101010110110111
11010110011101011000011000101011110100011000101010001101	01101110101001100000100000001010011100101101010111110111
11010110011101011100011000101111110100011000101010001101	01101110111001100000100000001110011100101101010111110111
11010110011101011100010000101011110110111000101010001001	01101110111001100000100010001010010100101101011111110011
11010110011101111100011000101011110100011000101010001101	01101110111001100000100000001010011100101101010111111111
11010110011101011100011000101011010101011000100010001101	01101111110001100000100000001010011100101101010111110110
11010100011101011100011000101011110100011000101010001111	01101110111001100000010000001010011100101101010111110111
11010110011101011100011000101011110100011000101010011101	01101110111001100000100100001010011100101101010111110111
11010110011101011100011000101011010100011000101010001101	01101110111001100000100000001010011100101101010111110110
11010110011101011101011000101011110100011000101010001101	01101110111001100000100000101010011100101101010111110111
11010110011101011100011000101010110100011000101010001111	01101110111001100000110000001010011100101101000111110111
11010110011101111100011000100001110100011000101010001101	01101010111001100000100000001010011100101101010110111111
11010110010101011100011000001011110100011010001010001101	01101110111001100000100001000010011100100001010111110111
11010110011101011100011000101011110100111000101010001101	01101110111001100000100000001010011100101101011111110111
11110110011101011101011000101011110100011110101110101101	01101110111011110010100001101010111100101101010111110111
11010110011101011100010000101011110100011000101010001101	01101110111001100000100000001010011100101101010111110011
11010110011101011100011000101011111100011000101010001101	01101110111001100000100000001011011100101101010111110111
11010110011101011100011000101011110100011000101010001101	01101110111001100000100000001010011100101101010111110111
11010110011101011100011000101011110110001000101000001101	01101110111001100000100010001010001100101101010111110101
11010110011101011100011000101011110100011000101010001101	01101110111001100000100000001010011100101101010111110111
11010110011101011100011000101010110100011000101010001101	01101110111001100000100000001010011100101101000111110111
11010110011101011100001001101011110000011000101010001101	01101110111001100000100000001010011100111101010111000111
11010110001001011101011000101111110100011000101010001101	01101110011001100000100000101110011100101100010111110111
11010110011101011100011000101011110100011000111010001101	01101110111001100000100000001010011100101111010111110111
11010110011101011000011000101010110100011000101010101101	01101110101001100010100000001010011100101101000111110111
11010100011101011100011000101011110100011000101010001101	01101110111001100000000000001010011100101101010111110111
11010110011101011100011000101011110100011000101010001100	01001110111001100000100000001010011100101101010111110111
11000110011101011100011000101011110101010000100010001101	01101101110000100000100000001010011100101101010111110111
11010110011101011100011000101011111100011000101010001101	01101110111001100000100000001011011100101101010111110111
11010110011101011100011000101011110100011000101011001101	01101110111001100000100000011010011100101101010111110111
11010110011101011100011000101011100100111000100010001101	01100110110001100000100000001010011100101101011111110111
11010110011101011100011000101011110100011000101010001101	01101110111001100000100000001010011100101101010111110111
11010110111101001100001100101011110100010000101010001101	01111110111000101000100000001010011100101101010011010111
11010110011101010100011000101011110100011000101010001101	01101110111001000000100000001010011100101101010111110111
11010110011101011000011000101011110100011000001010011101	01101110101001100000100100001010011100101001010111110111
11010110011101011110011000101001110100001000101010000101	01101110111001100001100000001010001100001101010110110111
11010110011101011100011000101011010100011000101011001101	01101110111001100000100000011010011100101101010111110110
11010110011101011100011000101011110100011000101011001101	01101110111001100000100000011010011100101101010111110111
11010100011110011100011001001011110100011000101010001111	01101110111001100000010000000010011010111101010111110111
11010111011101011100011000101011110100011000111010001101	01101110111001100100100000001010011100101111010111110111
11010110011101011110011000101011010110001000101010001101	01101110111001100001100010001010001100101101010111110110
11010110011101011100011000101011110100011000101010001101	01101110111001100000100000001010011100101101010111110111
11010110011101011100011000101011110100011100101010001101	01101110111001110000100000001010011100101101010111110111
11010110011101011100011000001011110110011000101010001101	01101110111001100000100010000010011100101101010111110111
11011110011101011100011000111011010100011000111010001101	01101110111001100000101000001010011101101111010111110110
11010110011101011100011000101011110110011100101011001101	01101110111001110000100010011010011100101101010111110111
11111110011101011100011000101011100100011000101010001101	01100110111001100000100000001010111101101101010111110111
11010110011101011100011000101011110100011000101010001101	01101110111001100000100000001010011100101101010111110111
11010110011101001100011000101011110100111000101010001101	01101110111001100000100000001010011100101101011011110111
11010110011101011100011000101011110100011000101010001101	01101110111001100000100000001010011100101101010111110111
11010110011101011110001000101011110100011000101000001101	01101110111001100001100000001010011100101101010111010101
11010110011101111100011000101011110100011000101010001101	01101110111001100000100000001010011100101101010111111111
11010110011101011100111000101011110100011000101010001101	01101110111001100000100000001010011100101101110111110111
11010110011101011100111000101011110100011000101010001101	01101110111001100000100000001010011100101101110111110111
11010110011101011100011000101011101110011000101010001101	01100110111001100000100010001011011100101101010111110111
11010110011101011100011010101011110100011000101010001101	11101110111001100000100000001010011100101101010111110111
11010110011101001100010000101011110000011000101010101101	01101110111001100010100000001010011100101101010011100011
11010110011111011100011000101011110100011000101010001101	01101110111001100000100000001010011110101101010111110111
11010110011101011100011000101011110100011000101000001101	01101110111001100000100000001010011100101101010111110101
11010110011101011100011000101011110101011000101010001101	01101111111001100000100000001010011100101101010111110111
11010110011101011100010000101010110100011000101010001001	01101110111001100000100000001010010100101101000111110011
11010110011101011100010000101011110110011000101010001101	01101110111001100000100010001010011100101101010111110011
10010110001101011100011000101111110101010000101010001101	01101111111000100000100000001110011100101100010101110111
11010110011101011100011000101011100100010000101010001101	01100110111000100000100000001010011100101101010111110111
11011110011101011100011000101011110100011001101010001101	01101110111101100000100000001010011101101101010111110111
11010100011101011100011001101010110100011000101010001101	01101110111001100000000000001010011100111101000111110111
11010100011101011100011000101011110100011000101000101101	01101110111001100010000000001010011100101101010111110101
11010110011101011100011000101011110100011000101010001101	01101110111001100000100000001010011100101101010111110111
11010110011101011100011000100011110100011001101010001101	01101010111101100000100000001010011100101101010111110111
11011110011101001100011000101011110100011000101010000101	01101110111001100000100000001010011101001101010011110111
11110110011111011101011000101010110100011000101010001101	01101110111001100000100000101010111110101101000111110111
11010110011001011100011000101001100100011000101010001101	01100110011001100000100000001010011100101101010110110111
11010110111101011100011000101011110100011000101000001100	01001110111001101000100000001010011100101101010111110101
11010110011101011100011000101011010100011000000010001101	01101110110001100000100000001010011100101001010111110110
11010110011101011110011000101011110101011000001010001101	01101111111001100001100000001010011100101001010111110111
11010110011101011100010000101011110100011000101010001101	01101110111001100000100000001010011100101101010111110011
11010110011101011100011000101011110100011000101011001101	01101110111001100000100000011010011100101101010111110111
11010110011101011100011000101011110100011000101010001001	01101110111001100000100000001010010100101101010111110111
01010110011101011100011000101011110100011000101010001101	00101110111001100000100000001010011100101101010111110111
11010110011101011100011000101111110100011000101010001101	01101110111001100000100000001110011100101101010111110111
11010110011101011100011000101011110100011000101010001101	01101110111001100000100000001010011100101101010111110111
11011110011101011100011000101001100100001001101010001101	01100110111101100000100000001010001101101101010110110111
11010110011101011101011000011011110100011000001010001101	01101110111001100000101000100010011100101001010111110111
11010110011101011100011000001011110100011000101000001101	01101110111001100000100000000010011100101101010111110101
11110110011101011100011000101001110100010000101010001101	01101110111000100000100000001010111100101101010110110111
11010110111101011100011000101011110110011100101010001001	01101110111001111000100010001010010100101101010111110111
11010110011101011100011010101011110100011000101010001101	11101110111001100000100000001010011100101101010111110111
01010110011101011100011000101011110100011000101010001101	00101110111001100000100000001010011100101101010111110111
11010110011101011110011000101011110110011000101010001101	01101110111001100001100010001010011100101101010111110111
11010110011101011100011000101011110100011000101010001101	01101110111001100000100000001010011100101101010111110111
11010110011111011100011000101011110100011000101011001101	01101110111001100000100000011010011110101101010111110111
01010110011101011100011000101011110100011000101011101101	00101110111001100010100000011010011100101101010111110111
01010100011101011110011000101011110100011000101010001111	00101110111001100001010000001010011100101101010111110111
11010110011101011100011000101011110100011000101010001111	01101110111001100000110000001010011100101101010111110111
11010110011101111100011000101111110100001000101010001101	01101110111001100000100000001110001100101101010111111111
11010110011001010100011000101011110100011000101010001101	01101110011001000000100000001010011100101101010111110111
11010110011101011000011001101011110100011000101010001101	01101110101001100000100000001010011100111101010111110111
11010110011101011110011100101001111110011000101010001101	01111110111001100001100010001011011100101101010110110111
11010110011101011100011000101011110100111000101010001001	01101110111001100000100000001010010100101101011111110111
11010110011101111000011000101011111100011000101110001101	01101110101011100000100000001011011100101101010111111111
11010100011101011100011100111011110100010000101010001101	01111110111000100000001000001010011100101101010111110111
11010110011001011100011100101011110100011010101010001101	01111110011001100000100001001010011100101101010111110111
11000110011101011100111101101011110100011000101010001101	01111100111001100000100000001010011100111101110111110111
11010110011101011100011000101011110100011000101010001101	01101110111001100000100000001010011100101101010111110111
11010110011101011100011000101011110100011000101001001101	01101110111001100000100000011010011100101101010111110101
11010111011101011100011000101011110100011000111010001101	01101110111001100100100000001010011100101111010111110111
11010110011101010100011000101011110100011000101010001101	01101110111001000000100000001010011100101101010111110111
11010110011101011100011100101011110100011000101010001101	01111110111001100000100000001010011100101101010111110111
11010110011101011110011100101011110100011000101010001001	01111110111001100001100000001010010100101101010111110111
10010110011101011100011000101011110100011000101010001101	01101110111001100000100000001010011100101101010101110111
11010100011101011000011000101011110100011000101010001101	01101110101001100000000000001010011100101101010111110111
11010110011101011100011000101011110100011000101010001101	01101110111001100000100000001010011100101101010111110111
11010110011101011100011000001011110100011000001010001101	01101110111001100000100000000010011100101001010111110111
11010110011101011100011000101011110101011000101010001101	01101111111001100000100000001010011100101101010111110111
11010110011101011100011000111111111100011000101010001101	01101110111001100000101000001111011100101101010111110111
11010110011101011110010000101011110100011000101010001101	01101110111001100001100000001010011100101101010111110011
11010110011001011100011000101011110100111000101010001101	01101110011001100000100000001010011100101101011111110111
11010110011101011100011000101011110100011000101010001101	01101110111001100000100000001010011100101101010111110111
11110110011101011100011000001111110100011000101010001101	01101110111001100000100000000110111100101101010111110111
11010110010101011100011000101001110100011000101010011101	01101110111001100000100100001010011100100101010110110111
11010110011101011000111000101011110100001000101010001101	01101110101001100000100000001010001100101101110111110111
11111110011101011100011000101011110100011000101010001101	01101110111001100000100000001010111101101101010111110111
11010110011101111100011000101111110000011010101010001101	01101110111001100000100001001110011100101101010111101111
11010110011101011100011000100011110100011000101010001101	01101010111001100000100000001010011100101101010111110111
11010110011101011100011100101111110100011000101010001101	01111110111001100000100000001110011100101101010111110111
11010111011101011100011000101001110100011000101010001101	01101110111001100100100000001010011100101101010110110111
11010100011101011100011000101011110100011000101010001101	01101110111001100000000000001010011100101101010111110111
11010110001101001100011010001011110100011000101010001101	11101110111001100000100000000010011100101100010011110111
11010110011001011100011000101011110100011000101010001101	01101110011001100000100000001010011100101101010111110111
01010110011101011000011000101011110100011000101010001101	00101110101001100000100000001010011100101101010111110111
11010110011101011100011000111011110100010000101010001101	01101110111000100000101000001010011100101101010111110111
11010110011101011100011000101011110100011000101010001101	01101110111001100000100000001010011100101101010111110111
11010110011101011100011000101011110101011001101010001101	01101111111101100000100000001010011100101101010111110111
11010110011101011100011000101011110000011000101000001101	01101110111001100000100000001010011100101101010111100101
11010010011101011100111100001011110100011000100010000001	01111110110001100000100000000000010100001101110111110111
11010110011101011100011000101011110100011100101010001101	01101110111001110000100000001010011100101101010111110111
11010110011101100100011000101011110100011100101010001101	01101110111001010000100000001010011100101101010011111111
11010110011101011100011000001011110100011000101000001101	01101110111001100000100000000010011100101101010111110101
01010110011101011110011000101001110100011010111010001101	00101110111001100001100001001010011100101111010110110111
11010110011001011100011000101011110100011000101010001101	01101110011001100000100000001010011100101101010111110111
11010110011100011100011000101011110100011000101010001101	01101110111001100000100000001010011000101101010111110111
11010010011101011100011100111011100100011001101110001101	01110110111111100000101000001000011100101101010111110111
11010110011101011100011000101011110101011000101010001101	01101111111001100000100000001010011100101101010111110111
11010110011101011100010000101011110100011010101010001101	01101110111001100000100001001010011100101101010111110011
11010110011101011100011000101001110100011000101010001101	01101110111001100000100000001010011100101101010110110111
11010110011101011100010000101001110000011000101010001101	01101110111001100000100000001010011100101101010110100011
11010110011101011100011000101011110100011000101110001101	01101110111011100000100000001010011100101101010111110111
11010110011101011100011000101011110100011000101010001101	01101110111001100000100000001010011100101101010111110111
01010110011101011100011100111011110100011000101010001111	00111110111001100000111000001010011100101101010111110111
11010110011001011100011001101011110100011000101010001101	01101110011001100000100000001010011100111101010111110111
11010010111101011100011010101011110100011000101010001101	11101110111001101000100000001000011100101101010111110111
11110110011101011100011000101011110100011000100010001111	01101110110001100000110000001010111100101101010111110111
10010110011101011100011000101011110100011000101010001110	01001110111001100000110000001010011100101101010101110111
11010110011001011100011000101011100100011000101010001101	01100110011001100000100000001010011100101101010111110111
11010110011101011101011000101011110100011000101010001101	01101110111001100000100000101010011100101101010111110111
11010110011101011100011000101011110100011000101110001101	01101110111011100000100000001010011100101101010111110111
11010110011101011100011000101011110100011000101010001101	01101110111001100000100000001010011100101101010111110111
11010010010101011100011000101011111100001000001010001101	01101110111001100000100000001001001100100001010111110111
11010110011101110100011000101011110100011000101010011101	01101110111001000000100100001010011100101101010111111111
11010100011101011100111000101011110100011000101010001101	01101110111001100000000000001010011100101101110111110111
11010110111101011100011010101011110100011000101010001101	11101110111001101000100000001010011100101101010111110111
11010110011101011100011000101111110100011000001010001101	01101110111001100000100000001110011100101001010111110111
01010110011101011100011000101011110100011000111001001101	00101110111001100000100000011010011100101111010111110101
11010110011101011100011000101011110100011000001010001101	01101110111001100000100000001010011100101001010111110111
11010110011101111100011000101011110100011000101010001101	01101110111001100000100000001010011100101101010111111111
11010110011101011100011000101011110100010000101010001101	01101110111000100000100000001010011100101101010111110111
11010110011101011100011010101011100100011000101010001111	11100110111001100000110000001010011100101101010111110111
11000110011100011100011000101011110100011000101010001101	01101100111001100000100000001010011000101101010111110111
11010110001101011100011000100011110100011001100010001101	01101010110101100000100000001010011100101100010111110111
11010110011101011100011000101011110100011001101010001101	01101110111101100000100000001010011100101101010111110111
11010110011101011100011000101011110100011000001010001001	01101110111001100000100000001010010100101001010111110111
11010110011101011100011000101011110101011000101010001101	01101111111001100000100000001010011100101101010111110111
11010110011111011100010000101011111100111000101010001101	01101110111001100000100000001011011110101101011111110011
11010110111101011000011000101011110100011000101010001111	01101110101001101000110000001010011100101101010111110111
10010100011101011100011000101011110100011000101010001101	01101110111001100000000000001010011100101101010101110111
11010110011101011100011000101011110100011000101010001101	01101110111001100000100000001010011100101101010111110111
11010110011101011100011000101011110100011000101010001101	01101110111001100000100000001010011100101101010111110111
11010110011101011110011000101011100100111000101010011101	01100110111001100001100100001010011100101101011111110111
11010110011101011100001000101001110100011000101010001101	01101110111001100000100000001010011100101101010110010111
11010110111101011110011000101011110100011000101010001101	01101110111001101001100000001010011100101101010111110111
11010110011101011101011000101011110100011000101010001101	01101110111001100000100000101010011100101101010111110111
11010110011111011100011000101011110100011000101010101101	01101110111001100010100000001010011110101101010111110111
11110111011101111100011000101011110100011000101010001101	01101110111001100100100000001010111100101101010111111111
11010110011101011100011000101011110100011001101110001101	01101110111111100000100000001010011100101101010111110111
11010110011101011100011000101011110100011000101010011101	01101110111001100000100100001010011100101101010111110111
11010110011101001110011100101001110100011000101010001100	01011110111001100001100000001010011100101101010010110111
11010110011101011100011000101011110100011000101010001101	01101110111001100000100000001010011100101101010111110111
11010110111101011100011000101011110100011000101010101101	01101110111001101010100000001010011100101101010111110111
11010110011100011110011000101011110100011000101010001101	01101110111001100001100000001010011000101101010111110111
11010110011101011100011000101011111100011000101010001101	01101110111001100000100000001011011100101101010111110111
11010110011101001110011000101011010100011000101000101101	01101110111001100011100000001010011100101101010011110100
11010010011101011100011000101011110100011000101010001101	01101110111001100000100000001000011100101101010111110111
11010110011101011100011000101011110100011000101010001101	01101110111001100000100000001010011100101101010111110111
11010110011100011100011000101011110100011000101010001101	01101110111001100000100000001010011000101101010111110111
11010110011100010100011000101011110100011000101010001101	01101110111001000000100000001010011000101101010111110111
11010110011101011101001000101011110000111000101010001101	01101110111001100000100000101010011100101101011111000111
11010110011101011100011000101011110100011001101010001101	01101110111101100000100000001010011100101101010111110111
11010110011101111100011000111011110100011010101010001101	01101110111001100000101001001010011100101101010111111111
11000110011101011100011010101011110100011000101010001101	11101100111001100000100000001010011100101101010111110111
11010010111101011100011000101011110100011000101010011101	01101110111001101000100100001000011100101101010111110111
11010111011101011100101001101011110100011000101011001101	01101110111001100100100000011010011100111101110111010111
11010110011101001100011000111011110100011000101010001101	01101110111001100000101000001010011100101101010011110111
11000110010101011100011000101011110100011000101010001101	01101100111001100000100000001010011100100101010111110111
11010110011101011100011000101011110100011000101010001101	01101110111001100000100000001010011100101101010111110111
11010110011101011100011000101111110100011100101010000101	01101110111001110000100000001110011100001101010111110111
11010100011101010000011000101011110100011000101010001101	01101110101001000000000000001010011100101101010111110111
11010110011101011100111000101011110100011010101010001101	01101110111001100000100001001010011100101101110111110111
11010110011101011100011000101011110100011000101010001101	01101110111001100000100000001010011100101101010111110111
11010110011111011100011000101111110101011000101010001101	01101111111001100000100000001110011110101101010111110111
01010110011101011100011000101011110100011001101010001101	00101110111101100000100000001010011100101101010111110111
10010110011101011100011000101011110100011010101010000101	01101110111001100000100001001010011100001101010101110111
11010110011101011100011000101011110100011000101011001101	01101110111001100000100000011010011100101101010111110111
11010110001101011110011000101011110100011010101010001101	01101110111001100001100001001010011100101100010111110111
11010110011001011100011100101011110100011000101010001101	01111110011001100000100000001010011100101101010111110111
01010110011000011100011001101111110100011000101010001101	00101110011001100000100000001110011000111101010111110111
11010110111101001100011000111011110100011000101010011101	01101110111001101000101100001010011100101101010011110111
11010110011101011100111000101011110101010000101000001101	01101111111000100000100000001010011100101101110111110101
11010110011101011100000000101011110100011000101010001101	01101110111001100000100000001010011100101101010111010011
11010110011101011100011000101011110100011000101010001101	01101110111001100000100000001010011100101101010111110111
11010110111101011100011000101011110100011000101010001101	01101110111001101000100000001010011100101101010111110111
11010110011100010101011000111011110000111000101010001101	01101110111001000000101000101010011000101101011111100111
01010110010101111100011100101011110100011000101010001101	00111110111001100000100000001010011100100101010111111111
11010110011101011100011000101011110100011000101010001101	01101110111001100000100000001010011100101101010111110111
11010110011101010110011000101011110100011000101010001101	01101110111001000001100000001010011100101101010111110111
10010110111101011100011000101011010000010000101010001101	01101110111000101000100000001010011100101101010101100110
11010110011101011100011000101011110100011000101010001101	01101110111001100000100000001010011100101101010111110111
11010100011101011110011000101011110100011000101010001101	01101110111001100001000000001010011100101101010111110111
11010110011101011100011000101011110100011000101010001101	01101110111001100000100000001010011100101101010111110111
11011110011101011100011000101011110100011000101010001101	01101110111001100000100000001010011101101101010111110111
11010110011100011100011001101011110100011000101010001101	01101110111001100000100000001010011000111101010111110111
11010110011101011100011100111011011010011000101010001101	01111110111001100000101010001011011100101101010111100110
11010110111101011101011000101011110100011000111010001101	01101110111001101000100000101010011100101111010111110111
11010110011101011100011001101011110100011000101010011101	01101110111001100000100100001010011100111101010111110111
11010110011101011100011000101011110100011000101010011101	01101110111001100000100100001010011100101101010111110111
11010110010101011100011000101011111100011000101010001101	01101110111001100000100000001011011100100101010111110111
11010110011111011100011000101011110100011000101010001101	01101110111001100000100000001010011110101101010111110111
11010110011101011100011000101011110100011000101010000101	01101110111001100000100000001010011100001101010111110111
11010110011101011100011000101011110100011000101010011101	01101110111001100000100100001010011100101101010111110111
11010110011101011100011000101011110100011000101010001101	01101110111001100000100000001010011100101101010111110111
11010110011101011100011000101011110100011000101010001101	01101110111001100000100000001010011100101101010111110111
11010110011101011100011010101111110100011000111010001101	11101110111001100000100000001110011100101111010111110111
11010110011101011100011000101011110100011000101010001101	01101110111001100000100000001010011100101101010111110111
11010110011101011100011000101011110100011000101010001101	01101110111001100000100000001010011100101101010111110111
11010110011101011110010000101011110100011000101010001101	01101110111001100001100000001010011100101101010111110011
11010110011101011100011000101011110100011000101010001101	01101110111001100000100000001010011100101101010111110111
11010110011101011100011000101011111100111000101010001101	01101110111001100000100000001011011100101101011111110111
11010110011101011100011011101010100100011000101010001101	11100110111001100000100000001010011100111101000111110111
11010110011101011100011000101011110100011000101110001101	01101110111011100000100000001010011100101101010111110111
11010110011101011100011000001011110100011000101010011101	01101110111001100000100100000010011100101101010111110111
11010110011101011100011000101111110100011000101010001101	01101110111001100000100000001110011100101101010111110111
11010110011101011100011000101011110100011000101010101101	01101110111001100010100000001010011100101101010111110111
11010110011101011100011000101010110100011000101010001101	01101110111001100000100000001010011100101101000111110111
11010110011101011100011000101011110100010000101010001101	01101110111000100000100000001010011100101101010111110111
11010110011101011000011001101010110010011000101010001100	01001110101001100000100010001010011100111101000111100111
11010110011101011100011000101011110100111000101010001111	01101110111001100000110000001010011100101101011111110111
11010110011101011110011000111011110110011100101000001101	01101110111001110001101010001010011100101101010111110101
11010110011001011100011000101011110100011000101010001101	01101110011001100000100000001010011100101101010111110111
11010110011101011100011000101011110100010000101010001101	01101110111000100000100000001010011100101101010111110111
11010110011101011100011000101011110100111000101010011101	01101110111001100000100100001010011100101101011111110111
11010110011101011100011000101011110100001000101010101101	01101110111001100010100000001010001100101101010111110111
11010110011001011100011000101011110100011000101010001101	01101110011001100000100000001010011100101101010111110111
11010110011101011100011000101011110100010100101010001101	01101110111000110000100000001010011100101101010111110111
10110111011101011100010000101011111100011000001010000101	01101110111001100100100000001011111100001001010101110011
11010110011101011100011000101011110100011000101010001101	01101110111001100000100000001010011100101101010111110111
11010010011100011100011000101011110100011000111011001101	01101110111001100000100000011000011000101111010111110111
11010110011101011100011000101010110100011000101010001100	01001110111001100000100000001010011100101101000111110111
11010110011101111100011000101011100100011000101010001100	01000110111001100000100000001010011100101101010111111111
11010110011101011100011000101011110100011000101010001001	01101110111001100000100000001010010100101101010111110111
11010110011101111100011001101001010100011000101010001101	01101110111001100000100000001010011100111101010110111110
11010110011100011100011000101011110100011000101010001101	01101110111001100000100000001010011000101101010111110111
11010110011101011100011000100011110100011000101010000100	01001010111001100000100000001010011100001101010111110111
11010100011101011100011000101011110100011000100000001101	01101110110001100000000000001010011100101101010111110101
11010110011101011100011000101011110100011000101010001101	01101110111001100000100000001010011100101101010111110111
11010110011101011100011000101011110100010010101010001101	01101110111000100000100001001010011100101101010111110111
11010110011101011100011000101011010100011000001011001100	01001110111001100000100000011010011100101001010111110110
11010110011100011100011000101011110100011100101010011101	01101110111001110000100100001010011000101101010111110111
11010110011100011100011000101011110100011000101010001101	01101110111001100000100000001010011000101101010111110111
11010110011101011100011000101011110100011000101010001101	01101110111001100000100000001010011100101101010111110111
11010110011101011100011000101011110100011000101010001101	01101110111001100000100000001010011100101101010111110111
11010110011101011000011000101011110110011000101010001101	01101110101001100000100010001010011100101101010111110111
11010110011101011100011100101011110100001000101010001101	01111110111001100000100000001010001100101101010111110111
11010110011101011100011000101011110100011000101010001101	01101110111001100000100000001010011100101101010111110111
11010100011101011100011000101011110100011000101010001101	01101110111001100000000000001010011100101101010111110111
10010110011101011100011000100011110100011000101010001101	01101010111001100000100000001010011100101101010101110111
11010110011101010100011010101011010100011000001010001101	11101110111001000000100000001010011100101001010111110110
11010110011101011100011000101011110100001000001010001101	01101110111001100000100000001010001100101001010111110111
11010110011101011100011000111011111100011000101010001101	01101110111001100000101000001011011100101101010111110111
11010110011101011110011000101011110100011010101010001101	01101110111001100001100001001010011100101101010111110111
11010110011101011100011000101011110100011000111010001101	01101110111001100000100000001010011100101111010111110111
11010110011101011100011000101011110100011000101010001101	01101110111001100000100000001010011100101101010111110111
11010010011100001100011000101011110100011000101010001101	01101110111001100000100000001000011000101101010011110111
11000110011101011100011000101011110101011000101010001101	01101101111001100000100000001010011100101101010111110111
11010110001101001100011000101011110100011010001010001001	01101110111001100000100001001010010100101000010011110111
11010110011101011100011000111011110000011000101011001101	01101110111001100000101000011010011100101101010111100111
11010110011101011100001010101011110100011000101010001101	11101110111001100000100000001010011100101101010111010111
11010110111101011000011000101011100101011000101010001101	01100111101001101000100000001010011100101101010111110111
01010010001100011100011000101011110100011010101010001101	00101110111001100000100001001000011000101100010111110111
11010100011101011100011000101011110100111000101110001001	01101110111011100000000000001010010100101101011111110111
10010110011101011100011000101011110100001000101010001101	01101110111001100000100000001010001100101101010101110111
11010110011101011100011000101011110100011000101000101101	01101110111001100010100000001010011100101101010111110101
11010010011101011100011000101011110100011000101010001101	01101110111001100000100000001000011100101101010111110111
11010110011101011100011000101011110100011000111010001101	01101110111001100000100000001010011100101111010111110111
11010110011101011100011000101011110100011000101010001101	01101110111001100000100000001010011100101101010111110111
11010110011101011100011010111011110110011000111010101101	11101110111001100010101010001010011100101111010111110111
11010110011101011110011000001010110110011000101010001100	01001110111001100001100010000010011100101101000111110111
11010111011101011000111000101011110100011000101010001101	01101110101001100100100000001010011100101101110111110111
11010110011101011100011100101001110100011000101010001101	01111110111001100000100000001010011100101101010110110111
11010110011101011100001000101011110101011000001010001101	01101111111001100000100000001010011100101001010111010111
11010100011101011100011000101011110100011000101010011101	01101110111001100000000100001010011100101101010111110111
11010110011101011100011000101011110100010000101010001111	01101110111000100000110000001010011100101101010111110111
11010110011101011100011000101011110100011001101010001100	01001110111101100000100000001010011100101101010111110111
11010110011101010100011000111011110000011000101010001101	01101110111001000000101000001010011100101101010111100111
11010110011101011000011101101011110100011000101010001101	01111110101001100000100000001010011100111101010111110111
11010110011101011100011000101011110100111000101010001101	01101110111001100000100000001010011100101101011111110111
11110110011111111100011000101011111100010000101010001101	01101110111000100000100000001011111110101101010111111111
11010110011001011100011000101011110100011000101010001101	01101110011001100000100000001010011100101101010111110111
11010110011101001100010000101111110110011000101010101101	01101110111001100010100010001110011100101101010011110011
11010110011101011100011000101011110100010000101011001101	01101110111000100000100000011010011100101101010111110111
11010110011101011111011000101011110100011000101110001101	01101110111011100001100000101010011100101101010111110111
11010110011101011100011100101010111100011000101110011101	01111110111011100000100100001011011100101101000111110111
10010110001111011100011000101110110101011000111010001101	01101111111001100000100000001110011110101110000101110111
11010110011101011100011010101111110100011000101010001101	11101110111001100000100000001110011100101101010111110111
11010110011101011100011000100011110100011000101010001101	01101010111001100000100000001010011100101101010111110111
11010110011101011100011000100011110100011000101010001101	01101010111001100000100000001010011100101101010111110111
11010110011101011100011000101001110010011000101010001101	01101110111001100000100010001010011100101101010110100111
11010110011101011000011000101011110101011000101010001101	01101111101001100000100000001010011100101101010111110111
11010110011101011100011000101011110100011000101010001101	01101110111001100000100000001010011100101101010111110111
11010110011101011100011000101011110100011000101010001101	01101110111001100000100000001010011100101101010111110111
11010110011101011100011010101011110100001000101010001101	11101110111001100000100000001010001100101101010111110111
11010111011101011100001000001011110100011000101010011101	01101110111001100100100100000010011100101101010111010111
11010110011101011100011000101010100100011000101010001101	01100110111001100000100000001010011100101101000111110111
11010110011101011100011000101011110101011000101010001101	01101111111001100000100000001010011100101101010111110111
11010110011101010100011000101011110100011001101010001101	01101110111101000000100000001010011100101101010111110111
11010110011101011110011000101011110100011001101010001101	01101110111101100001100000001010011100101101010111110111
11010110011111011100011000101001110100011000101010001101	01101110111001100000100000001010011110101101010110110111
11110110011101011100011100101011110100001000101010011101	01111110111001100000100100001010101100101101010111110111
11010111011101011100011000100011110100011000101011001101	01101010111001100100100000011010011100101101010111110111
11010110011101001100011000101001110100011000101000000101	01101110111001100000100000001010011100001101010010110101
11010110011101011100011000101011110100011100101010001101	01101110111001110000100000001010011100101101010111110111
01010010011101011100011100101011111110011000101010001101	00111110111001100000100010001001011100101101010111110111
11010110011101111100011000101111110100011000101111001101	01101110111011100000100000011110011100101101010111111111
11010110011101011101011000101011110100011001101010001101	01101110111101100000100000101010011100101101010111110111
01010110011101011100011000101011110100011100101000001101	00101110111001110000100000001010011100101101010111110101
10110110011101011100011000101011111100011000111010001101	01101110111001100000100000001011111100101111010101110111
11010100011101011100011000101011110100011000101010001001	01101110111001100000000000001010010100101101010111110111
11010110011101111100010000101011110100011000100010001101	01101110110001100000100000001010011100101101010111111011
11010110011101011101011000111011110100011000100010001101	01101110110001100000101000101010011100101101010111110111
11010110001101011100011000101011110000011000001010001101	01101110111001100000100000001010011100101000010111100111
11010010011101011100011000101011110100011010101010001101	01101110111001100000100001001000011100101101010111110111
10010110011101011100011000101011110100011000101010001001	01101110111001100000100000001010010100101101010101110111
11010110010101001100011000101011110100011000101010001101	01101110111001100000100000001010011100100101010011110111
01011010011101011100011000101011110110011000101010001101	00101110111001100000100010001000011101101101010111110111
11110110011101011100011000101011110100011000101110001101	01101110111011100000100000001010111100101101010111110111
11010110011101010000011000101011110100011001101010001101	01101110101101000000100000001010011100101101010111110111
11010110011101011100011000101011110100011000101010011101	01101110111001100000100100001010011100101101010111110111
11010110011101011100011000101011110100011000101010001101	01101110111001100000100000001010011100101101010111110111
11010111011101011100011000101011110100011000101010001101	01101110111001100100100000001010011100101101010111110111
11010110011101011100011000101011010100011000101010001101	01101110111001100000100000001010011100101101010111110110
11010110011101111100011000101011110100011000101010001101	01101110111001100000100000001010011100101101010111111111
11010110011101011100011000101011110100011000101010001101	01101110111001100000100000001010011100101101010111110111
11000110011101011100011000101011110101011000101010001111	01101101111001100000110000001010011100101101010111110111
11010110011101011100101010001011110100011000101010001101	11101110111001100000100000000010011100101101110111010111
11010110011101011000001000101011110100011000101010001101	01101110101001100000100000001010011100101101010111010111
11010110011101011100011000101011110100011000101010001101	01101110111001100000100000001010011100101101010111110111
11010110011101011100011000101011110100011000101010001101	01101110111001100000100000001010011100101101010111110111
11010110011101011000011000101011110000011000101010001101	01101110101001100000100000001010011100101101010111100111
11010110011101011100011000101011110100011000101010001101	01101110111001100000100000001010011100101101010111110111
11011110011101011100111100101011110100011000101110001101	01111110111011100000100000001010011101101101110111110111
11010110011101011100011000101011110100011000101010001101	01101110111001100000100000001010011100101101010111110111
11010110011101011100011010101011110100011000001010001101	11101110111001100000100000001010011100101001010111110111
11010110011100011100011010101011110100011100101011001101	11101110111001110000100000011010011000101101010111110111
11010110011101011100011000101011110100011000101010001101	01101110111001100000100000001010011100101101010111110111
11010110011101011100011000101011110100011000101010001101	01101110111001100000100000001010011100101101010111110111
11010110011101011100011000101111110000011100101010001101	01101110111001110000100000001110011100101101010111100111
11010110011101011100011000101011110101011000101010001101	01101111111001100000100000001010011100101101010111110111
11010110011101011100011010001011110100011000111010001101	11101110111001100000100000000010011100101111010111110111
11010110011101011100011000101011110100011000101010001101	01101110111001100000100000001010011100101101010111110111
11010110011001011100011000101011110100011000101010001101	01101110011001100000100000001010011100101101010111110111
11010110011101011100011000101111110100011000101010001101	01101110111001100000100000001110011100101101010111110111
11010110011101011100011000101011000100011000101110001101	01100110111011100000100000001010011100101101010111110110
11010110011101011100011001101011110100011000101010001101	01101110111001100000100000001010011100111101010111110111
11100110011101011000011001101011110100111000100010101101	01101100100001100010100000001010111100111101011111110111
01010110111100011100101000101010110100011000101010001101	00101110111001101000100000001010011000101101100111010111
11010110011101011100011000101011110110011100001010001101	01101110111001110000100010001010011100101001010111110111
11010110011101011100011000111011110100011000100010001101	01101110110001100000101000001010011100101101010111110111
11010110011101011100011000101011010100011000000010001101	01101110110001100000100000001010011100101001010111110110
11010110011101011100011100101011110100011100100010000101	01111110110001110000100000001010011100001101010111110111
11010010011101011100011000100011111100011000101010001111	01101010111001100000110000001001011100101101010111110111
11010110011101011100011000101011110100011000101010001101	01101110111001100000100000001010011100101101010111110111
11010110011101011100011000101011110100011000101010001111	01101110111001100000110000001010011100101101010111110111
11010110011101011100011000101011110100010001101010001101	01101110111100100000100000001010011100101101010111110111
11010110011101011100011000101001110100111000101010001101	01101110111001100000100000001010011100101101011110110111
11010110011101011100011000101011110100011000101010001101	01101110111001100000100000001010011100101101010111110111
11010110001101011100011000101011110100011010101010101101	01101110111001100010100001001010011100101100010111110111
11010110011101011100011000101011110100011000101010001101	01101110111001100000100000001010011100101101010111110111
01010110011101011110011000101011110100011000101010001101	00101110111001100001100000001010011100101101010111110111
11010100011101011100011000101011111000011000101010001101	01101110111001100000000000001011011100101101010111100111
11010110011101011000011000101001110100001000101110011101	01101110101011100000100100001010001100101101010110110111
11010110011101011010011000101011111100011000101010001101	01101110101001100001100000001011011100101101010111110111
11010110011101011100011000101011110100011000101000001101	01101110111001100000100000001010011100101101010111110101
11010110011101011100011000101011110100010000101010001101	01101110111000100000100000001010011100101101010111110111
11010110011101010100011000101011110100011000101010001001	01101110111001000000100000001010010100101101010111110111
11010110011101011100011000101011110100011000101011101101	01101110111001100010100000011010011100101101010111110111
11010110011101011000011000101011110100011000101010000101	01101110101001100000100000001010011100001101010111110111
11010110011101011100011000101011110100011000101010001101	01101110111001100000100000001010011100101101010111110111
10010110111111011100011100101011110100010000101010001101	01111110111000101000100000001010011110101101010101110111
11010110011101011101011000101111110100011000101010001101	01101110111001100000100000101110011100101101010111110111
11010110011101011100011000101011110100011000101010001101	01101110111001100000100000001010011100101101010111110111
11010110011101001100111000101011110100011000101010001101	01101110111001100000100000001010011100101101110011110111
11010110011101011100001000101011110101011000111010001001	01101111111001100000100000001010010100101111010111010111
11010110011101011100011000101011110110011000101010001100	01001110111001100000100010001010011100101101010111110111
11010110011101011100111000101011100100011000101011001101	01100110111001100000100000011010011100101101110111110111
11010110011100011100011000101011110100011000111010001101	01101110111001100000100000001010011000101111010111110111
11110110011101011100011000101011110100011000101010001001	01101110111001100000100000001010110100101101010111110111
11010110011101011100011000101011110100011000101010101001	01101110111001100010100000001010010100101101010111110111
11010110011101011100011000101011110100010000101010000101	01101110111000100000100000001010011100001101010111110111
01010110011101010100011000101011110100011000111010001101	00101110111001000000100000001010011100101111010111110111
11010110111101101100011000101011110100011000001010001101	01101110111001101000100000001010011100101001010011111111
11010110011101011010011001101011110001011000101010001101	01101111101001100001100000001010011100111101010111100111
11010110011100011100011000101111110100011000101010001101	01101110111001100000100000001110011000101101010111110111
11010110011101001100010010101011110100011000101010011101	11101110111001100000100100001010011100101101010011110011
11010110011101011100011000101011110100011000101010001101	01101110111001100000100000001010011100101101010111110111
11010110011101011100011000101011110100011000101010001101	01101110111001100000100000001010011100101101010111110111
11010110011101011100011010101111110100011001101010000101	11101110111101100000100000001110011100001101010111110111
11010110011101011100011000101011110101011001101010001101	01101111111101100000100000001010011100101101010111110111
11010110011101011101011000101011110100011000101010001101	01101110111001100000100000101010011100101101010111110111
10010110011101011100011000101011110100011000101010001101	01101110111001100000100000001010011100101101010101110111
11010110011101011100111100100011110000011000001010101101	01111010111001100010100000001010011100101001110111100111
11010110011111011100011000001011110100011000101010001101	01101110111001100000100000000010011110101101010111110111
11010110011101011100011000101011110100011000101010001101	01101110111001100000100000001010011100101101010111110111
11010110011101011100011000101011100100111000101010001101	01100110111001100000100000001010011100101101011111110111
11010110011101010100011000100001110100011000101010001101	01101010111001000000100000001010011100101101010110110111
11010110011100011100011000101011110110011000101110001101	01101110111011100000100010001010011000101101010111110111
11010110001101011100011000101011110100011000101010001101	01101110111001100000100000001010011100101100010111110111
11110110011101011100011000101011110100111000101000001101	01101110111001100000100000001010111100101101011111110101
11010110011101011100001000101011110101011000111010001101	01101111111001100000100000001010011100101111010111010111
11010110011101011100011000101011111100011000101000001101	01101110111001100000100000001011011100101101010111110101
11010010011101011100011000101011110100011000101010001101	01101110111001100000100000001000011100101101010111110111
11010110011101011100011000101011110100011000101010011101	01101110111001100000100100001010011100101101010111110111
11000110011101011100011000101011110100011000101011001101	01101100111001100000100000011010011100101101010111110111
11010110011101011101011000101011110100011000101010001101	01101110111001100000100000101010011100101101010111110111
11010010011101010100011000101011010100011000101010001101	01101110111001000000100000001000011100101101010111110110
10010110011101011100011000101011110100011000101010001101	01101110111001100000100000001010011100101101010101110111
01010110001101001100011000101011110100011000101010001101	00101110111001100000100000001010011100101100010011110111
01010110011101011100011100101011110110011000101010001101	00111110111001100000100010001010011100101101010111110111
11010110011101011100011000101011110100011000101110001101	01101110111011100000100000001010011100101101010111110111
11000110011101011100011000101011110100011000111010001101	01101100111001100000100000001010011100101111010111110111
11010110000101011100011010101011110100011000001010001101	11101110111001100000100000001010011100100000010111110111
11010110011101011100011000101011110101011000111010001101	01101111111001100000100000001010011100101111010111110111
11010010011111010100111000101011110100011000101010001101	01101110111001000000100000001000011110101101110111110111
11010110011101011100010000101011110100011000101010001101	01101110111001100000100000001010011100101101010111110011
11010110011101011100011000101011110100011000101010001100	01001110111001100000100000001010011100101101010111110111
11010110011101011100011000101011110100011000101010001101	01101110111001100000100000001010011100101101010111110111
11010110011101011100011000101010110100011000101010001101	01101110111001100000100000001010011100101101000111110111
11010110010101011100011000101111110100011010101010001101	01101110111001100000100001001110011100100101010111110111
11010110011101001100000100101011110100011010101010001101	01111110111001100000100001001010011100101101010011010011
11000111011101011001011000101011110100010001101010001100	01001100101100100100100000101010011100101101010111110111
11010110011101011100011000101011110100011000101010001101	01101110111001100000100000001010011100101101010111110111
11010110011101011100011000101010110100011000101010001101	01101110111001100000100000001010011100101101000111110111
11000110011101011100011000101011110100011000101010001101	01101100111001100000100000001010011100101101010111110111
11010110011101011100011100101010110100011000101010001101	01111110111001100000100000001010011100101101000111110111
11010110011101011100011000101011110101011000100010011101	01101111110001100000100100001010011100101101010111110111
11010110111111011100111000101011110100011000101010001101	01101110111001101000100000001010011110101101110111110111
11010110011101011100011000101011110100011000101010001101	01101110111001100000100000001010011100101101010111110111
11010110011100011000111000111011110000011000101010001101	01101110101001100000101000001010011000101101110111100111
10010110011101011100011000101011110100111000101010001101	01101110111001100000100000001010011100101101011101110111
11010100011101111100011000101011110100001000100010000100	01001110110001100000000000001010001100001101010111111111
11110110111101011100011000101011110100011000101110001101	01101110111011101000100000001010111100101101010111110111
11000010010101011101011000101011110100011110101010001101	01101100111001110000100001101000011100100101010111110111
11010010011101010100011000101011110100011000101010001101	01101110111001000000100000001000011100101101010111110111
11010110011101011100011000101011110100011000101010101101	01101110111001100010100000001010011100101101010111110111
11010110011001011100011000001011110100011000101010000101	01101110011001100000100000000010011100001101010111110111
11010110011101011100011000101011110100011100101010001101	01101110111001110000100000001010011100101101010111110111
11010110011101111000011000101011110100011000101010001101	01101110101001100000100000001010011100101101010111111111
11010110011101011110011000001011110100010000101010000101	01101110111000100001100000000010011100001101010111110111
11010110011101011100011000101011110100011000010010001101	01101110110001100000100000001010011100101011010111110111
11010110011100011100011001101011110100011000101010001101	01101110111001100000100000001010011000111101010111110111
11010110011101011100011000101001110100111000101010001101	01101110111001100000100000001010011100101101011110110111
11010110001101011101011000001111100100011000101010001101	01100110111001100000100000100110011100101100010111110111
11010110011101011100011000101011110100011000101010001101	01101110111001100000100000001010011100101101010111110111
11010110011101011000011001101011110100011000101010001101	01101110101001100000100000001010011100111101010111110111
11010110011101011100011000101011110100011000101010001101	01101110111001100000100000001010011100101101010111110111
11010110011101011100011000001011110100011000100010001101	01101110110001100000100000000010011100101101010111110111
11010110011101011100011000101011110100011000101010001101	01101110111001100000100000001010011100101101010111110111
11010110011101011100011000101011110100001000101010001101	01101110111001100000100000001010001100101101010111110111
11010110011101011100011000101011110100011000101010001101	01101110111001100000100000001010011100101101010111110111
11010110011100011100011000101011110100011000101010001111	01101110111001100000110000001010011000101101010111110111
11010110011101011100011000101001110100011000101010001101	01101110111001100000100000001010011100101101010110110111
11010110011101011100011000101011110100011000101110001101	01101110111011100000100000001010011100101101010111110111
11010110010101011100011000101011110100011000101010001101	01101110111001100000100000001010011100100101010111110111
11010110001101001100011000101011110110010000101010001100	01001110111000100000100010001010011100101100010011110111
11010110011100011100011000101011110100001000101010011101	01101110111001100000100100001010001000101101010111110111
11010110011111011100011100101011110100011101101010001100	01011110111101110000100000001010011110101101010111110111
11110110011101011101011000101011110100011000101010000101	01101110111001100000100000101010111100001101010111110111
11010110011101011100011000100011110100001000101010001101	01101010111001100000100000001010001100101101010111110111
11010110011101011100011000001001110100011000101010001101	01101110111001100000100000000010011100101101010110110111
11010110011101011100011010101011110100011000111010001101	11101110111001100000100000001010011100101111010111110111
11110110011101011100011000101111111100011000101110001111	01101110111011100000110000001111111100101101010111110111
11110110001101011101011000111011110100011000101010001101	01101110111001100000101000101010111100101100010111110111
11010110010001011100011000101011110100011000101010001101	01101110011001100000100000001010011100100101010111110111
11010110011100011100011000101011110100011000101010001101	01101110111001100000100000001010011000101101010111110111
11011110011101011100011000001011110100011000101010001101	01101110111001100000100000000010011101101101010111110111
11010110011101011100011000101011111110111000101010001101	01101110111001100000100010001011011100101101011111110111
11010110011101011100011000101011110100011000111010001101	01101110111001100000100000001010011100101111010111110111
11010110011101011100011000101111110100011010111010000111	01101110111001100000110001001110011100001111010111110111
11010011011101011100111000101011110100011000101010001101	01101110111001100100100000001000011100101101110111110111
11010110011101011100011100101011110100011000101010001101	01111110111001100000100000001010011100101101010111110111
11010110010101011100011000101111110100011000101110001101	01101110111011100000100000001110011100100101010111110111
11010110001101011100011000101011110100011000101010001101	01101110111001100000100000001010011100101100010111110111
11010110011101011100011100101011110100111010101010001101	01111110111001100000100001001010011100101101011111110111
11010110011101011100011000101011110100011000101010001100	01001110111001100000100000001010011100101101010111110111
11010010011101011000001000101001110100011000101010001101	01101110101001100000100000001000011100101101010110010111
10010110011101011100011000101111110100011000101010001101	01101110111001100000100000001110011100101101010101110111
11010110011101011100011000001011101110011000101010001101	01100110111001100000100010000011011100101101010111110111
11010110011101011100011000101001110100011000101010001101	01101110111001100000100000001010011100101101010110110111
11010110011101011100001000101011110100011000101010001101	01101110111001100000100000001010011100101101010111010111
11010111011100011100011000101011110100011000101010001101	01101110111001100100100000001010011000101101010111110111
11010110011101011100011000101011110100011000101010001111	01101110111001100000110000001010011100101101010111110111
11010110011101011100011000101011110100010000101010001101	01101110111000100000100000001010011100101101010111110111
11010110111101011100010000101011110100111000101010011101	01101110111001101000100100001010011100101101011111110011
11010110011101111100011000101011110100011001101010001101	01101110111101100000100000001010011100101101010111111111
11010110011101011100011001101011110100011100101010001101	01101110111001110000100000001010011100111101010111110111
11010110001101011101011000001010110100011000101010001101	01101110111001100000100000100010011100101100000111110111
11010110011101011100011000101011010110011000101010001101	01101110111001100000100010001010011100101101010111110110
11010110011101010100011000100011100100011100101010001101	01100010111001010000100000001010011100101101010111110111
11010110011100011100011000101011110100001001101110001101	01101110111111100000100000001010001000101101010111110111
11010110001101011100011000101011110100011000101010001101	01101110111001100000100000001010011100101100010111110111
11110111011101011100011000101011110100010000101010001101	01101110111000100100100000001010111100101101010111110111
11010110011101011100011000101011110000011000101010001101	01101110111001100000100000001010011100101101010111100111
11010110010101011000011000101011110100011000101010101100	01001110101001100010100000001010011100100101010111110111
11010110011101011100011000101011110100011000101010001101	01101110111001100000100000001010011100101101010111110111
11010110011101011100011000101011110100010000101010001101	01101110111000100000100000001010011100101101010111110111
11010110011101011000011000101011010100011000111010001101	01101110101001100000100000001010011100101111010111110110
11010110001001001100011000101011110100001000101110001101	01101110011011100000100000001010001100101100010011110111
11011110011101011100011000101011110100011000101010011101	01101110111001100000100100001010011101101101010111110111
11010110011101111100011000101011110100011000101011001101	01101110111001100000100000011010011100101101010111111111
10010110011101011100011010101011110000011000111010001111	11101110111001100000110000001010011100101111010101100111
11000110011101011100011000101111110100011000101010001101	01101100111001100000100000001110011100101101010111110111
11010110011101011100011000101011110101011000101010001101	01101111111001100000100000001010011100101101010111110111
10010110011101011100001000101011110100011000101010001101	01101110111001100000100000001010011100101101010101010111
11010110011101011100011000101011110100011000101010001101	01101110111001100000100000001010011100101101010111110111
11010110011101011100011000101011110100011000101010001101	01101110111001100000100000001010011100101101010111110111
11110110011101111100011000101011110100011000101010001101	01101110111001100000100000001010111100101101010111111111
11010111011101011100011000101011111110011000101010001101	01101110111001100100100010001011011100101101010111110111
11010110011101011100011000101011110100011000001010001101	01101110111001100000100000001010011100101001010111110111
11110110011101011100011001101011110100011000101010000101	01101110111001100000100000001010111100011101010111110111
11010110010101011100011010101011110100011000101010001101	11101110111001100000100000001010011100100101010111110111
11010110011101011100011000001011110100011000101010001101	01101110111001100000100000000010011100101101010111110111
11010110011101011110011000101011110100111000101010001101	01101110111001100001100000001010011100101101011111110111
11010110001101011100011000101011110100011000101010001101	01101110111001100000100000001010011100101100010111110111
11010110000101011100011000101111110100011010101010001101	01101110111001100000100001001110011100100100010111110111
11010111111101011100001000101011110100011000101010001101	01101110111001101100100000001010011100101101010111010111
11010110011101011100011000101001110100010000101010001101	01101110111000100000100000001010011100101101010110110111
11010110011101011000011000111011110100011000001000001100	01001110101001100000101000001010011100101001010111110101
11010110011101011100011100101011110101111000101010001111	01111111111001100000110000001010011100101101011111110111
11010110011101010100011000111011110100011000101011001101	01101110111001000000101000011010011100101101010111110111
11010110011101011100011001101011110100001000101010001101	01101110111001100000100000001010001100111101010111110111
10010110011101011100011000101010110100011000100010001001	01101110110001100000100000001010010100101101000101110111
11010010011101011100001000101001110100011000101010001101	01101110111001100000100000001000011100101101010110010111
11010110011101011100011000101011110100011000101010001001	01101110111001100000100000001010010100101101010111110111
11010111011101011100011000101010110100011000101010001101	01101110111001100100100000001010011100101101000111110111
01010110011101011100011000101011110101011000101010001101	00101111111001100000100000001010011100101101010111110111
11010111011101011100011000101011110100011000101010001101	01101110111001100100100000001010011100101101010111110111
10010110011101010100011000101011110100011000101010001101	01101110111001000000100000001010011100101101010101110111
11010110011101011101111000101001110101011000101010001111	01101111111001100000110000101010011100101101110110110111
11010110011101011101011000101010110100011100111010001101	01101110111001110000100000101010011100101111000111110111
11010110011101011100011000101011110100011000101010001111	01101110111001100000110000001010011100101101010111110111
11010110011101011100011000101001110100011000111010000101	01101110111001100000100000001010011100001111010110110111
11010110110101011100011000101011110100010000101010001101	01101110111000101000100000001010011100100101010111110111
11010010011101011110011000101001100100011100101010001101	01100110111001110001100000001000011100101101010110110111
11010110011101010100011010101011110100011000100010001001	11101110110001000000100000001010010100101101010111110111
11010110011001011100011000101011110100011000101010001101	01101110011001100000100000001010011100101101010111110111
11011110010101011100011000101010110100011000101010001101	01101110111001100000100000001010011101100101000111110111
11010110011101011000011000101011110100011000101011001001	01101110101001100000100000011010010100101101010111110111
11010110111101011100011000101011111100011000101010001101	01101110111001101000100000001011011100101101010111110111
11010110011101011101011000101011110100011000000010001101	01101110110001100000100000101010011100101001010111110111
01011110011101001100110000101011110100011000101000001101	00101110111001100000100000001010011101101101110011110001
11010110011101010100011001101010110100011000101010001101	01101110111001000000100000001010011100111101000111110111
11010110010101011100010000101011110100011000101011000001	01101110111001100000100000011010010100000101010111110011
11010110011101011100011000101001100100011001101010001101	01100110111101100000100000001010011100101101010110110111
11010110011101011100011000101011110100011001101010101101	01101110111101100010100000001010011100101101010111110111
11010111011001001100011000101011111100011010101010101101	01101110011001100110100001001011011100101101010011110111
11010110111101011100011000101011110100011000101010001101	01101110111001101000100000001010011100101101010111110111
11000111011101011110011100101011010100111000101010001101	01111100111001100101100000001010011100101101011111110110
11010110011101011100011000101011110100011000101010001101	01101110111001100000100000001010011100101101010111110111
11010110011101011100011010001011110100011000101010000101	11101110111001100000100000000010011100001101010111110111
11010110011101011100011000101011110100011000001000001101	01101110111001100000100000001010011100101001010111110101
11010010011101011100011000101010110100011010101010001101	01101110111001100000100001001000011100101101000111110111
11010110011100011100011100101001110100011000101010001101	01111110111001100000100000001010011000101101010110110111
11010110011101011100011000101011110100000000101010001101	01101110111000100000100000001010001100101101010111110111
11010110011101011100011000100011110100011000101010001101	01101010111001100000100000001010011100101101010111110111
11010110011001011100011000101011110100011100101010101111	01101110011001110010110000001010011100101101010111110111
11010110011101011100111000101010110100011000101010001101	01101110111001100000100000001010011100101101100111110111
11011110011111011100011000101011110100001000101010011101	01101110111001100000100100001010001111101101010111110111
11010110011101111100011000101011110100111000101010001101	01101110111001100000100000001010011100101101011111111111
11010110011101001100011000101111110100011100111010001101	01101110111001110000100000001110011100101111010011110111
11010110011111011100011010101011110101011001111010001101	11101111111101100000100000001010011110101111010111110111
01010100011101011100011000101011110100001000101010001101	00101110111001100000000000001010001100101101010111110111
11010110011101011101011000101011110100011011100011001101	01101110110101100000100001111010011100101101010111110111
11010110011001011100011000101011110100011000101010001101	01101110011001100000100000001010011100101101010111110111
11011110011101011000011000101011110100111001101010001101	01101110101101100000100000001010011101101101011111110111
11010110011101111100011000101011110100011001101010001101	01101110111101100000100000001010011100101101010111111111
11010110001101011000010000111011110100011000100000001101	01101110100001100000101000001010011100101100010111110001
11010110011101011100001000101011110100011000101010001111	01101110111001100000110000001010011100101101010111010111
11010110011101011100011000101011110100011000101010001101	01101110111001100000100000001010011100101101010111110111
11010110011101011100011000101011110100011001101010001101	01101110111101100000100000001010011100101101010111110111
11010110011101011100011001001011110100011000101010001101	01101110111001100000100000000010011100111101010111110111
11010110011101011100011000101011110100011000101010001101	01101110111001100000100000001010011100101101010111110111
11010110011101011100011000101011110100011000101010001101	01101110111001100000100000001010011100101101010111110111
11010110011101011100011000101011110100011000101010001101	01101110111001100000100000001010011100101101010111110111
00010010011001011100011000101001110100011000101010001111	00101110011001100000110000001000011100101101010100110111
11010111011101011100011000101011110100011000101000001101	01101110111001100100100000001010011100101101010111110101
10010110011101011100011000101011110101011000001010001101	01101111111001100000100000001010011100101001010101110111
11010110011101011100011000101011110100011000111010001101	01101110111001100000100000001010011100101111010111110111
11010110011101011100011000101011110101111000101010001101	01101111111001100000100000001010011100101101011111110111
11010110011101011100011001101011110100011000101010001101	01101110111001100000100000001010011100111101010111110111
11010111011101011100011000101011110100011001101010001101	01101110111101100100100000001010011100101101010111110111
11010110011101011100011001101011110100011000101010001101	01101110111001100000100000001010011100111101010111110111
11010110011101011100011000100011110100011000001110001101	01101010111011100000100000001010011100101001010111110111
11010110011101011100011000101011110100011000100010001001	01101110110001100000100000001010010100101101010111110111
11010110011101011100011000101011110100011000001010001101	01101110111001100000100000001010011100101001010111110111
11010110011101011100111000001011110110011000101000001101	01101110111001100000100010000010011100101101110111110101
11010110111101111110011000111011110100011000101010001101	01101110111001101001101000001010011100101101010111111111
11010110011101011100011000101011110100011010101010001101	01101110111001100000100001001010011100101101010111110111
11010110011101011100111100101011111100011000111010001101	01111110111001100000100000001011011100101111110111110111
11010110001101011100011000101011110100001000101010001001	01101110111001100000100000001010000100101100010111110111
11010110011111011100111000101011110100011000101010001101	01101110111001100000100000001010011110101101110111110111
11010110011101011100011000101011110100011000101010001101	01101110111001100000100000001010011100101101010111110111
11010110011101011100111000101011110101011000101110001101	01101111111011100000100000001010011100101101110111110111
11010100011101011100011000101011111100011000101010001101	01101110111001100000000000001011011100101101010111110111
11010110011100011100001000101011110100011011101010001101	01101110111101100000100001001010011000101101010111010111
11011110011101010100011000101011110100011100101010001101	01101110111001010000100000001010011101101101010111110111
11010110011101011100011010101011110100011000101010100100	11001110111001100010100000001010011100001101010111110111
11010110011111011100011000101010000100011000101010101101	01100110111001100010100000001010011110101101000111110110
11010110011100011000011000101011000100011000101010001101	01100110101001100000100000001010011000101101010111110110
11010100011101011100011000111011110100011000101010001101	01101110111001100000001000001010011100101101010111110111
11010110011101011100011000101011111100011000101010001101	01101110111001100000100000001011011100101101010111110111
11010110011100011100011000101011110100011000101010001101	01101110111001100000100000001010011000101101010111110111
11000110000101011100011000101011110100011000101010001101	01101100111001100000100000001010011100100100010111110111
11010110011101011100011000101010110100011000101010001101	01101110111001100000100000001010011100101101000111110111
11010100011101010100011000101011110100011000101010101101	01101110111001000010000000001010011100101101010111110111
11010110011101011100011100101011110100011000101010001101	01111110111001100000100000001010011100101101010111110111
11010110011101011100011000101011110100011000101010001101	01101110111001100000100000001010011100101101010111110111
11010110011101011100011000101011110100111000101010001101	01101110111001100000100000001010011100101101011111110111
11010110011101011100011000101011110100011000101010001101	01101110111001100000100000001010011100101101010111110111
11010110011101011100011000101011110100011000101010001101	01101110111001100000100000001010011100101101010111110111
01010110011001011100011000101011110100011000101010001101	00101110011001100000100000001010011100101101010111110111
11010110011101011100011000101011110110011000101010001101	01101110111001100000100010001010011100101101010111110111
01010110001101011100011000101011110100011000101010001101	00101110111001100000100000001010011100101100010111110111
11010111011000010100011010100011110100010000101010001101	11101010011000000100100000001010011000101101010111110111
11010110011101011100011100100011110100011000101011001001	01111010111001100000100000011010010100101101010111110111
11010110011101011110011000100011110100011000001010001101	01101010111001100001100000001010011100101001010111110111
11010110011101011100011000101011110100011001101010001101	01101110111101100000100000001010011100101101010111110111
11010110011101011100001000001011110100011000101010001101	01101110111001100000100000000010011100101101010111010111
11010110011101011100011000101011110101011000101010001101	01101111111001100000100000001010011100101101010111110111
11010110011001011100011000101111110100011000101010001111	01101110011001100000110000001110011100101101010111110111
11010110011101011100011000111011110101011000101010001101	01101111111001100000101000001010011100101101010111110111
11010110001101011100011000101011110100011000101010001101	01101110111001100000100000001010011100101100010111110111
11010110011101011100011000101001110100011100101010001101	01101110111001110000100000001010011100101101010110110111
11010110011101011100111000101010010100011001101010000101	01101110111101100000100000001010011100001101100111110110
11010110011101010100011000101011100100011000101010001101	01100110111001000000100000001010011100101101010111110111
11010110011101011100011000101011110100011000101010000001	01101110111001100000100000001010010100001101010111110111
11010110011101011100011000101011110100011000001010001101	01101110111001100000100000001010011100101001010111110111
11010110011101011100011000101011110100011000101000001101	01101110111001100000100000001010011100101101010111110101
11010110010101011101011011101011100100011000100010001101	11100110110001100000100000101010011100110101010111110111
11010110011101011100011000101011110100011000101010001101	01101110111001100000100000001010011100101101010111110111
10010110011101001100011000101011110110011000101010001001	01101110111001100000100010001010010100101101010001110111
11110110011101011100011000101111110100011000101010001101	01101110111001100000100000001110111100101101010111110111
11010110011001111100011000101011110100011000100010001111	01101110010001100000110000001010011100101101010111111111
11010110011001011100011000101011110100011000101010001101	01101110011001100000100000001010011100101101010111110111
11010110011101011100011000100011110100011000101010001101	01101010111001100000100000001010011100101101010111110111
11010110011101011100111000111011110000011000101010001101	01101110111001100000101000001010011100101101110111100111
11010110011101001100011000101011110100011010101010001101	01101110111001100000100001001010011100101101010011110111
11010110001101011100011000101010110000011000101010001101	01101110111001100000100000001010011100101100000111100111
11010110011101011100001000101011110100011000101010101101	01101110111001100010100000001010011100101101010111010111
01110110011101011000011000101011100100011000101010001101	00100110101001100000100000001010111100101101010111110111
11010110011101011100010000101011110100011000101010001101	01101110111001100000100000001010011100101101010111110011
11010110011101011100011000101011110100011000101010001101	01101110111001100000100000001010011100101101010111110111
11010110001101011100011000100011110000011000101000001101	01101010111001100000100000001010011100101100010111100101
11010110011101011100011000101011110100011000101110001101	01101110111011100000100000001010011100101101010111110111
11010111011101011100011000101011110100011000101010001101	01101110111001100100100000001010011100101101010111110111
11110110011101011100011000101011110100011000101010001101	01101110111001100000100000001010111100101101010111110111
11010110011101011100011100101011110100011000100010011101	01111110110001100000100100001010011100101101010111110111
11010110011100011000011010001011110100011000101010001101	11101110101001100000100000000010011000101101010111110111
11010110011101011100011000101001110100011000101010001001	01101110111001100000100000001010010100101101010110110111
11010110011101011100011001101001110100011000101010001101	01101110111001100000100000001010011100111101010110110111
11010110011111011100011100101011110100010000101010001101	01111110111000100000100000001010011110101101010111110111
11010100011100011100011000101011110100011000101010001100	01001110111001100000000000001010011000101101010111110111
11010110011101011100011000001011010100011000101010010100	01001110111001100000100100000010011100001101010111110110
11010110011101011101011000001011110110011000101010001101	01101110111001100000100010100010011100101101010111110111
11110110011101011100011000101001110100011001100010101101	01101110110101100010100000001010111100101101010110110111
11010110111001011100001000101011111100011000101010001101	01101110011001101000100000001011011100101101010111010111
11010110011101011100011000101011110100011000101010001101	01101110111001100000100000001010011100101101010111110111
11010110011101011100011000101011110000011000101010001101	01101110111001100000100000001010011100101101010111100111
11010110011101011100011000101011110100011000101010001101	01101110111001100000100000001010011100101101010111110111
11010110111101001100011000101011110100011000101010001101	01101110111001101000100000001010011100101101010011110111
11010110011101011100011000101011111100011000101010001100	01001110111001100000100000001011011100101101010111110111
11010110011101011100011010111011110110011000101010011101	11101110111001100000101110001010011100101101010111110111
11010111111101011100011000101011110100011001101010001101	01101110111101101100100000001010011100101101010111110111
11010110011101011100011100101010110000011000101010001101	01111110111001100000100000001010011100101101000111100111
11010110011101010100011100101011110100011000101010001101	01111110111001000000100000001010011100101101010111110111
11110110011101011100011000111001111100011000101000001101	01101110111001100000101000001011111100101101010110110101
11010110011101011100011001100001110100011000101010001101	01101010111001100000100000001010011100111101010110110111
11010110010100011100011000101011110100011000001010001101	01101110111001100000100000001010011000100001010111110111
11010111011101011100011000101011110100011000101010001111	01101110111001100100110000001010011100101101010111110111
11010010011101011100011000100011110100010000101010001101	01101010111000100000100000001000011100101101010111110111
11010110011101011100011000101011110100010001101010000101	01101110111100100000100000001010011100001101010111110111
11010110011101011100011000101011110101011000101010001101	01101111111001100000100000001010011100101101010111110111
11010110011101011100111000011011110100001000101010001101	01101110111001100000101000000010001100101101110111110111
11011100011101011100111000101011110100011000101010001101	01101110111001100000000000001010011101101101110111110111
00010010011101011100011000101011110100011010101010001101	00101110111001100000100001001000011100101101010101110111
11010110011101011100011000101011110100011100101010011101	01101110111001110000100100001010011100101101010111110111
11010110011101001100011000101011110100011000101010001101	01101110111001100000100000001010011100101101010011110111
11010110001101011100011000101011110100011100101010001101	01101110111001110000100000001010011100101100010111110111
11000110011101010100011000101011110100011000101010001101	01101100111001000000100000001010011100101101010111110111
11010110011101011100011000101011110111011000001011101101	01101111111001100010100010011010011100101001010111110111
11010110011101011100110000111111110100111000001010001100	01001110111001100000101000001110011100101001111111110011
11010110011101011100011000101011110100011000101000101101	01101110111001100010100000001010011100101101010111110101
11010110011101010100011000101011110100011000101010001101	01101110111001000000100000001010011100101101010111110111
11010110011111011100011000101011110100011000101010001101	01101110111001100000100000001010011110101101010111110111
11010110011101011100011000101011110100011000101010001101	01101110111001100000100000001010011100101101010111110111
11010110011101011100011001101011110100011000001010001101	01101110111001100000100000001010011100111001010111110111
11010110011101011100011000101011110100011000101000001101	01101110111001100000100000001010011100101101010111110101
11010110011101011100011000101011110110011000101010101101	01101110111001100010100010001010011100101101010111110111
11010110011001011100011000101011110100111000101010001101	01101110011001100000100000001010011100101101011111110111
11010110011101011100011010101011110100011000101010001101	11101110111001100000100000001010011100101101010111110111
11010110111101011100011000000011010100011000101010011101	01101010111001101000100100000010011100101101010111110110
11010111011101011100011000101011110100011000101010001101	01101110111001100100100000001010011100101101010111110111
11011110011101011100011000101011110100011000101010001000	01001110111001100000100000001010010101101101010111110111
11010110011101001100011001101011110110011000101010001101	01101110111001100000100010001010011100111101010011110111
11010110011101011100011000101011110100011000101010001101	01101110111001100000100000001010011100101101010111110111
11010110011101111100011000101011110100011000101010001101	01101110111001100000100000001010011100101101010111111111
11010110011111011100011000101011110100010000101010001101	01101110111000100000100000001010011110101101010111110111
10010100011111111100011000101011110110011000101010001101	01101110111001100000000010001010011110101101010101111111
11010010011101011100011000101011110100011000101010011101	01101110111001100000100100001000011100101101010111110111
11000110111101011100011000101011110100011000101010101101	01101100111001101010100000001010011100101101010111110111
11010110011101011100011000001011110100011000001010001101	01101110111001100000100000000010011100101001010111110111
11010110111101011100011000111011110100001000101010011101	01101110111001101000101100001010001100101101010111110111
11010110011101011100011000101011110110011000101010001101	01101110111001100000100010001010011100101101010111110111
11010110011001011100011100101011010100111000101010001101	01111110011001100000100000001010011100101101011111110110
11010111011001011100011000101011110100011000101010001101	01101110011001100100100000001010011100101101010111110111
11010110011001011100011000101011100100011001101010001101	01100110011101100000100000001010011100101101010111110111
01010110011001011100011000101011110100011000101010011101	00101110011001100000100100001010011100101101010111110111
11010110011101011100011000100011110100111000101010001101	01101010111001100000100000001010011100101101011111110111
11010110011101011100011001100011110100011000101010001111	01101010111001100000110000001010011100111101010111110111
11010100011101011100011000101011110100011000101010001101	01101110111001100000000000001010011100101101010111110111
00010110011101011100011000101011110100011000101010001101	00101110111001100000100000001010011100101101010101110111
11010110011101011000011000101011110000011000101010001100	01001110101001100000100000001010011100101101010111100111
11010110011101011100011000101001110100011000101010001101	01101110111001100000100000001010011100101101010110110111
11010110110101011100011000101011110100011000101010001101	01101110111001101000100000001010011100100101010111110111
11010110011101011100011000101011110100011110101010001101	01101110111001110000100001001010011100101101010111110111
11010110011101011101011000101011110100001000101010001101	01101110111001100000100000101010001100101101010111110111
11010110011101011100011000101011110100011000101010001101	01101110111001100000100000001010011100101101010111110111
11010110011101011100011000101011110100011000001010001101	01101110111001100000100000001010011100101001010111110111
11010010011101011101011000101110110100011000001010001101	01101110111001100000100000101100011100101001000111110111
11010110011101011100011010101011110100011001101100001101	11101110111111100000100000001010011100101101010111110101
11010110011101011100011000101011110100011000101010001101	01101110111001100000100000001010011100101101010111110111
01010110011101010100011000001011110100011000101010000001	00101110111001000000100000000010010100001101010111110111
11010110011101011100011100101011110100011000101010001101	01111110111001100000100000001010011100101101010111110111
11010110011101011100011000101011110100011110101010001101	01101110111001110000100001001010011100101101010111110111
11010110011101011100011000101011110100011000101010001101	01101110111001100000100000001010011100101101010111110111
11010110011101001100011000101011110100010000101010001101	01101110111000100000100000001010011100101101010011110111
11010110011111011100011000101011110100011000101010001101	01101110111001100000100000001010011110101101010111110111
11010110011100011100011000101011110100011000101010001101	01101110111001100000100000001010011000101101010111110111
11010110011101011100011000101111110100011000100110001101	01101110110011100000100000001110011100101101010111110111
11010110011100011100011000001010110100011000101010001001	01101110111001100000100000000010010000101101000111110111
11010110011111011100011000101011110101011000101010001101	01101111111001100000100000001010011110101101010111110111
11010110011111011100011100101011110100011000100010001101	01111110110001100000100000001010011110101101010111110111
11010010011101011100011010101011110000011000101010001101	11101110111001100000100000001000011100101101010111100111
11010110011101011100011000101011110100011000101110001101	01101110111011100000100000001010011100101101010111110111
11010110011101011100011000101011110110011000101010001101	01101110111001100000100010001010011100101101010111110111
11010110011101011100011000101001110000011000101010001101	01101110111001100000100000001010011100101101010110100111
11010110111101011100011000101111110100011000101000001101	01101110111001101000100000001110011100101101010111110101
11010110011101010100011000101011110100011101101010101101	01101110111101010010100000001010011100101101010111110111
01010110011101011100111000101011110100011000101010001101	00101110111001100000100000001010011100101101110111110111
10010110011101011100011000101011110101011000101011001101	01101111111001100000100000011010011100101101010101110111
11010110011101011000011000101011110100011000101010001101	01101110101001100000100000001010011100101101010111110111
11000110011101011000011000101011110100011000001010001101	01101100101001100000100000001010011100101001010111110111
11010010011111011100011000101011110100010000100010001101	01101110110000100000100000001000011110101101010111110111
11010110011101011101011000101011110100011000101010001101	01101110111001100000100000101010011100101101010111110111
11010110011101011100011000101011110100011000101010001001	01101110111001100000100000001010010100101101010111110111
11010110011101011100011000101011110100011000101000000101	01101110111001100000100000001010011100001101010111110101
11010010011101011100011000111111110100111000101010001101	01101110111001100000101000001100011100101101011111110111
11010110011101011100011000101011110100011000111010001101	01101110111001100000100000001010011100101111010111110111
11010110011110011100011000101011110000011100101010001101	01101110111001110000100000001010011010101101010111100111
11010110010100011100011000101011111100011000101010001101	01101110111001100000100000001011011000100101010111110111
11010110011101011100011000101011110100001000101011001101	01101110111001100000100000011010001100101101010111110111
11010110011101011101001000101011110100011100101010001101	01101110111001110000100000101010011100101101010111010111
11010110011101011100111000101011111100011000101010001101	01101110111001100000100000001011011100101101110111110111
11011110011101011100011000111011100100011000101010001101	01100110111001100000101000001010011101101101010111110111
11010110011101011100011000101011110100010000101010001101	01101110111000100000100000001010011100101101010111110111
11010110011100001100011000101011110100011000101010001101	01101110111001100000100000001010011000101101010011110111
11010110011101011100011000101011110100011010101010001101	01101110111001100000100001001010011100101101010111110111
11110110011101011100011000101011110100011000101010001101	01101110111001100000100000001010111100101101010111110111
11010100011101011100011000100011110100011000101010001101	01101010111001100000000000001010011100101101010111110111
11010100011101011100011000101011110100011000101010001100	01001110111001100000000000001010011100101101010111110111
11010110011101011100011000101010110100011000001010001101	01101110111001100000100000001010011100101001000111110111
10010110011100011100011000101011110101011000101010001101	01101111111001100000100000001010011000101101010101110111
11010110011111011100011000101001110100010000101010000100	01001110111000100000100000001010011110001101010110110111
11110110011101011100011000101001110100011001101010001001	01101110111101100000100000001010110100101101010110110111
11010110011101011100011000101111110100011000101010001101	01101110111001100000100000001110011100101101010111110111
11010110011101011100011100101011110100011000101010001101	01111110111001100000100000001010011100101101010111110111
11010110011101011100011000101000010100011000101010001100	01001110111001100000100000001010011100101101000110110110
11010110011101011100001000101011110100011000101010001101	01101110111001100000100000001010011100101101010111010111
11010110011011001000011000001011110100011001101011001101	01101110001101100000100000010010011110101101010011110111
11010110111111011100011000101011110101011000101010001101	01101111111001101000100000001010011110101101010111110111
11110010011101011100011000101010110100011000101010001101	01101110111001100000100000001000111100101101000111110111
11010110011101011100011000101011100100011000101010001101	01100110111001100000100000001010011100101101010111110111
11000110011101011000011000101011110100001000101000001001	01101100101001100000100000001010000100101101010111110101
11010110011101011100011000101011110000011000001010001111	01101110111001100000110000001010011100101001010111100111
11011110011101011100001000101011110110011000101010011101	01101110111001100000100110001010011101101101010111010111
11010110011101011100011000101011110100011111101011001101	01101110111101110000100001011010011100101101010111110111
11010110011101011100011100101011110100001000101010001101	01111110111001100000100000001010001100101101010111110111
11010110011101011100011000101011110100011000101010001101	01101110111001100000100000001010011100101101010111110111
11010110001101011100011000101011110100011000100010001101	01101110110001100000100000001010011100101100010111110111
11010110011101011100011000101011110100011000101010011101	01101110111001100000100100001010011100101101010111110111
11010110011101011110011000001011010100011000100010001101	01101110110001100001100000000010011100101101010111110110
11010110011101011100011000001011110100011000101010001101	01101110111001100000100000000010011100101101010111110111
11010110011100011100011000101011110100011000101010000101	01101110111001100000100000001010011000001101010111110111
11010110011101011100011010101011110100011000101010001101	11101110111001100000100000001010011100101101010111110111
11010110011101001100011000101011110100011000101110101101	01101110111011100010100000001010011100101101010011110111
11010110011101011100011000101011110100111000101010011101	01101110111001100000100100001010011100101101011111110111
11010100011101011100010000101011110100011000101010001101	01101110111001100000000000001010011100101101010111110011
11000110011101010100011000101111110100011000101010001101	01101100111001000000100000001110011100101101010111110111
10010111011101011110011010101011110100011000101010001101	11101110111001100101100000001010011100101101010101110111
11010110011101011100011000101011110100011000101010001101	01101110111001100000100000001010011100101101010111110111
11010110011101011100011000101011110100011000101010000101	01101110111001100000100000001010011100001101010111110111
11010110011101011100011000101011110100011000101010001101	01101110111001100000100000001010011100101101010111110111
11110110011111011100011000101011110100011000101010001101	01101110111001100000100000001010111110101101010111110111
11010110011101011100011000101011110100011000101010001101	01101110111001100000100000001010011100101101010111110111
11010110011100011100011000101011110100011000101010001101	01101110111001100000100000001010011000101101010111110111
11010110011101011100011000001011110100011000100010001101	01101110110001100000100000000010011100101101010111110111
11010110010101011100011000101011110100011000101010001101	01101110111001100000100000001010011100100101010111110111
11010110011101011100011000101011110100011001101000001101	01101110111101100000100000001010011100101101010111110101
11010110011101011101001000101011110100011000101010001101	01101110111001100000100000101010011100101101010111010111
11010110011101011100011000101011010101011000101010001101	01101111111001100000100000001010011100101101010111110110
11010110011101011100001000001011110100011100101000001101	01101110111001110000100000000010011100101101010111010101
11010110011101011100011001101011110100011000101010001101	01101110111001100000100000001010011100111101010111110111
11010010011101011100011000101011110110011000101010011101	01101110111001100000100110001000011100101101010111110111
11010110010101011100011000101110110100011011101110001101	01101110111111100000100001001110011100100101000111110111
11010110011101011100011000001011110100011000101010001101	01101110111001100000100000000010011100101101010111110111
11010110010101011101011000101011111100111000111010001101	01101110111001100000100000101011011100100111011111110111
11010111011101011100011000101011110100011000101010001101	01101110111001100100100000001010011100101101010111110111
11011110011101011100011000101011100100011000101010001101	01100110111001100000100000001010011101101101010111110111
11010110011101011100011000101011111100011000101110001100	01001110111011100000100000001011011100101101010111110111
11010110011101011100011000101011110101011000101011001101	01101111111001100000100000011010011100101101010111110111
11010110011101011100111001101011010100011000101010001101	01101110111001100000100000001010011100111101110111110110
11010110011101011100011000101011110100011000101010001101	01101110111001100000100000001010011100101101010111110111
11010110011101011100011000101010110100001000101010001101	01101110111001100000100000001010001100101101000111110111
11010110011001011100011000101011110000011000101010001101	01101110011001100000100000001010011100101101010111100111
11010110011101011100011000101010111100011000101010001001	01101110111001100000100000001011010100101101000111110111
11010110011101011100011000111011100100011000101010001101	01100110111001100000101000001010011100101101010111110111
11010110011101011000011000101011110100011000111010001100	01001110101001100000100000001010011100101111010111110111
11010110011101011110011000101011110100011000101010001101	01101110111001100001100000001010011100101101010111110111
11000110011101011100001000101011110100011000101010101001	01101100111001100010100000001010010100101101010111010111
11010100011101011100011000101011110100011000011010001101	01101110111001100000000000001010011100101011010111110111
10010111011101010100011000101011110100011000101010001111	01101110111001000100110000001010011100101101010101110111
11110110011101011100011000101011110100011000101010001101	01101110111001100000100000001010111100101101010111110111
11010110011101011100011001101111110000011000101011001101	01101110111001100000100000011110011100111101010111100111
11010110011101011110010000101011110100011000101010001101	01101110111001100001100000001010011100101101010111110011
11010110011101011100011000111011110100011000111010001101	01101110111001100000101000001010011100101111010111110111
11010110011100011100011000101011110100111000101010001101	01101110111001100000100000001010011000101101011111110111
11010110011101011100010000101011110100011000101010001101	01101110111001100000100000001010011100101101010111110011
11010110011101011100011000101011110000011000101010011101	01101110111001100000100100001010011100101101010111100111
11010110011101011100011000101011110101011000101010101101	01101111111001100010100000001010011100101101010111110111
11010100111101011100011000101101110100011000101010001101	01101110111001101000000000001110011100101101010110110111
10010010011111001100011000101011110100110000101010001101	01101110111000100000100000001000011110101101011001110111
11010110011101111100011000100011111100011000101010001101	01101010111001100000100000001011011100101101010111111111
11010110011101011100011000101011110100011000101010001101	01101110111001100000100000001010011100101101010111110111
11010110011101011000011000101011110100111010101010001100	01001110101001100000100001001010011100101101011111110111
11110110011100011100011000101011110100011000101010001101	01101110111001100000100000001010111000101101010111110111
11010110011100111000011000101011110100011000101010001101	01101110101001100000100000001010011000101101010111111111
11010110011100011100011000001011110110111000101010001101	01101110111001100000100010000010011000101101011111110111
11010110011101011100011000101001110100011000101110001101	01101110111011100000100000001010011100101101010110110111
11010110011101011100011000101011110100011100101000001101	01101110111001110000100000001010011100101101010111110101
11010111011101010100111000101011100100011000101010001101	01100110111001000100100000001010011100101101110111110111
11010110010101011101011000101011110100011000101010001101	01101110111001100000100000101010011100100101010111110111
11010110011101011100011000101011110100011000101010001101	01101110111001100000100000001010011100101101010111110111
11010110011101011100011000101011111100011100101010001101	01101110111001110000100000001011011100101101010111110111
11010110011101011100011000101011110100011000101010001101	01101110111001100000100000001010011100101101010111110111
11010110011101011100011000101011110100011000101010001101	01101110111001100000100000001010011100101101010111110111
11010110011101011100011000101011110100111000101010001101	01101110111001100000100000001010011100101101011111110111
11010110011101011100011000101011110100011000101010001101	01101110111001100000100000001010011100101101010111110111
